essay_id,score,grade,ell,prompt_id,word_count,token_count,regime,burn_in_used,half_life,half_life_128,delta_max,delta_128,ppl_W32,ppl_W64,ppl_W128,ppl_W256,ppl_W384,ppl_W512,score_bin
2BB4BFD96ABE,1,9,non_ELL,Does the electoral college work?,330,425,short,128,70.98142153988093,70.98142153988093,0.8123312632611395,0.8123312632611395,10.378549568028616,10.022115332129147,9.566218304767476,,,,low
A8BBE9026DC2,1,10,non_ELL,Car-free cities,359,511,short,128,55.54108894964874,55.54108894964874,4.557692059098166,4.557692059098166,23.75968146371657,20.66198818786415,19.201989404618406,,,,low
1909DEE8C6B8,2,10,non_ELL,Car-free cities,673,826,extended,512,226.05355965502758,95.72379531253412,7.543444299818496,2.0585921709860386,19.30371860062562,19.286102130141785,17.24512642963958,15.008791123979645,11.995734998556607,11.760274300807122,low
F737FB396F2E,1,10,ELL,Distance learning,356,446,short,128,77.87971498220189,77.87971498220189,1.2747236471950156,1.2747236471950156,11.457877844412206,10.997019415576487,10.18315419721719,,,,low
3BBD17BCB443,1,10,non_ELL,Exploring Venus,515,735,main,384,61.53175827660921,49.39335717098787,1.7733693743715353,1.0444636122112083,12.099201171309877,11.138408057531132,11.054737559098669,10.305626218397949,10.325831796938342,,low
2E4A8624CB67,2,10,ELL,Exploring Venus,356,427,short,128,74.96465276624237,74.96465276624237,2.92857061157628,2.92857061157628,29.801597276934956,28.640041768651727,26.873026665358676,,,,low
E2BB0AA98EA5,2,8,ELL,Mandatory extracurricular activities,376,416,short,128,57.056705778846315,57.056705778846315,1.3784649518161238,1.3784649518161238,13.042168966304333,12.161947941891862,11.663704014488209,,,,low
78F22782F4A4,2,6,non_ELL,"""A Cowboy Who Rode the Waves""",308,415,short,128,80.76638196952871,80.76638196952871,4.276214742996553,4.276214742996553,12.66013129190214,11.280981763931301,8.383916548905587,,,,low
C25E3A9AA408,1,12,ELL,Distance learning,382,467,short,128,54.20289759107086,54.20289759107086,6.60291935298828,6.60291935298828,43.48625064713111,38.728010907724325,36.88333129414283,,,,low
8.06101E+11,1,10,non_ELL,Car-free cities,360,482,short,128,51.96576777117188,51.96576777117188,2.401500248114681,2.401500248114681,17.445585014764998,15.521090830007704,15.044084766650316,,,,low
2BB9A0AD9F82,2,9,non_ELL,Does the electoral college work?,340,407,short,128,74.17871369447163,74.17871369447163,0.8106715261695872,0.8106715261695872,10.73803795376541,10.409359531405425,9.927366427595823,,,,low
3DC3405DF531,2,11,ELL,Distance learning,606,652,main,384,162.24289254062109,101.75716145158451,2.5782521268233047,0.8865488227508536,21.82630732567701,22.0207986608225,20.939758502926157,19.4349239816177,19.248055198853706,,low
42C45E57A06D,2,9,non_ELL,Does the electoral college work?,375,433,short,128,56.15951878238721,56.15951878238721,3.0867616389908576,3.0867616389908576,24.250584274584174,22.206330551291526,21.163822635593316,,,,low
A66B88F03338,2,10,non_ELL,Car-free cities,625,760,main,384,121.13852546047465,80.18599784204812,2.4879294639663474,1.340120708318766,14.322804644590322,13.879573147187955,12.982683936271556,12.044593790192415,11.834875180623975,,low
63587869CADC,1,9,non_ELL,Does the electoral college work?,511,703,main,384,84.38834987544153,57.06712047350128,1.1781440393789193,0.7817637118322782,11.404283636332753,10.905294556093601,10.622519924500475,10.608463992074936,10.226139596953834,,low
D23F65F4652B,2,8,non_ELL,The Face on Mars,332,444,short,128,68.2827461170977,68.2827461170977,1.7008903780877187,1.7008903780877187,15.257997980998638,14.468544223984187,13.55710760291092,,,,low
F91D7BB4277C,1,10,non_ELL,Car-free cities,304,405,short,128,75.95142752190195,75.95142752190195,1.1898885670589934,1.1898885670589934,22.701528821221757,22.243196036252854,21.511640254162764,,,,low
BA72320741A4,2,10,non_ELL,Car-free cities,471,595,short,128,68.91010711290393,68.91010711290393,1.30637259296679,1.30637259296679,10.457895859866854,9.858986437544367,9.151523266900064,,,,low
FF7AFA7FF8B6,1,10,ELL,Car-free cities,411,573,short,128,77.71956765556143,77.71956765556143,1.6502240412428861,1.6502240412428861,22.41259131581909,21.81262016337447,20.762367274576203,,,,low
6DC53CAA1B35,2,8,ELL,Mandatory extracurricular activities,308,432,short,128,88.77577954875001,88.77577954875001,5.300291663884742,5.300291663884742,24.962476988614696,23.986282305958976,19.662185324729954,,,,low
1BE638E9C951,2,8,ELL,Mandatory extracurricular activities,413,527,short,128,91.62867130993023,91.62867130993023,0.6111480841302566,0.6111480841302566,10.768262217841059,10.694810703963064,10.157114133710802,,,,low
174082DA0A66,2,10,non_ELL,Driverless cars,354,413,short,128,63.03529093057152,63.03529093057152,3.21305499304734,3.21305499304734,22.64330358769371,20.986838371892663,19.43024859464637,,,,low
2E7A3C2D1DF1,2,9,non_ELL,Does the electoral college work?,333,444,short,128,49.42446270548014,49.42446270548014,0.20454663218296787,0.20454663218296787,5.973588240605338,5.785763446794153,5.76904160842237,,,,low
FE409DDFA2C2,2,10,non_ELL,Car-free cities,403,518,short,128,61.94977177910343,61.94977177910343,1.8192665756972737,1.8192665756972737,20.042708291001116,19.070805552447833,18.223441715303842,,,,low
A8411CE08C68,1,9,non_ELL,Does the electoral college work?,334,471,short,128,99.97656654602969,99.97656654602969,0.24994868002889437,0.24994868002889437,6.493841805181865,6.529309891591039,6.243893125152971,,,,low
3AFA0A3CEEDE,2,6,non_ELL,"""A Cowboy Who Rode the Waves""",321,423,short,128,94.51237307549474,94.51237307549474,0.5691796066774248,0.5691796066774248,9.755225480596724,9.72994071169741,9.1860458739193,,,,low
3D7740BCAA23,1,9,non_ELL,Does the electoral college work?,489,632,short,128,49.78952473449694,49.78952473449694,0.8889177644311257,0.8889177644311257,16.496274362235216,15.696776655401159,15.60735659780409,,,,low
2DEC6F2AE21A,2,9,non_ELL,Does the electoral college work?,334,440,short,128,89.23856640677883,89.23856640677883,2.5011255243578043,2.5011255243578043,10.11760474430524,9.681315562673596,7.616479219947435,,,,low
30C6A72F5821,1,9,non_ELL,Does the electoral college work?,329,466,short,128,74.77958941319396,74.77958941319396,1.1224992148711213,1.1224992148711213,8.607426519332869,8.159855860627019,7.484927304461747,,,,low
009F4E9310CB,2,8,ELL,Seeking multiple opinions,396,446,short,128,82.16492976578523,82.16492976578523,2.436710579352983,2.436710579352983,18.035550292089958,17.300042266607814,15.598839712736975,,,,low
5B2EAD37D5A8,2,8,non_ELL,The Face on Mars,311,409,short,128,87.35224049622592,87.35224049622592,1.7483339067069608,1.7483339067069608,16.546306632277034,16.17435080144971,14.797972725570073,,,,low
836FC7F5F535,2,8,non_ELL,Mandatory extracurricular activities,399,552,short,128,60.724207062750565,60.724207062750565,0.6497250632958647,0.6497250632958647,7.954585069148941,7.59267426026138,7.304860005853076,,,,low
076DBAE9AA98,2,8,non_ELL,Grades for extracurricular activities,318,455,short,128,80.0861499901558,80.0861499901558,0.5470817931938443,0.5470817931938443,6.8973782688625125,6.715673446598915,6.350296475668668,,,,low
915D19B0AB77,1,9,ELL,Does the electoral college work?,466,633,short,128,85.5187324811559,85.5187324811559,0.6646395237125251,0.6646395237125251,7.185388262943831,7.021403875035961,6.520748739231306,,,,low
2414D2AF4D56,2,10,ELL,Exploring Venus,310,434,short,128,84.15344726717301,84.15344726717301,8.58007480967175,8.58007480967175,26.768075461415606,24.449893019486073,18.188000651743856,,,,low
913FE4438522,1,10,non_ELL,Car-free cities,304,452,short,128,90.56070144101648,90.56070144101648,6.0700175866153945,6.0700175866153945,21.538983376812965,20.657112209812713,15.46896579019757,,,,low
56C208138AC9,2,6,non_ELL,"""A Cowboy Who Rode the Waves""",348,422,short,128,51.921286687138945,51.921286687138945,1.9498421466906386,1.9498421466906386,22.360778711451715,20.794741595626704,20.410936564761077,,,,low
1840AEC2DC71,2,9,non_ELL,Does the electoral college work?,501,682,main,384,85.38758811253085,50.51821530266492,3.469581827993059,1.9074996644431508,13.738203958218884,12.090097262607761,11.830704293775733,10.899564139224703,10.268622130225825,,low
2D976D9E1787,2,8,non_ELL,Seeking multiple opinions,382,406,short,128,56.18087075495019,56.18087075495019,2.508030009648997,2.508030009648997,8.648687485281624,6.989174039258632,6.140657475632627,,,,low
ACCEC5D34B36,1,10,non_ELL,Facial action coding system,329,431,short,128,61.82395784352548,61.82395784352548,1.9574024667102563,1.9574024667102563,32.67498801616398,31.624877912344775,30.717585549453723,,,,low
80875397FA07,2,8,non_ELL,Cell phones at school,413,471,short,128,78.16441730916671,78.16441730916671,1.4231355600186593,1.4231355600186593,14.577912445109796,14.068588572678243,13.154776885091136,,,,low
83CD371891D3,2,6,non_ELL,"""A Cowboy Who Rode the Waves""",338,441,short,128,60.59491105461923,60.59491105461923,2.944577587983037,2.944577587983037,15.27487829841989,13.627268997669228,12.330300710436854,,,,low
0E6BB199BF93,2,8,ELL,Mandatory extracurricular activities,391,458,short,128,53.07184107079793,53.07184107079793,2.280970894752972,2.280970894752972,18.379883301967794,16.647925748120056,16.098912407214822,,,,low
75F091D09CAB,2,10,non_ELL,Facial action coding system,351,435,short,128,56.41882234238163,56.41882234238163,1.9693607025051314,1.9693607025051314,21.167615593487287,19.87722694172199,19.198254890982156,,,,low
443033444A5F,1,8,non_ELL,Seeking multiple opinions,514,568,short,128,50.97625598897406,50.97625598897406,1.0811141017420436,1.0811141017420436,14.553053918938852,13.641502892333637,13.471939817196809,,,,low
A2241CFE26C1,2,10,non_ELL,Car-free cities,500,699,main,384,156.045945555478,97.44120298334657,1.8255074480887554,0.733956000583607,11.63945699040659,11.674071559072685,10.905500989822983,10.089478989148857,9.813949542317834,,low
AFD739EDDEA9,1,10,ELL,Facial action coding system,423,535,short,128,59.0887177315277,59.0887177315277,8.558964098482726,8.558964098482726,26.907075721828384,21.851708135479345,18.34811162334566,,,,low
AE5863E389D5,2,10,non_ELL,Car-free cities,345,417,short,128,81.70601147549233,81.70601147549233,2.4619625193061996,2.4619625193061996,14.354452701644401,13.594283506456115,11.892490182338202,,,,low
44D3C95615CA,1,10,non_ELL,Facial action coding system,274,407,short,128,52.793529591837796,52.793529591837796,5.959542326412322,5.959542326412322,25.254133473102087,20.668443641009972,19.294591146689765,,,,low
30A900519B84,1,10,ELL,Facial action coding system,349,491,short,128,89.3157013568087,89.3157013568087,1.4122478207637776,1.4122478207637776,18.23207557963203,17.98805186656821,16.819827758868254,,,,low
F772E0A3152A,2,9,non_ELL,Does the electoral college work?,339,414,short,128,56.45283398696745,56.45283398696745,1.5799928817791073,1.5799928817791073,12.195440152905475,11.161617810597868,10.615447271126367,,,,low
6A97E65BBE95,1,10,ELL,Exploring Venus,364,510,short,128,64.77386256347366,64.77386256347366,1.0180004869613413,1.0180004869613413,15.193859490631441,14.691089205981074,14.1758590036701,,,,low
CC82A1D80D1A,2,10,non_ELL,Car-free cities,698,941,extended,512,212.2971955374269,86.45951466818033,1.4675515086621722,0.4721674542868737,13.028732897121584,12.920291538389169,12.55656544283471,12.159329660645588,11.887102826493193,11.561181388459412,low
2387E5E90FE1,2,10,non_ELL,Driverless cars,372,452,short,128,55.69663079451206,55.69663079451206,2.2236964066471483,2.2236964066471483,12.777801487782922,11.27635840016077,10.554105081135774,,,,low
BB3A6C2D0B65,2,9,non_ELL,Does the electoral college work?,362,495,short,128,82.26496286760738,82.26496286760738,0.7414590572421922,0.7414590572421922,6.996178067791215,6.773504854388325,6.254719010549023,,,,low
BF3728CF3A98,2,10,non_ELL,Car-free cities,470,616,short,128,84.37398768782543,84.37398768782543,1.0220801101009656,1.0220801101009656,13.523713854966706,13.251337001931562,12.50163374486574,,,,low
C6C49435744E,2,10,non_ELL,Facial action coding system,376,447,short,128,59.881393697156184,59.881393697156184,1.647169698725735,1.647169698725735,10.903844103804332,9.958600280418995,9.256674405078597,,,,low
9A95F4DC5098,2,10,non_ELL,Car-free cities,368,448,short,128,77.27630554170237,77.27630554170237,0.35450933387284955,0.35450933387284955,8.844643816667066,8.713783387020976,8.490134482794216,,,,low
4E0C8B6B069B,1,9,non_ELL,Does the electoral college work?,334,430,short,128,56.110677659601706,56.110677659601706,2.542001890305791,2.542001890305791,20.711817032744037,19.02492830986753,18.169815142438246,,,,low
F76B24B4AB78,2,10,ELL,Exploring Venus,328,434,short,128,55.079114014967686,55.079114014967686,2.3189528840728304,2.3189528840728304,14.2344352633486,12.62678056217149,11.915482379275769,,,,low
67569429BA4F,2,9,non_ELL,Does the electoral college work?,325,439,short,128,51.99989774187807,51.99989774187807,0.6675164838071144,0.6675164838071144,4.744174515872444,4.210158598453513,4.07665803206533,,,,low
44E1D37DCE9B,1,9,ELL,Does the electoral college work?,398,509,short,128,49.9345691051136,49.9345691051136,2.326116517535505,2.326116517535505,8.096382791854122,6.021180200565976,5.770266274318617,,,,low
216896F62055,1,10,non_ELL,Facial action coding system,307,427,short,128,56.10785309473063,56.10785309473063,0.9596921328774819,0.9596921328774819,22.29430447050253,21.657372012614115,21.33461233762505,,,,low
B39FCEF07F51,1,9,non_ELL,Does the electoral college work?,378,436,short,128,60.91940357541022,60.91940357541022,0.6935875144620773,0.6935875144620773,13.219116766753508,12.835381320672967,12.525529252291431,,,,low
B13B81A12D38,2,6,non_ELL,"""A Cowboy Who Rode the Waves""",383,507,short,128,70.98615852074767,70.98615852074767,8.358369068123515,8.358369068123515,40.07559577801093,36.40850523524841,31.717226709887413,,,,low
6E919842050C,2,9,non_ELL,Does the electoral college work?,374,515,short,128,62.871611050123306,62.871611050123306,0.8912875588136284,0.8912875588136284,11.30715832155004,10.845225806338428,10.41587076273641,,,,low
CDC867E947A2,2,10,non_ELL,Car-free cities,412,582,short,128,89.61145705535289,89.61145705535289,0.9652973350639531,0.9652973350639531,11.21874112448679,11.058098312690014,10.253443789422837,,,,low
64183B7D3207,2,10,non_ELL,Car-free cities,586,919,extended,512,121.78790922605381,79.09891069949624,1.7749336991005107,0.9476592214440771,9.003965716315635,8.676437774562665,8.056306494871558,7.367791371941647,7.285190093725736,7.229032017215125,low
41F94D05D278,2,9,non_ELL,Does the electoral college work?,306,402,short,128,45.37352438557601,45.37352438557601,0.3250720449857134,0.3250720449857134,9.424506105486085,9.035591966638654,9.099434060500371,,,,low
EB13EC9C3AB5,2,8,non_ELL,Mandatory extracurricular activities,366,419,short,128,55.03665128962953,55.03665128962953,0.8822492467174605,0.8822492467174605,9.222289928671849,8.609527779781137,8.340040681954388,,,,low
B7AE34990F95,2,10,ELL,Exploring Venus,307,418,short,128,60.91595670858706,60.91595670858706,1.904603220890543,1.904603220890543,17.67905815436608,16.625188422807135,15.774454933475536,,,,low
211941CEE73C,2,10,non_ELL,Car-free cities,476,598,short,128,59.757366928578705,59.757366928578705,0.7787017018557378,0.7787017018557378,11.65447622517006,11.205614225335921,10.875774523314321,,,,low
14EE006078C4,2,11,ELL,Distance learning,536,619,short,128,55.56450645894257,55.56450645894257,3.4345101861040916,3.4345101861040916,21.04219103988299,18.71020233163608,17.6076808537789,,,,low
5D934B4BED8F,1,10,non_ELL,Car-free cities,297,429,short,128,71.37385752369474,71.37385752369474,2.1950047214161508,2.1950047214161508,11.425787016113597,10.471201437052203,9.230782294697446,,,,low
C0E55316F183,2,9,non_ELL,Does the electoral college work?,471,585,short,128,58.79248331490638,58.79248331490638,1.089024516295991,1.089024516295991,12.211230233958922,11.560883938845562,11.122205717662931,,,,low
ACAB1FCA0A30,2,9,non_ELL,Does the electoral college work?,349,439,short,128,54.28783941000882,54.28783941000882,0.9320245595729642,0.9320245595729642,12.905924941691664,12.236842906468874,11.9739003821187,,,,low
8B05C662379D,2,8,non_ELL,Grades for extracurricular activities,463,513,short,128,56.541204668546285,56.541204668546285,1.573917756095625,1.573917756095625,28.00829697662866,26.982158103755566,26.434379220533035,,,,low
A15A51E83757,2,9,non_ELL,Does the electoral college work?,401,507,short,128,90.55278211301412,90.55278211301412,0.7463752692477899,0.7463752692477899,8.32105917016784,8.212488522027291,7.574683900920051,,,,low
2E0AF5C8526F,2,10,non_ELL,Facial action coding system,325,421,short,128,88.22283393580331,88.22283393580331,1.5849156000952345,1.5849156000952345,11.809663030593114,11.499782940096386,10.22474743049788,,,,low
302E9406768D,2,6,non_ELL,"""A Cowboy Who Rode the Waves""",316,418,short,128,72.3556492521215,72.3556492521215,3.224655034962332,3.224655034962332,19.204085898936214,17.833868191966765,15.979430863973882,,,,low
3C0AD7817D49,2,10,non_ELL,Facial action coding system,384,438,short,128,78.8469770671447,78.8469770671447,2.1949929145694522,2.1949929145694522,10.636269723397994,9.87027891439939,8.441276808828542,,,,low
1DEDB886B240,2,10,ELL,Facial action coding system,273,436,short,128,93.78561809413861,93.78561809413861,6.47087511009423,6.47087511009423,32.19493277901396,31.776132614851807,25.72405766891973,,,,low
1BB1E58F694A,2,8,non_ELL,Mandatory extracurricular activities,378,509,short,128,91.00527494271154,91.00527494271154,0.6873143114911389,0.6873143114911389,3.958188286371992,3.8653927321809114,3.2708739748808533,,,,low
F33EB52BBB43,2,9,non_ELL,Does the electoral college work?,500,663,main,384,299.7178433165884,44.933874956014236,2.1280801571483323,0.26593622805219574,13.89692329561717,13.56794380081723,13.630987067564975,13.384809499760346,11.768843138468839,,low
D4CAF981DE04,2,10,non_ELL,Exploring Venus,483,564,short,128,77.83657781394169,77.83657781394169,1.229530931068087,1.229530931068087,18.525281957311513,18.080087263277786,17.295751026243426,,,,low
828FD0B64062,1,9,non_ELL,Does the electoral college work?,387,589,short,128,93.32338697461633,93.32338697461633,0.9187882234007692,0.9187882234007692,10.157742550961405,10.086823268143231,9.238954327560636,,,,low
9A12F67BA18B,2,9,non_ELL,Does the electoral college work?,353,478,short,128,64.43629152746954,64.43629152746954,3.0167216642413237,3.0167216642413237,16.744125095504955,15.246117420354446,13.727403431263632,,,,low
C94D88474063,2,10,non_ELL,Car-free cities,482,693,main,384,199.31807153161958,89.38711618814573,3.340061540602022,1.2766098516809965,13.178459525617376,12.959825955968189,11.901849673936379,11.195747048025705,9.838397985015353,,low
25A752FB734B,1,9,non_ELL,Does the electoral college work?,330,467,short,128,96.60762023436573,96.60762023436573,2.764029272406413,2.764029272406413,18.759172092302567,18.812671703572303,15.995142819896154,,,,low
F45B396E0A01,1,9,non_ELL,Does the electoral college work?,363,443,short,128,51.98907752621141,51.98907752621141,1.2536833454189136,1.2536833454189136,17.865441593676405,16.861946885108708,16.61175824825749,,,,low
C50FE04C4D29,1,6,non_ELL,"""A Cowboy Who Rode the Waves""",559,656,main,384,107.93466188093944,77.66799765505816,5.407673267434278,3.376966830313677,15.694172980608174,14.46420872391449,12.317206150294497,11.063762539698347,10.286499713173896,,low
9CE836599EEE,2,9,non_ELL,Does the electoral college work?,456,606,short,128,55.49325520721996,55.49325520721996,0.4124156676564761,0.4124156676564761,4.672781863052779,4.391907602576703,4.260366195396303,,,,low
85B3EE483BEF,2,8,non_ELL,Seeking multiple opinions,415,460,short,128,57.857632911413134,57.857632911413134,0.31678709746864087,0.31678709746864087,6.668386400773948,6.472367160464405,6.351599303305307,,,,low
41A11AE8C5A8,2,6,non_ELL,"""A Cowboy Who Rode the Waves""",278,402,short,128,91.25403285959572,91.25403285959572,2.18101375579341,2.18101375579341,13.938325961847829,13.656634651935788,11.757312206054419,,,,low
373533CF5190,2,10,non_ELL,Driverless cars,307,412,short,128,64.57490835254974,64.57490835254974,0.4485741844120934,0.4485741844120934,8.722406662353414,8.500152590823081,8.27383247794132,,,,low
D3E0089B305C,1,10,non_ELL,Facial action coding system,332,442,short,128,55.65616700874948,55.65616700874948,1.5954468525469956,1.5954468525469956,21.116432804950435,20.037342112391894,19.52098595240344,,,,low
1289C8AF32C4,2,10,ELL,Exploring Venus,403,528,short,128,84.37486789717818,84.37486789717818,2.009268517029902,2.009268517029902,20.140617078868676,19.605191492409475,18.131348561838774,,,,low
F36CC3998B8C,2,9,non_ELL,Does the electoral college work?,309,480,short,128,62.73851101574675,62.73851101574675,2.7217120663026364,2.7217120663026364,17.430940721283427,16.01423602018279,14.709228654980791,,,,low
17C688FD8337,1,9,non_ELL,Does the electoral college work?,417,585,short,128,57.53611728352795,57.53611728352795,1.0919039641718395,1.0919039641718395,11.131912945334829,10.447765734042893,10.04000898116299,,,,low
3CA8BC5FDD12,2,8,non_ELL,Mandatory extracurricular activities,409,490,short,128,47.92900953103346,47.92900953103346,1.108972400062532,1.108972400062532,10.210875537949235,9.09696080480579,9.101903137886703,,,,low
01B52B1D14F8,2,10,ELL,Facial action coding system,377,501,short,128,48.90514475955081,48.90514475955081,1.340500430478949,1.340500430478949,9.358563083264002,8.089836480047795,8.018062652785053,,,,low
BFDD411D610F,2,10,non_ELL,Car-free cities,380,470,short,128,77.3516529427475,77.3516529427475,2.197536006647276,2.197536006647276,36.50687568688878,35.69775917067863,34.30933968024151,,,,low
DA06C685218C,2,8,non_ELL,Mandatory extracurricular activities,315,410,short,128,55.938428830649485,55.938428830649485,1.5730898891497933,1.5730898891497933,13.904243970217127,12.852819985608285,12.331154081067334,,,,low
4585DE769AE9,1,12,ELL,Distance learning,421,500,short,128,57.478881906994886,57.478881906994886,6.4195254244212485,6.4195254244212485,15.172936253269924,11.141660188422602,8.753410828848676,,,,low
A1F48D16C67B,1,10,ELL,Facial action coding system,473,580,short,128,59.227156798704115,59.227156798704115,1.6916536321637103,1.6916536321637103,28.344716747097085,27.350618894180336,26.653063114933374,,,,low
31DDE751E2BD,2,8,non_ELL,The Face on Mars,356,503,short,128,79.37350076294355,79.37350076294355,1.630931142724176,1.630931142724176,33.13250532645374,32.574853103372654,31.501574183729563,,,,low
EC3DD758D9F0,1,10,non_ELL,Exploring Venus,453,588,short,128,58.79690407898077,58.79690407898077,0.4315518060591419,0.4315518060591419,10.554447564274028,10.296774928786173,10.122895758214886,,,,low
687134C8A628,2,10,ELL,Car-free cities,347,499,short,128,54.71327761153414,54.71327761153414,1.7658427888602972,1.7658427888602972,28.165608023848815,26.921688713523597,26.399765234988518,,,,low
9FECD0D50903,2,8,non_ELL,Mandatory extracurricular activities,412,446,short,128,78.40120532962312,78.40120532962312,1.51735989467128,1.51735989467128,17.940184375230476,17.40179013793395,16.422824480559196,,,,low
4195C11B8348,1,9,non_ELL,Does the electoral college work?,503,568,short,128,71.17005395510226,71.17005395510226,1.7932372198591011,1.7932372198591011,10.413539228613413,9.630044143475962,8.620302008754312,,,,low
C71DC2FEAD0C,2,10,non_ELL,Facial action coding system,318,401,short,128,78.89575657840095,78.89575657840095,2.897732194814953,2.897732194814953,14.130301408786995,13.120948379860815,11.232569213972042,,,,low
7214C472823B,2,8,non_ELL,Mandatory extracurricular activities,445,524,short,128,54.50521150801109,54.50521150801109,1.2277309491469381,1.2277309491469381,13.597521818854922,12.724670871448428,12.369790869707984,,,,low
49EC678EC9BB,2,9,non_ELL,Does the electoral college work?,478,619,short,128,93.87111540002435,93.87111540002435,0.5005440262967387,0.5005440262967387,8.926780263406178,8.89555743026402,8.426236237109439,,,,low
AAD67553FAF0,2,10,non_ELL,Driverless cars,333,444,short,128,68.81369167827036,68.81369167827036,1.074464844952324,1.074464844952324,12.786802630786744,12.293263949560888,11.71233778583442,,,,low
AC38AA9C5E8B,2,8,non_ELL,The Face on Mars,457,594,short,128,75.00132360712536,75.00132360712536,2.936686627539949,2.936686627539949,20.600279829820632,19.436731296988132,17.663593202280683,,,,low
F744ABAAC3FB,1,9,non_ELL,Does the electoral college work?,298,458,short,128,82.64163495624288,82.64163495624288,0.9958159988981787,0.9958159988981787,12.203779364561772,11.910504383930025,11.207963365663593,,,,low
6CE2817B7E7A,2,10,non_ELL,Driverless cars,337,417,short,128,55.938519280159824,55.938519280159824,3.916159408550932,3.916159408550932,29.032249625159746,26.414771501157894,25.116090216608814,,,,low
AA01A40D15DA,2,6,non_ELL,"""A Cowboy Who Rode the Waves""",479,566,short,128,77.70000014978905,77.70000014978905,1.4554033101802393,1.4554033101802393,13.250302604276715,12.72080199915528,11.794899294096476,,,,low
B6B7196E454E,2,10,non_ELL,Exploring Venus,332,430,short,128,50.688519783012666,50.688519783012666,1.8435012735004923,1.8435012735004923,9.098064344867508,7.519768111753372,7.2545630713670155,,,,low
27A071CC4338,2,8,non_ELL,Seeking multiple opinions,308,407,short,128,53.69182573288272,53.69182573288272,1.415361057874584,1.415361057874584,8.808703709823178,7.764726259291454,7.393342651948593,,,,low
CAE63BBF4546,1,10,non_ELL,Exploring Venus,314,437,short,128,53.33256578033405,53.33256578033405,4.925993975610192,4.925993975610192,14.357060078396831,10.662431667480531,9.43106610278664,,,,low
4.30762E+11,2,11,ELL,Distance learning,498,611,short,128,75.59508095013152,75.59508095013152,1.7906027257741695,1.7906027257741695,17.334117613699505,16.636910093254198,15.543514887925335,,,,low
0BB0E957B6FE,2,9,non_ELL,Does the electoral college work?,351,450,short,128,91.00331482994038,91.00331482994038,1.14525259853672,1.14525259853672,6.165639944602682,6.010964825770368,5.020387346065962,,,,low
3AFCB4C6285D,2,10,non_ELL,Exploring Venus,316,425,short,128,95.74557195873257,95.74557195873257,0.43363816894026286,0.43363816894026286,9.206367263660903,9.202946657045244,8.77272909472064,,,,low
8B5A7E5D7BB5,1,9,non_ELL,Does the electoral college work?,301,421,short,128,45.493447918359465,45.493447918359465,0.27466906795595847,0.27466906795595847,6.203598748345947,5.877906967128501,5.928929680389989,,,,low
8D242A52F9B3,2,8,non_ELL,The Face on Mars,412,542,short,128,57.02945491521563,57.02945491521563,4.793046220303033,4.793046220303033,19.526210706115027,16.462271048434797,14.733164485811994,,,,low
B84458707731,2,9,non_ELL,Does the electoral college work?,322,437,short,128,82.863601930655,82.863601930655,0.43655979265541056,0.43655979265541056,11.140919729210607,11.013864326859236,10.704359936555196,,,,low
8C9A286F5351,2,8,ELL,The Face on Mars,319,489,short,128,77.44976222403191,77.44976222403191,0.9776385559650009,0.9776385559650009,14.179231107856484,13.820470625809325,13.201592551891483,,,,low
2B4A794ED0D8,2,9,non_ELL,Does the electoral college work?,479,663,main,384,264.22845698941745,82.92279472815795,1.757643534031791,0.6348913556047364,15.883121331618904,15.698935011005378,15.248229976014168,15.064675735181485,14.125477797587113,,low
5DD063D65899,1,9,non_ELL,Does the electoral college work?,532,743,main,384,119.56841248528836,92.2568131459575,3.0650014375220387,1.737424321022793,15.127181050071451,14.945230181926892,13.389756729048658,12.403727392849635,12.062179612549413,,low
70B8B9249382,2,6,non_ELL,"""A Cowboy Who Rode the Waves""",325,407,short,128,60.36533887131398,60.36533887131398,1.6417240561453745,1.6417240561453745,20.4251087722643,19.499063607865065,18.783384716118924,,,,low
7.66376E+11,2,10,non_ELL,Driverless cars,397,464,short,128,71.1993077545034,71.1993077545034,0.5904007336745956,0.5904007336745956,13.262386460962952,13.004601805203938,12.671985727288357,,,,low
5E259D12208D,2,10,ELL,Driverless cars,332,436,short,128,53.35701587193864,53.35701587193864,0.9654317407002404,0.9654317407002404,7.558018767087763,6.834747878316275,6.592587026387522,,,,low
F535CB6993A9,2,10,non_ELL,Car-free cities,424,550,short,128,67.41880509349345,67.41880509349345,1.6117719270959423,1.6117719270959423,12.469563484567457,11.709156436402465,10.857791557471515,,,,low
F15FFBB0E896,1,10,non_ELL,Car-free cities,340,481,short,128,91.31090215441587,91.31090215441587,2.1204693393362,2.1204693393362,13.48140403967737,13.210394699176366,11.36093470034117,,,,low
C0E94C60E7C5,1,10,non_ELL,Car-free cities,274,403,short,128,66.99910648271518,66.99910648271518,3.6105187784108814,3.6105187784108814,23.803007290551893,22.08650340679842,20.19248851214101,,,,low
62924ED79ECF,2,6,non_ELL,"""A Cowboy Who Rode the Waves""",336,412,short,128,86.73992621400255,86.73992621400255,1.0783760886820897,1.0783760886820897,12.326166907101138,12.084144990173778,11.247790818419048,,,,low
A39A5B1F2538,2,9,non_ELL,Does the electoral college work?,381,469,short,128,85.47259902033485,85.47259902033485,0.7368745364420928,0.7368745364420928,11.535574810012847,11.353165973871176,10.798700273570754,,,,low
23011CDB368B,2,8,non_ELL,Cell phones at school,356,401,short,128,84.60646392195855,84.60646392195855,0.43227085080595806,0.43227085080595806,10.466609995726031,10.353111673642168,10.034339144920073,,,,low
5369752CEAB0,2,8,non_ELL,Cell phones at school,452,480,short,128,58.99741303428182,58.99741303428182,2.4378644993474605,2.4378644993474605,17.37533507978344,15.930536204423454,14.93747058043598,,,,low
B25D365F5C1C,1,9,non_ELL,Does the electoral college work?,703,826,extended,512,193.802183185444,97.780755989496,3.1511128063946217,0.5895858146467869,15.198699976186422,15.233443018414386,14.609114161539635,12.691180299394093,12.299226989888465,12.0475871697918,low
6D681ACAF7F7,2,10,non_ELL,Car-free cities,407,477,short,128,60.25471895933223,60.25471895933223,5.091804834149382,5.091804834149382,18.29414582221406,15.410773403481087,13.202340988064677,,,,low
2BB14634D9FE,1,8,non_ELL,The Face on Mars,419,636,short,128,60.899037137841745,60.899037137841745,0.2787099197473104,0.2787099197473104,6.903667304183752,6.749359093336213,6.624957384436442,,,,low
2CF5EC4E36F2,1,10,ELL,Facial action coding system,372,448,short,128,53.34646611909909,53.34646611909909,2.6013424274392314,2.6013424274392314,14.443789586779102,12.493983065793028,11.842447159339871,,,,low
670F2243BADC,2,9,non_ELL,Does the electoral college work?,314,408,short,128,93.4871724981703,93.4871724981703,1.1667544013518754,1.1667544013518754,15.337514394258477,15.252564746263326,14.170759992906602,,,,low
E8150D07AA28,2,10,non_ELL,Driverless cars,327,414,short,128,86.27532812351322,86.27532812351322,1.0857746009727363,1.0857746009727363,6.743996829993575,6.490937878264982,5.658222229020839,,,,low
43CBE96B374E,1,9,non_ELL,Does the electoral college work?,699,829,extended,512,71.28148846272452,65.48461079754804,3.4279849304436105,3.1370912126526846,28.750633781689405,27.21933787936886,25.61354256903672,25.85923459489094,26.163276970351234,25.322648851245795,low
51634BBDF223,2,10,non_ELL,Exploring Venus,320,449,short,128,60.079546148346054,60.079546148346054,1.9220610880852913,1.9220610880852913,10.3454260649127,9.250216860073893,8.42336497682741,,,,low
89163FC7FAE8,2,9,non_ELL,Does the electoral college work?,414,561,short,128,49.058995894018665,49.058995894018665,1.8839277932831813,1.8839277932831813,22.90716321378853,21.140186723507544,21.023235420505348,,,,low
BD7F5D94AFED,2,10,non_ELL,Car-free cities,564,804,extended,512,161.37126487831534,59.340103323377434,6.631018309528994,2.580085705828907,27.091668234909815,25.58174814408249,24.511582529080908,21.690766422559165,21.015968130179186,20.46064992538082,low
FDA09342D0C4,4,8,non_ELL,Seeking multiple opinions,535,598,short,128,93.88097813546769,93.88097813546769,0.6922637091479782,0.6922637091479782,10.149672426150273,10.106678170877332,9.457408717002295,,,,mid
5EA83BC0530E,4,8,non_ELL,Seeking multiple opinions,371,441,short,128,84.88866115430554,84.88866115430554,1.9898308085765217,1.9898308085765217,8.980175441629214,8.467324647576364,6.990344633052692,,,,mid
5681C8C42F1B,3,6,non_ELL,"""A Cowboy Who Rode the Waves""",305,402,short,128,69.19914503136027,69.19914503136027,1.8769398785358522,1.8769398785358522,13.093964675015009,12.238473823796536,11.217024796479157,,,,mid
0FC32E083BDE,4,8,non_ELL,Seeking multiple opinions,480,572,short,128,56.71476852501753,56.71476852501753,1.352807556149303,1.352807556149303,7.152900861274968,6.277111922508304,5.800093305125665,,,,mid
D7490A0538CC,3,9,non_ELL,Does the electoral college work?,370,499,short,128,52.77603171781095,52.77603171781095,1.8370436008324447,1.8370436008324447,9.539917549250218,8.125176851289055,7.702873948417773,,,,mid
D685AF55953A,3,8,non_ELL,The Face on Mars,417,573,short,128,71.1004380958839,71.1004380958839,2.504710214097541,2.504710214097541,15.107302374624238,14.011227379655217,12.602592160526697,,,,mid
5AC16E188F1B,4,12,ELL,Distance learning,546,618,short,128,74.96138497065976,74.96138497065976,2.3943931029045107,2.3943931029045107,12.602215059633503,11.652440735906367,10.207821956728992,,,,mid
8726B24BA724,4,8,non_ELL,Grades for extracurricular activities,402,483,short,128,81.5509218990035,81.5509218990035,0.9958427080252648,0.9958427080252648,10.107385660026702,9.797605366147065,9.111542952001438,,,,mid
1D0568ABD646,3,6,non_ELL,"""A Cowboy Who Rode the Waves""",398,517,short,128,56.807293151997214,56.807293151997214,1.9824563770524772,1.9824563770524772,10.817330822851536,9.53870272592489,8.83487444579906,,,,mid
CB8028214548,4,8,non_ELL,The Face on Mars,343,425,short,128,73.00302082450986,73.00302082450986,4.834317319235998,4.834317319235998,14.851522627113178,12.830053513992736,10.01720530787718,,,,mid
347D6A056DBE,4,10,non_ELL,Driverless cars,391,479,short,128,50.49527297308188,50.49527297308188,0.9157014261314398,0.9157014261314398,13.484645923328912,12.692485524321743,12.568944497197473,,,,mid
3BA15254E27F,3,8,non_ELL,Mandatory extracurricular activities,631,695,main,384,163.0860997294274,55.00608368008122,4.104784941085557,1.5326890700000728,13.983725852732153,12.917789317813202,12.45103678273208,10.555071264123214,9.878940911646596,,mid
88E81B040A5A,4,9,non_ELL,Does the electoral college work?,395,544,short,128,49.991272821856384,49.991272821856384,0.3278520283193256,0.3278520283193256,8.353558225438425,8.061992836760831,8.0257061971191,,,,mid
697CEFA55775,4,10,non_ELL,Car-free cities,481,601,short,128,62.3653433220294,62.3653433220294,2.30605655714551,2.30605655714551,12.961172624703241,11.746073407051378,10.655116067557731,,,,mid
66BFF6F846DA,3,8,non_ELL,Seeking multiple opinions,466,527,short,128,91.3625835849101,91.3625835849101,2.038361885571346,2.038361885571346,14.00962831003556,13.751620683052645,11.971266424464213,,,,mid
BA007250F304,3,8,non_ELL,Seeking multiple opinions,683,727,main,384,83.9237656278207,65.82416945060085,1.527187314769165,1.1828543748966833,9.339695907323378,8.7656205332415,8.156841532426695,7.929108110811189,7.812508592554213,,mid
FE1DEACABE37,3,10,ELL,Facial action coding system,349,451,short,128,87.45737834772453,87.45737834772453,3.00078410664457,3.00078410664457,14.889657725639053,14.25737095585175,11.888873618994483,,,,mid
0F6250B6D784,4,9,non_ELL,Does the electoral college work?,437,603,short,128,75.0623378098232,75.0623378098232,0.31250165719031653,0.31250165719031653,6.573174154132371,6.449574927014717,6.260672496942054,,,,mid
7181D43663A6,4,8,non_ELL,Mandatory extracurricular activities,485,592,short,128,52.10401464752667,52.10401464752667,0.4046954990427012,0.4046954990427012,3.7369914195170617,3.4149100791376252,3.3322959204743605,,,,mid
0FDE2C639EE0,3,9,non_ELL,Does the electoral college work?,340,487,short,128,93.73025528471042,93.73025528471042,1.829965018591757,1.829965018591757,11.712760711084083,11.591558949453793,9.882795692492326,,,,mid
15F0C80ABF6B,3,6,non_ELL,"""A Cowboy Who Rode the Waves""",296,416,short,128,60.793126115213184,60.793126115213184,1.2739583220086494,1.2739583220086494,8.129087952041829,7.4211643639404095,6.855129630033179,,,,mid
1B061D85405F,4,11,non_ELL,Distance learning,493,573,short,128,67.9569498513288,67.9569498513288,1.3432782527405696,1.3432782527405696,11.954785543530024,11.327408697884268,10.611507290789454,,,,mid
9A46E7449054,3,8,non_ELL,The Face on Mars,409,646,short,128,104.10470021244643,104.10470021244643,0.10800061710225606,0.10800061710225606,4.709175971863757,4.745807134986009,4.601175354761501,,,,mid
FAA9FC1B315B,4,12,ELL,Distance learning,516,581,short,128,82.25864475425419,82.25864475425419,1.429738135030476,1.429738135030476,11.500053151971029,11.070539432574376,10.070315016940553,,,,mid
52158495C326,4,11,non_ELL,Distance learning,489,570,short,128,78.95396322662761,78.95396322662761,1.5030838890168834,1.5030838890168834,10.903143303836673,10.380743841388046,9.40005941481979,,,,mid
9EBCE98A9D55,4,10,non_ELL,Exploring Venus,441,564,short,128,56.61692447689053,56.61692447689053,1.2676499919251647,1.2676499919251647,14.906257699141246,14.082336746308856,13.638607707216082,,,,mid
EBBA6790B73B,3,8,non_ELL,Mandatory extracurricular activities,490,606,short,128,95.83461522151946,95.83461522151946,0.6012293778422944,0.6012293778422944,10.49282322828655,10.489731886828793,9.891593850444256,,,,mid
F538469756EF,4,10,non_ELL,Driverless cars,450,574,short,128,91.77578153073539,91.77578153073539,0.5693514391910526,0.5693514391910526,8.242369838161741,8.175976000928955,7.673018398970688,,,,mid
EAE3A1E3B396,3,8,non_ELL,Mandatory extracurricular activities,439,538,short,128,59.97050840127038,59.97050840127038,0.8820046685222174,0.8820046685222174,16.669407414575183,16.164873335540907,15.787402746052965,,,,mid
FF0FCC95E73F,3,9,non_ELL,Does the electoral college work?,434,600,short,128,92.9148552259086,92.9148552259086,0.7028105499071886,0.7028105499071886,8.304979707930741,8.243179412985867,7.602169158023552,,,,mid
4F6084AE3A42,4,9,non_ELL,Does the electoral college work?,344,462,short,128,67.31860746494938,67.31860746494938,1.0420378267349886,1.0420378267349886,9.579718998752334,9.087194112681303,8.537681172017345,,,,mid
80C373189E7C,4,10,non_ELL,Car-free cities,337,454,short,128,57.86455266337106,57.86455266337106,0.7262715141310032,0.7262715141310032,7.177558395075958,6.728281565225636,6.451286880944955,,,,mid
2CD160148A6E,4,11,non_ELL,Distance learning,603,679,main,384,115.16795929361538,87.57101703964281,8.696197713912465,5.168300586694613,29.610311091336428,28.532779222133353,24.442010504641814,23.0123293230457,20.914113377423963,,mid
7D1925281627,3,8,non_ELL,Community service,347,439,short,128,78.55858746767656,78.55858746767656,0.524040859561941,0.524040859561941,5.272155068008918,5.087289540361671,4.748114208446977,,,,mid
F5419CDEF2D6,4,9,non_ELL,Does the electoral college work?,523,676,main,384,120.31384574355016,84.72872112291685,2.194902247858902,1.204419971775529,19.52135682905476,19.20763017850734,18.31693685727923,17.88316007819747,17.326454581195858,,mid
DE15E62ADB65,3,10,non_ELL,Car-free cities,425,561,short,128,83.5464230415029,83.5464230415029,5.141163347031716,5.141163347031716,15.168484177466242,13.728197978264767,10.027320830434526,,,,mid
01DD5C519BCA,3,6,non_ELL,"""A Cowboy Who Rode the Waves""",308,402,short,128,68.54616877867487,68.54616877867487,1.5552534673987504,1.5552534673987504,9.297746244981088,8.579581152450752,7.742492777582338,,,,mid
855FC08FC096,3,10,non_ELL,Driverless cars,406,497,short,128,89.7713501522987,89.7713501522987,3.1635976299142516,3.1635976299142516,13.141715344793313,12.626265754649378,9.978117714879062,,,,mid
4CDEB518A777,3,8,non_ELL,Community service,327,430,short,128,79.89098488264196,79.89098488264196,1.117379218372724,1.117379218372724,9.869965783799584,9.495818055423133,8.75258656542686,,,,mid
4727C5135BC7,4,10,non_ELL,Facial action coding system,492,600,short,128,81.2640798833679,81.2640798833679,2.5888899315546414,2.5888899315546414,15.520127056801396,14.703845380374835,12.931237125246755,,,,mid
A6405231F460,3,10,non_ELL,Car-free cities,402,478,short,128,61.4964602843425,61.4964602843425,3.266381218572148,3.266381218572148,17.80760284928627,16.0357936561372,14.541221630714121,,,,mid
E10D5E79B0A0,4,10,non_ELL,Facial action coding system,393,455,short,128,48.063319234006485,48.063319234006485,0.4478541538642382,0.4478541538642382,7.6010151745976415,7.154926395719494,7.153161020733403,,,,mid
F3CE7992E75E,3,8,non_ELL,Cell phones at school,386,480,short,128,88.12529637849444,88.12529637849444,1.0789034323411224,1.0789034323411224,6.948112695987368,6.735044158937997,5.869209263646246,,,,mid
17AA836BF229,4,11,non_ELL,Summer projects,529,642,short,128,53.99673524350858,53.99673524350858,1.0017073932526532,1.0017073932526532,8.065259161301388,7.3366365673293,7.063551768048734,,,,mid
2052CF966A42,4,11,non_ELL,Summer projects,389,450,short,128,52.874053644956064,52.874053644956064,0.9802867472330359,0.9802867472330359,10.43402870292471,9.682637132197451,9.453741955691674,,,,mid
2319365E6640,3,8,non_ELL,Seeking multiple opinions,453,525,short,128,68.47084678463132,68.47084678463132,1.0473272741029982,1.0473272741029982,6.924701636341976,6.440366962688794,5.877374362238978,,,,mid
1EBACD5619B6,3,9,non_ELL,Does the electoral college work?,348,437,short,128,82.77763584651018,82.77763584651018,0.7758932694120624,0.7758932694120624,6.464718946483924,6.2378589946780565,5.688825677071861,,,,mid
38283A07296C,4,11,non_ELL,Summer projects,624,787,extended,512,313.21513195149566,46.898627968337564,3.1193956877468967,0.904060633119478,18.65056465468095,17.679671887866952,17.74650402156147,17.252245554732426,16.891213804602025,15.531168966934052,mid
0F126F8454F4,4,9,non_ELL,Does the electoral college work?,342,447,short,128,48.049052773567006,48.049052773567006,0.9977174642655875,0.9977174642655875,9.897429659884006,8.902761647168548,8.899712195618418,,,,mid
6149F0876D30,4,8,non_ELL,Mandatory extracurricular activities,374,476,short,128,55.63907129955406,55.63907129955406,1.1175182430723627,1.1175182430723627,6.77114941767936,6.014762177987118,5.653631174606997,,,,mid
0D944DDF9492,4,8,non_ELL,Mandatory extracurricular activities,523,650,main,384,114.33278945669531,76.69315986548168,1.6541841291289963,0.9541802044305969,6.485181814864126,6.1261223869562,5.531001610433529,5.058422595604788,4.83099768573513,,mid
25C5C068B05E,3,8,non_ELL,Seeking multiple opinions,555,613,short,128,54.13511525803491,54.13511525803491,1.196797447818211,1.196797447818211,12.353700928140173,11.488615793417846,11.156903480321962,,,,mid
FB9CE02393F9,4,9,non_ELL,Does the electoral college work?,359,471,short,128,60.805420697627206,60.805420697627206,3.8145457913413523,3.8145457913413523,15.463346684288945,13.344553374441917,11.648800892947593,,,,mid
12E283B3F303,4,8,non_ELL,Cell phones at school,442,513,short,128,66.89263588240296,66.89263588240296,0.6761471433185022,0.6761471433185022,7.079973707260421,6.757903505381475,6.4038265639419185,,,,mid
43A4DCBC26BB,4,8,non_ELL,Mandatory extracurricular activities,540,625,short,128,51.37723085142473,51.37723085142473,0.5404006677223654,0.5404006677223654,7.013636524885708,6.567421544538187,6.473235857163343,,,,mid
BFABC4FF86DA,3,8,non_ELL,The Face on Mars,344,414,short,128,55.633617136138064,55.633617136138064,1.4275693896279567,1.4275693896279567,11.275950842477734,10.309483877117572,9.848381452849777,,,,mid
CF5D5E42B72E,4,9,non_ELL,Does the electoral college work?,550,781,extended,512,99.29693829850123,85.15691093065644,0.7675149919756548,0.577060631626134,5.647579753919625,5.501532399187421,5.070519122293491,5.0423307793782675,4.84274150718709,4.88006476194397,mid
73E0F93F113B,4,11,non_ELL,Distance learning,366,424,short,128,81.7960196511822,81.7960196511822,1.3813825516333473,1.3813825516333473,10.971409915983651,10.5467467058128,9.590027364350304,,,,mid
FB0404CADC51,4,10,non_ELL,Driverless cars,638,760,main,384,200.61679814902612,59.33255100603911,2.9035677727187803,0.8240328702808419,12.070133998219045,11.587759487271262,11.246101127938203,10.13957850361162,9.166566225500265,,mid
C932132C36D7,3,10,non_ELL,Exploring Venus,374,485,short,128,62.40813729259928,62.40813729259928,1.2664215504406453,1.2664215504406453,10.468565698580859,9.802206407576808,9.202144148140214,,,,mid
A67A947BBFB7,3,9,non_ELL,Does the electoral college work?,705,883,extended,512,106.44335826316221,74.6331431544234,1.8561023239694006,1.1629226591299684,12.37668086500997,11.911073492778774,11.213758205880001,10.518158377468394,10.528418377857616,10.52057854104057,mid
7C7963A10D5E,3,8,non_ELL,Seeking multiple opinions,511,621,short,128,58.29698494893811,58.29698494893811,1.8359969199522403,1.8359969199522403,11.31830464739525,10.20122028292243,9.48230772744301,,,,mid
5BCE3F6D4C83,4,8,non_ELL,Seeking multiple opinions,723,879,extended,512,174.7922117767826,92.98961105603104,2.2342085909002414,0.7484966187179403,13.042942070742475,12.978582147486758,12.294445452024535,11.286119903174763,11.247571122427281,10.808733479842234,mid
BCE83D08D2D5,4,10,non_ELL,Exploring Venus,779,948,extended,512,80.83554617423808,55.493552237863874,1.6242713924356167,1.0616949204761017,10.96014612828699,10.237091625688615,9.898451207810888,9.697476817113174,9.470782617721769,9.335874735851373,mid
0E24F08F16D5,4,8,non_ELL,Seeking multiple opinions,642,725,main,384,139.91609347776648,88.50797831848416,1.75478469380056,0.8228293881194757,8.290235378674602,8.134136618634042,7.467405990555126,6.881302941181267,6.535450684874042,,mid
30935D02377A,3,8,non_ELL,Community service,308,428,short,128,81.61803608431333,81.61803608431333,0.9648902391352481,0.9648902391352481,7.872863158154605,7.573673226760861,6.907972919019357,,,,mid
FABCC1785BB9,3,10,UNK,Driverless cars,484,576,short,128,78.99032142566679,78.99032142566679,0.35615049997520476,0.35615049997520476,6.3493012371598505,6.225692886628065,5.993150737184646,,,,mid
65D8D9AA5947,4,8,non_ELL,Seeking multiple opinions,483,577,short,128,63.244975474635595,63.244975474635595,0.5115915300977383,0.5115915300977383,6.718920083648636,6.456943098318349,6.207328553550898,,,,mid
A5573D9DBBC9,4,8,non_ELL,Seeking multiple opinions,602,747,main,384,63.99372017530122,54.10089806259291,2.3393756382640767,1.616014087392724,8.756485655953297,7.586568246938738,7.140471568560573,6.84960319729985,6.41711001768922,,mid
693503BD8CD6,4,10,non_ELL,Driverless cars,413,495,short,128,81.30072497546293,81.30072497546293,0.36078478919745827,0.36078478919745827,8.370282826784685,8.256720574730522,8.009498037587226,,,,mid
5CCF95325E62,3,10,non_ELL,Driverless cars,493,630,short,128,91.10406101256746,91.10406101256746,1.68214283348685,1.68214283348685,15.31630679368396,15.093093374892701,13.63416396019711,,,,mid
07D075719A6D,3,9,non_ELL,Does the electoral college work?,358,447,short,128,54.100736852470305,54.100736852470305,0.7490915132785956,0.7490915132785956,6.253343035752418,5.711032419936102,5.504251522473822,,,,mid
EF9E9C4E5D1E,3,9,non_ELL,Does the electoral college work?,452,540,short,128,56.791820752431036,56.791820752431036,1.4767304818259799,1.4767304818259799,12.528292522706833,11.575248857815913,11.051562040880853,,,,mid
C61B895C4CD9,3,6,non_ELL,"""A Cowboy Who Rode the Waves""",420,545,short,128,95.1831145618948,95.1831145618948,2.253074554331569,2.253074554331569,18.876992759153307,18.820908710657292,16.623918204821738,,,,mid
74000270BC6F,3,10,non_ELL,Facial action coding system,376,462,short,128,67.66254748868522,67.66254748868522,0.9920156023140656,0.9920156023140656,12.582943374563902,12.117043774049833,11.590927772249836,,,,mid
72EFD2C9BABA,3,10,ELL,Facial action coding system,413,504,short,128,50.710132043300554,50.710132043300554,1.135092211177307,1.135092211177307,16.972951658065586,16.002275698280474,15.83785944688828,,,,mid
A89C66C7E89E,4,10,non_ELL,Car-free cities,415,558,short,128,76.04576788916177,76.04576788916177,1.44974931493892,1.44974931493892,14.409391213298944,13.852581245034875,12.959641898360024,,,,mid
F29E589C11F2,4,8,non_ELL,Grades for extracurricular activities,451,554,short,128,52.613354808457096,52.613354808457096,0.5891354186306907,0.5891354186306907,7.500742257174717,7.043457803203946,6.911606838544026,,,,mid
8A1A6161F47C,4,10,non_ELL,Car-free cities,399,498,short,128,52.453139040059526,52.453139040059526,1.3779633381728402,1.3779633381728402,11.375782805137375,10.297835143040942,9.997819466964534,,,,mid
95BCD0EEE72B,4,11,non_ELL,Distance learning,412,466,short,128,74.92620370663158,74.92620370663158,0.8848146727607666,0.8848146727607666,7.915451118355415,7.564121357279445,7.030636445594649,,,,mid
B3AB4E6C5678,3,8,ELL,Cell phones at school,407,466,short,128,80.19280550426947,80.19280550426947,2.222558144027257,2.222558144027257,11.989304871676984,11.254427846758773,9.766746727649727,,,,mid
58ED581D8B93,4,10,non_ELL,Facial action coding system,621,744,main,384,108.50595935216421,52.22796786554236,2.782792221221376,1.4860025902720864,15.11120986855069,13.935805517387218,13.625207278278603,13.544064600852007,12.328417647329314,,mid
477C978F3582,4,11,non_ELL,Distance learning,362,424,short,128,79.2061328497094,79.2061328497094,1.423371295730342,1.423371295730342,9.288426884434108,8.798531128223484,7.865055588703766,,,,mid
58C0A6CCE89D,3,10,non_ELL,Exploring Venus,383,490,short,128,80.14198869523037,80.14198869523037,1.9268088588358507,1.9268088588358507,9.61186427681455,8.97340572342907,7.6850554179787,,,,mid
3FC5239BAD99,3,10,non_ELL,Car-free cities,547,630,short,128,70.29302123884058,70.29302123884058,1.380607917480651,1.380607917480651,8.205218679505327,7.590193267084125,6.824610762024676,,,,mid
943611A73135,3,10,non_ELL,Summer projects,616,662,main,384,159.47739973179148,84.04537460225053,2.0201873040646356,0.8955019276247285,9.354645259231981,9.111089774664837,8.459143331607253,7.993166445042595,7.334457955167346,,mid
2F76D50DCF47,4,8,non_ELL,Seeking multiple opinions,531,642,short,128,71.47862037050258,71.47862037050258,0.9622535788060089,0.9622535788060089,7.276167447439702,6.858700898314095,6.313913868633693,,,,mid
7B279795EF91,4,11,non_ELL,Distance learning,431,492,short,128,50.72360888070564,50.72360888070564,0.6501865598055403,0.6501865598055403,5.621323956140165,5.0657160590104215,4.971137396334624,,,,mid
7AFF646F79FB,4,10,non_ELL,Car-free cities,556,789,extended,512,55.22816450873023,50.85449537927002,1.3167314954402602,1.068801966129815,11.792952285617403,10.885962673109454,10.724150319487588,10.703572011544859,10.544776545327025,10.476220790177143,mid
E47912C887CA,3,10,non_ELL,Facial action coding system,434,574,short,128,53.25982682080888,53.25982682080888,0.5190234874274751,0.5190234874274751,11.580696357607179,11.190082837147484,11.061672870179704,,,,mid
9510F68977D7,4,11,non_ELL,Summer projects,340,410,short,128,74.01776308807976,74.01776308807976,1.271491251055731,1.271491251055731,8.814109364186177,8.296342344680376,7.5426181131304455,,,,mid
8CDA355C167C,4,10,non_ELL,Car-free cities,375,456,short,128,61.53271376362455,61.53271376362455,3.3679371556899156,3.3679371556899156,22.279349143137885,20.454694798049854,18.91141198744797,,,,mid
4223E5722166,3,8,non_ELL,Grades for extracurricular activities,489,540,short,128,88.18617575174326,88.18617575174326,1.281444700842811,1.281444700842811,8.970585412405338,8.71909026303686,7.689140711562527,,,,mid
3F44E430D0AF,4,11,non_ELL,Summer projects,694,845,extended,512,114.64267292483288,58.52406707931384,3.046615453428256,1.6608421582677568,11.360068164680447,10.358205424218264,9.69922600641269,9.046515778151624,8.521001270450977,8.313452711252191,mid
8F0EABC0599F,4,9,non_ELL,Does the electoral college work?,509,614,short,128,61.46800501129711,61.46800501129711,1.0956410306272613,1.0956410306272613,11.467060958460154,10.87216977110914,10.371419927832893,,,,mid
BFFD798EAE7B,4,10,non_ELL,Facial action coding system,503,603,short,128,66.7295421529944,66.7295421529944,0.6972813622148877,0.6972813622148877,9.061338735877099,8.728229674228215,8.364057373662211,,,,mid
9E3F16FFE830,3,8,non_ELL,The Face on Mars,342,424,short,128,57.69051956584305,57.69051956584305,1.5089356496918427,1.5089356496918427,10.108637646326518,9.168875788525522,8.599701996634675,,,,mid
8822513C8D85,4,8,non_ELL,Seeking multiple opinions,529,614,short,128,101.88932944145981,101.88932944145981,0.6818204718935501,0.6818204718935501,5.9813303988163025,6.135116774003796,5.299509926922752,,,,mid
530F622827DE,3,9,non_ELL,Does the electoral college work?,440,581,short,128,92.55723894347335,92.55723894347335,0.9194831653890763,0.9194831653890763,11.499990692261575,11.410675956626708,10.580507526872498,,,,mid
9A5ED3C1D48C,3,10,non_ELL,Exploring Venus,390,487,short,128,79.24652769019804,79.24652769019804,0.738711816003569,0.738711816003569,11.704181952486653,11.45033361373251,10.965470136483084,,,,mid
82EA4B643F77,4,8,non_ELL,Mandatory extracurricular activities,515,636,short,128,56.52769492266071,56.52769492266071,0.9353825656074299,0.9353825656074299,13.110937785719484,12.500765443927515,12.175555220112054,,,,mid
5AAE43F07F55,4,8,non_ELL,Seeking multiple opinions,457,528,short,128,55.73202472190278,55.73202472190278,1.0041266430114382,1.0041266430114382,7.677187893699212,7.000211256583402,6.673061250687774,,,,mid
1BCF061FF0FF,3,8,non_ELL,Cell phones at school,559,615,short,128,74.12129072959594,74.12129072959594,1.6133233527449597,1.6133233527449597,14.199792312271729,13.544664654763986,12.58646895952677,,,,mid
FC9DA73D1EA0,4,12,ELL,Distance learning,503,590,short,128,56.56489862963276,56.56489862963276,1.8779445578033886,1.8779445578033886,13.888061799202017,12.664889117813125,12.010117241398628,,,,mid
D25C6F8C77D3,4,9,non_ELL,Does the electoral college work?,420,601,short,128,53.25916022816054,53.25916022816054,0.7981392126385884,0.7981392126385884,9.223083855064475,8.622390917753547,8.424944642425887,,,,mid
AD1C015DFBCD,4,10,non_ELL,Facial action coding system,413,560,short,128,96.85302354032393,96.85302354032393,0.5354225710227851,0.5354225710227851,10.447557171061353,10.462220811292838,9.912134600038568,,,,mid
5991DAD0977F,4,9,non_ELL,Does the electoral college work?,676,872,extended,512,267.28916513416954,61.81278477518435,4.185557741697971,1.611358408867659,11.596506660556646,10.731718793998711,9.985148251688987,9.687266315238316,7.606250492658436,7.410948918858675,mid
DFB0362070E2,3,10,ELL,Driverless cars,435,521,short,128,73.16106382911163,73.16106382911163,0.5622633565927533,0.5622633565927533,8.810378296621236,8.576210790664613,8.248114940028483,,,,mid
CB9BC230ABC5,3,10,non_ELL,Exploring Venus,494,674,main,384,126.85586209553011,62.74499849452522,1.962820837651325,0.9898975103996897,11.344155018337302,10.829002605198776,10.354257507937612,9.527786715446574,9.381334180685977,,mid
01F69867D1BE,3,11,non_ELL,Summer projects,449,503,short,128,61.00604529791429,61.00604529791429,1.7637491425143956,1.7637491425143956,10.946885068884333,9.973984903060641,9.183135926369937,,,,mid
4D4548484E40,4,11,non_ELL,Summer projects,486,578,short,128,83.92676976041375,83.92676976041375,1.805998281873423,1.805998281873423,11.48869044754746,10.993963082413904,9.682692165674037,,,,mid
F60ED753621E,4,8,non_ELL,Seeking multiple opinions,456,502,short,128,71.97858804445615,71.97858804445615,0.737177807735887,0.737177807735887,7.507463346839082,7.191368996733076,6.770285539103195,,,,mid
E249399CA04E,4,10,non_ELL,Driverless cars,460,582,short,128,54.43502665912315,54.43502665912315,1.1375679990646805,1.1375679990646805,12.781948632837029,11.970668652581983,11.644380633772348,,,,mid
BB6B3A9576D5,4,10,non_ELL,Driverless cars,338,406,short,128,83.45981883327838,83.45981883327838,1.6264674913687873,1.6264674913687873,11.345119911398134,10.887191890692485,9.718652420029347,,,,mid
BF07A20CFE46,4,10,non_ELL,Driverless cars,780,931,extended,512,131.2766002287434,81.8700943102152,1.9191406024253483,0.9492322355870506,9.49707621438901,9.206319886883255,8.547843978801959,8.143988669121034,7.587811086178465,7.577935611963661,mid
530A7F55A2DC,4,10,non_ELL,Driverless cars,549,661,main,384,283.47942583594926,77.53663996591084,1.6461782329281576,0.5088342370871093,8.974591203497368,8.788420688679015,8.46575696641026,8.376510912543367,7.328412970569211,,mid
33F87143A0AF,4,9,non_ELL,Does the electoral college work?,468,597,short,128,54.08514596636053,54.08514596636053,0.5012152502777516,0.5012152502777516,5.733094986403809,5.3699801572485475,5.231879736126057,,,,mid
E5F378BE5F7C,3,8,non_ELL,Seeking multiple opinions,557,647,short,128,62.55203960786774,62.55203960786774,4.7095025214267245,4.7095025214267245,24.207626008864164,21.74127543751236,19.49812348743744,,,,mid
F8E7219C3DD3,4,10,non_ELL,Car-free cities,393,483,short,128,92.07321621482073,92.07321621482073,5.315066382206128,5.315066382206128,19.560563430267134,18.97962869890918,14.245497048061006,,,,mid
D08FD4520B2F,4,8,non_ELL,Seeking multiple opinions,496,589,short,128,56.83148346645196,56.83148346645196,1.7906029986178895,1.7906029986178895,8.91258342001064,7.758820374939542,7.12198042139275,,,,mid
B3541C7B8380,4,8,non_ELL,Seeking multiple opinions,519,635,short,128,90.11159933670741,90.11159933670741,1.1205471952780517,1.1205471952780517,9.343293782032834,9.169144682772531,8.222746586754782,,,,mid
36C7368968C0,4,8,non_ELL,Seeking multiple opinions,605,666,main,384,162.98490168291664,75.56863571568424,3.610719804828352,1.5908029180839112,6.807949236853592,6.188047878810013,5.2171463187696805,4.4321421405905985,3.1972294320252397,,mid
B796909E583C,3,10,non_ELL,Summer projects,546,635,short,128,59.57863955250014,59.57863955250014,0.7504656745983054,0.7504656745983054,6.713936621265288,6.278547095588546,5.963470946666982,,,,mid
84425797BC28,4,10,non_ELL,Car-free cities,460,592,short,128,95.3517032917263,95.3517032917263,2.37625381371258,2.37625381371258,22.79514831051141,22.747963076340763,20.41889449679883,,,,mid
DF202B25D2B6,4,10,non_ELL,Driverless cars,449,550,short,128,78.85170546823065,78.85170546823065,1.2471515513580194,1.2471515513580194,10.030245523108361,9.59510281200948,8.783093971750342,,,,mid
7BDDEB63EE13,4,8,non_ELL,Seeking multiple opinions,484,544,short,128,72.16402376315082,72.16402376315082,0.9448207096101502,0.9448207096101502,7.765320106525055,7.3619829482953785,6.820499396914905,,,,mid
71B477D6D77E,4,8,non_ELL,Grades for extracurricular activities,342,418,short,128,84.60873642045591,84.60873642045591,1.0533384739724898,1.0533384739724898,9.154761020295009,8.878234014495806,8.10142254632252,,,,mid
DE154E4085FA,4,6,non_ELL,"""A Cowboy Who Rode the Waves""",352,487,short,128,70.84153954577857,70.84153954577857,2.0737018626275496,2.0737018626275496,14.157374929047961,13.244629101218242,12.083673066420412,,,,mid
C035045D2327,4,10,non_ELL,Facial action coding system,605,715,main,384,119.68202575151591,89.87308591037412,2.5958518256067693,1.456842209493213,8.899247462880494,8.665136015027063,7.442405253387281,7.116331008579346,6.3033956372737245,,mid
0EBD16DD8BBD,3,10,non_ELL,Exploring Venus,441,529,short,128,53.32182703032937,53.32182703032937,2.183365430665667,2.183365430665667,11.84788379879927,10.20947603754322,9.664518368133603,,,,mid
CBBDC9BB3F04,3,10,non_ELL,Exploring Venus,406,544,short,128,78.73914465756633,78.73914465756633,1.0555109863134007,1.0555109863134007,11.574331227155827,11.204483356661969,10.518820240842427,,,,mid
5AEDBC21EF30,3,9,non_ELL,Does the electoral college work?,439,526,short,128,87.91293068188473,87.91293068188473,0.411211641111052,0.411211641111052,9.68930354557044,9.606346694330176,9.278091904459387,,,,mid
2B8374B25171,4,9,non_ELL,Does the electoral college work?,322,432,short,128,97.28723947909842,97.28723947909842,1.5195680367829567,1.5195680367829567,12.945318074364026,13.009006519653466,11.42575003758107,,,,mid
AEA3FC7D6E3F,4,8,non_ELL,Mandatory extracurricular activities,359,476,short,128,51.686656978903684,51.686656978903684,0.6447063689711641,0.6447063689711641,5.383015079945911,4.8590408005854,4.738308710974747,,,,mid
675BF8AB227B,3,10,non_ELL,Driverless cars,398,506,short,128,80.35909349117011,80.35909349117011,0.8003785212085539,0.8003785212085539,15.939703102093336,15.676932165533213,15.139324580884782,,,,mid
6C3B81B109A8,3,10,non_ELL,Exploring Venus,455,539,short,128,71.36559026446771,71.36559026446771,1.8002471135944145,1.8002471135944145,7.63021610645688,6.84715815231579,5.829968992862465,,,,mid
A4B814531B15,4,9,non_ELL,Does the electoral college work?,437,542,short,128,52.834864975144114,52.834864975144114,2.7268141435877506,2.7268141435877506,8.48011041369273,6.386071102689121,5.753296270104979,,,,mid
803A47175851,4,10,ELL,Facial action coding system,480,574,short,128,77.88594918684882,77.88594918684882,0.5659093731656366,0.5659093731656366,15.521504350086547,15.31695271287444,14.95559497692091,,,,mid
3919F3440FB6,4,12,non_ELL,Summer projects,427,489,short,128,56.76143805936032,56.76143805936032,1.6493755605927518,1.6493755605927518,6.62040208743641,5.5546316379891865,4.971026526843658,,,,mid
18F8E6C69F5E,4,10,non_ELL,Driverless cars,452,551,short,128,96.17538979408047,96.17538979408047,0.3723822251882476,0.3723822251882476,7.079115498721351,7.081167748265725,6.706733273533104,,,,mid
87A974F87B12,3,8,non_ELL,Cell phones at school,350,420,short,128,81.38866310037699,81.38866310037699,0.8658456737730589,0.8658456737730589,10.04439219046261,9.772974040199651,9.17854651668955,,,,mid
36A126CF8658,3,11,non_ELL,Summer projects,382,427,short,128,59.715398340416115,59.715398340416115,2.056487993356738,2.056487993356738,15.611823821677891,14.424620683207184,13.555335828321153,,,,mid
54872B498356,3,10,non_ELL,Car-free cities,369,461,short,128,88.65259412937701,88.65259412937701,2.348432949072647,2.348432949072647,13.588393247899543,13.149866497406357,11.239960298826896,,,,mid
3A08788DCA7D,3,8,non_ELL,Seeking multiple opinions,358,507,short,128,55.937503527023246,55.937503527023246,1.2988584313536204,1.2988584313536204,10.80653500965162,9.938368666482324,9.507676578298,,,,mid
460FBFE78F78,4,9,non_ELL,Does the electoral college work?,415,545,short,128,56.83552680181529,56.83552680181529,0.6820652724766685,0.6820652724766685,10.538177617825067,10.09876497936116,9.856112345348398,,,,mid
644D2B4C9DB4,3,10,non_ELL,Car-free cities,465,558,short,128,57.451062283976036,57.451062283976036,0.6007009432274621,0.6007009432274621,11.977627428057968,11.59999230287537,11.376926484830506,,,,mid
F9D397FC0259,4,11,non_ELL,Summer projects,435,522,short,128,76.48416425682547,76.48416425682547,1.5509569509953973,1.5509569509953973,10.423744581767355,9.836192799607414,8.872787630771958,,,,mid
B332BF8E25FF,4,10,non_ELL,Facial action coding system,404,500,short,128,75.66742196393496,75.66742196393496,0.32942735357034714,0.32942735357034714,7.201657970821104,7.073666810724473,6.872230617250757,,,,mid
8DF39EDCEE7D,4,8,non_ELL,Mandatory extracurricular activities,327,414,short,128,59.534933545426085,59.534933545426085,2.7616159877517266,2.7616159877517266,8.254680727673758,6.649960827728059,5.493064739922032,,,,mid
0DABBA148FF5,4,10,non_ELL,Driverless cars,415,501,short,128,62.08368208206891,62.08368208206891,2.8668881099711037,2.8668881099711037,20.53284509933059,19.008091259876934,17.665956989359486,,,,mid
26C3EB3BF873,5,9,non_ELL,Does the electoral college work?,557,710,main,384,144.91268120335326,95.04474350974789,5.380225320902787,2.540929729306592,11.317024369013085,11.243371790526473,8.776094639706493,7.647035624347732,5.936799048110298,,high
C3D3379F894C,5,9,non_ELL,Does the electoral college work?,646,807,extended,512,291.19472590371873,67.18062186801777,2.1206603703728515,0.7458933347018011,14.381879074134387,14.028436097255403,13.635985739432586,13.423680080380544,13.052238275743868,12.261218703761536,high
D26BF2CC24E2,5,8,non_ELL,Mandatory extracurricular activities,712,869,extended,512,108.20308586451173,83.39035099763656,2.184038757580872,1.4034263439693255,9.863099937094693,9.466398461205793,8.459673593125368,7.931610619326204,7.7206952739682135,7.6790611795138215,high
845A0E7E3013,5,8,non_ELL,Seeking multiple opinions,673,756,main,384,137.1131054134594,55.415802376911344,0.582233250120368,0.27628510017684693,4.371760093031508,4.182974693681352,4.095474992854661,3.8871557538098385,3.78952684291114,,high
D92FAEE355E1,5,8,non_ELL,Grades for extracurricular activities,478,613,short,128,52.20282950641007,52.20282950641007,1.9405430714427077,1.9405430714427077,7.001568910715842,5.464720365157804,5.061025839273134,,,,high
06936C8AA35D,5,8,non_ELL,Seeking multiple opinions,567,645,short,128,97.32308851360915,97.32308851360915,0.2787047941575693,0.2787047941575693,4.775216867785303,4.787237344879331,4.496512073627733,,,,high
327C46078B4A,5,11,non_ELL,Summer projects,569,690,main,384,100.46332298379488,76.52068140967926,4.228751562613075,2.886337725199086,16.65761107833382,15.56544642565355,13.771273353134733,12.890281728724876,12.428859515720744,,high
EDF68039869C,5,11,non_ELL,Summer projects,692,790,extended,512,360.6241693167097,55.746998050984025,4.690733712393916,1.5072983233398158,9.755697169715196,8.740125722677591,8.24839884637538,7.874631923016158,7.306592946899365,5.06496345732128,high
FFE46004CDFB,5,8,non_ELL,Community service,490,581,short,128,74.69508544012551,74.69508544012551,1.3489568538897778,1.3489568538897778,9.934946148787276,9.395794913776902,8.585989294897498,,,,high
D930E883CCBC,5,10,non_ELL,Car-free cities,659,917,extended,512,281.9680187871635,95.67773263821418,1.3721711692514749,0.43466587662070566,9.12075073688101,9.11641692503084,8.686084860260305,8.597910473355894,7.793251432089012,7.748579567629536,high
17E78948E2AF,5,8,non_ELL,Community service,514,592,short,128,85.89193170708842,85.89193170708842,2.130295801757807,2.130295801757807,11.097045595785762,10.585666747948764,8.966749794027955,,,,high
6E3219126915,5,8,non_ELL,Mandatory extracurricular activities,616,761,main,384,119.8878378614927,95.01991324086167,1.414348360092287,0.8063428717931949,7.773587948503376,7.749625429006635,6.9672450767101815,6.594512189504715,6.359239588411089,,high
F6BE3A555C49,5,8,non_ELL,Seeking multiple opinions,663,745,main,384,114.93572133740969,74.72421419404196,2.889656704575737,1.646734297132494,9.055095140985568,8.397468685456166,7.408360843853074,6.541223562651353,6.165438436409831,,high
E2630767E36B,6,11,non_ELL,Distance learning,856,995,extended,512,125.12639536695943,69.62689369478653,1.1276375789221742,0.5780469020367853,8.827565204598992,8.56640225882213,8.249518302562207,8.147138642124382,8.108905875481401,7.699927625676818,high
6ECEC81235E5,6,11,non_ELL,Distance learning,685,794,extended,512,174.67926798517158,60.80658406126946,2.919004658050996,1.1339195886538018,14.639856118513283,14.01004477469436,13.505936529859481,12.613150662248712,12.265154891401217,11.720851460462287,high
6ECD533A72F4,5,10,non_ELL,Driverless cars,501,646,short,128,56.28228340156814,56.28228340156814,0.9504249217557099,0.9504249217557099,9.44933369192937,8.823082919025975,8.49890877017366,,,,high
02F01A6790C1,5,10,non_ELL,Exploring Venus,548,736,main,384,116.6399551135091,84.94322985066971,2.5931292339128706,1.4935993130017398,10.88703286651642,10.503483793007602,9.393433553514681,8.824017872694235,8.29390363260355,,high
0E08D2567318,5,10,non_ELL,Driverless cars,653,783,extended,512,226.41961627039484,50.96850922886154,3.3709609146543613,1.2997443927927268,12.355952352298324,11.259613676771753,11.056207959505597,10.554537478239332,10.273088500521938,8.984991437643963,high
258C98EFD4F8,5,11,non_ELL,Distance learning,573,680,main,384,122.53170995280053,69.84298230926748,2.4069062582730787,1.2628223971989563,11.06553890880421,10.49756501510419,9.802716511605254,9.569250918219206,8.658632650531132,,high
848CD0BA745D,6,11,non_ELL,Distance learning,760,891,extended,512,101.9417977596084,74.23671119324293,2.0787353001099937,1.3718163125354943,8.552018649943983,7.996709715871145,7.180202337408489,6.8689691577276,6.652268127085231,6.47328334983399,high
85C8AC30C12F,5,11,non_ELL,Distance learning,483,580,short,128,72.47229236907224,72.47229236907224,0.5530194338896646,0.5530194338896646,9.001306323660238,8.766985835567006,8.448286889770573,,,,high
3CA61DE9B5C6,5,8,non_ELL,Cell phones at school,486,569,short,128,51.830164655906216,51.830164655906216,0.10095825371769607,0.10095825371769607,10.716675612166537,10.635217284032986,10.61571735844884,,,,high
8EADDF7F6FB7,5,11,non_ELL,Distance learning,560,655,main,384,280.7245801771866,57.02091636394836,1.9198237458093157,0.36271286555637605,7.051430166483784,6.819487988008501,6.688717300927408,6.321325329032319,5.131606420674468,,high
6FF1769D744A,5,11,non_ELL,Distance learning,543,646,short,128,68.47352073960613,68.47352073960613,2.1138508939266316,2.1138508939266316,15.71608542381455,14.738589803139545,13.602234529887918,,,,high
610F5BE289C4,5,9,non_ELL,Does the electoral college work?,622,804,extended,512,405.44327921426276,83.66015886109491,2.56256245350792,0.7038687762476474,7.648124657155689,7.452236971082983,6.944255880908042,6.643290323898544,6.6246861163879505,5.085562203647769,high
99EBD3D71311,6,11,non_ELL,Summer projects,730,905,extended,512,202.51671831706648,105.4565937488102,3.244255602139395,0.3290456114286133,15.704627802582301,15.84265710647,15.375582191153688,13.15440922470877,13.028881025455936,12.460372200442906,high
72279B65EB03,5,11,non_ELL,Summer projects,643,754,main,384,92.92984258211503,62.38416552791493,3.006961697310917,2.0301260052743686,12.315591443697032,11.246547238597913,10.285465438422664,9.294645334416167,9.308629746386115,,high
347400AF7204,5,10,non_ELL,Exploring Venus,584,761,main,384,126.8848491861007,74.87124099154681,2.1875625609533564,1.1053820377888695,9.98296965786475,9.543370632316309,8.87758762007588,8.604440586211453,7.7954070969113936,,high
168E5BD0AECE,5,8,non_ELL,Mandatory extracurricular activities,562,666,main,384,105.29525652373813,71.09415478125165,2.866878856339463,1.7906665726508333,11.406130968553896,10.62241421106806,9.615464395903063,9.539726975349913,8.539252112214433,,high
626DA66E75D9,6,11,non_ELL,Summer projects,823,970,extended,512,167.22788921277026,98.3759333636321,1.843808736849434,0.6740266969790927,11.49976762924792,11.553826463809324,10.825740932268827,10.016919897495665,9.756453558062411,9.655958892398486,high
2379C4EA00DF,5,10,non_ELL,Distance learning,602,709,main,384,114.78021718707507,77.71403129094611,2.5093464581670233,1.444554150334321,12.700593628638,12.175296559302806,11.256039478303679,10.588243267658935,10.191247170470977,,high
478B474A0A00,5,11,non_ELL,Distance learning,528,606,short,128,72.26887726849077,72.26887726849077,1.428216427901841,1.428216427901841,7.750926004443104,7.142770674413591,6.322709576541263,,,,high
AB59EE521967,5,8,non_ELL,Cell phones at school,535,682,main,384,63.33010530592738,50.322142533377054,1.9206060384565466,1.123188615022241,9.086908743515712,8.106072697315415,7.963720128493471,7.813443858124167,7.166302705059166,,high
F7CB662CA783,5,11,non_ELL,Summer projects,646,717,main,384,216.6551276973073,55.89846144375727,1.477149490295215,0.36322012955193017,11.605345213014132,11.36216963928493,11.242125083462202,10.700189246876565,10.128195722718917,,high
DB456BAE601B,5,10,non_ELL,Distance learning,552,707,main,384,58.61270752656099,53.37545085007041,1.9356322980019698,1.5547088926767536,11.279866591405593,10.116132434062843,9.72515769872884,9.64418199565043,9.344234293403623,,high
82CD853B398D,5,10,non_ELL,Exploring Venus,724,952,extended,512,97.70123547298721,75.07948219926395,2.573442288277791,1.802803867145272,13.071716772218899,12.35903307294255,11.268912905073627,10.71462516663932,10.83265497406183,10.498274483941108,high
9F1EEDC186E3,5,11,non_ELL,Summer projects,687,804,extended,512,180.40072556995597,74.39809817318515,2.2160080206409454,0.6083081768411542,9.212306854038042,8.967154852546976,8.603998677196888,7.38338453512812,7.381336285160755,6.996298833397097,high
BB485D0F7E4E,5,11,non_ELL,Summer projects,736,860,extended,512,62.389779030233555,55.04511403701542,2.718506886400866,2.06149248881321,10.671755474300655,9.240481158711148,8.610262985487445,8.664474813214978,8.022884677873272,7.953248587899789,high
0BCA18283DBE,5,11,non_ELL,Distance learning,811,896,extended,512,86.82279582034946,61.736002432420484,1.7454158449986652,1.241765645450732,8.101499020108431,7.433344301855186,6.859733374657699,6.62708583191324,6.3670152246072735,6.356083175109766,high
8A2EC5DE84D4,5,9,non_ELL,Does the electoral college work?,592,769,main,384,158.71903868876086,59.81279320188295,3.1039451276049146,1.1405891921158666,11.803232141919267,11.147079883446414,10.6626429498034,8.948491927390407,8.699287014314352,,high
B6AB1B1F7364,5,9,non_ELL,Does the electoral college work?,574,783,extended,512,308.51622306465583,105.70460463079871,2.6984820713859543,0.5572013819019297,9.303959599360567,9.546494841348816,8.746758217458638,8.071308426547661,7.787139048443759,6.605477527974613,high
C584DEDB2BAB,5,8,non_ELL,Seeking multiple opinions,599,718,main,384,81.54359178515799,66.39285581555538,1.2715133080102277,1.020537611797189,7.056501613792219,6.566051932702192,6.03596400199503,5.870394104148551,5.784988305781991,,high
709EF21B80F2,5,8,non_ELL,Seeking multiple opinions,599,702,main,384,132.63803662730726,85.34798445337353,1.1865056601938022,0.5871228744989727,6.566491039888016,6.4198615803702985,5.979368165389043,5.81019435768016,5.379985379694213,,high
52A324E8BDA8,5,9,non_ELL,Does the electoral college work?,560,712,main,384,152.27300382830455,94.18681864945641,2.4808819294991444,1.055893027041476,11.357083259377568,11.300462572759747,10.301190232336092,9.328004705166572,8.876201329878423,,high
41E9768ADAF5,5,11,non_ELL,Summer projects,741,888,extended,512,122.74319190127751,73.65968148362558,2.107453539725234,1.1072854078935874,8.015680304863897,7.5604546202109395,6.90839489697031,6.328728190261963,6.135985858174554,5.9082267651386635,high
40899B186542,5,11,non_ELL,Summer projects,871,974,extended,512,195.83027291474676,55.208825038304525,2.976164834418892,0.7942712802856917,15.743910333226978,15.196345324503062,14.949639052941286,13.64037371004845,13.112661821905697,12.767745498808086,high
A2587E702421,5,9,non_ELL,Does the electoral college work?,506,628,short,128,55.3383092599782,55.3383092599782,1.101995410151405,1.101995410151405,10.628366564336375,9.87287368068269,9.52637115418497,,,,high
DD4953261FCD,5,11,non_ELL,Summer projects,504,603,short,128,62.40958547647057,62.40958547647057,0.5326814361991952,0.5326814361991952,8.05797199238738,7.777701714261369,7.525290556188184,,,,high
F4931416AC4C,5,8,non_ELL,Seeking multiple opinions,592,713,main,384,112.07389146555892,84.89403732036928,1.75535380760532,1.0765502791092585,5.880539821406221,5.603173849756476,4.8039895422969625,4.521925407416774,4.125186013800901,,high
2321FAC1E823,5,11,non_ELL,Summer projects,754,849,extended,512,212.10082211146772,58.33240735643373,2.1607331474261082,0.7400153537963554,8.433808689029743,7.98416329578966,7.693793335233387,7.175784651660757,7.066374605682464,6.273075541603634,high
DFEAEC512BAB,5,10,non_ELL,Summer projects,477,529,short,128,88.22570344854083,88.22570344854083,1.1249371690701615,1.1249371690701615,9.667860208532948,9.447979634585009,8.542923039462787,,,,high
F4138C1AB360,5,11,non_ELL,Distance learning,508,582,short,128,55.41379025931699,55.41379025931699,0.9991511598320715,0.9991511598320715,6.3201973965865275,5.637419496030606,5.321046236754456,,,,high
FFF1442D6698,6,11,non_ELL,Summer projects,651,776,main,384,118.32834645476805,57.162798020211525,1.4922227105526158,0.7895598774965471,9.414497223094905,8.912448204945271,8.624937345598358,8.107489323722282,7.922274512542289,,high
5032D57FC9F1,5,11,non_ELL,Distance learning,628,721,main,384,122.78111088891873,91.16681570769289,3.4528553065801333,1.8580619304048156,13.631195571301198,13.387384021778395,11.773133640896383,11.297603030312413,10.178340264721065,,high
0A6324CE9AD0,5,8,non_ELL,Seeking multiple opinions,594,677,main,384,228.0761585906373,78.42217681635452,4.2797780208084095,1.4389994440771137,12.696331931340834,12.186134505050934,11.25733248726372,10.360876570556892,8.416553910532425,,high
5441B7ECF4ED,5,8,non_ELL,Mandatory extracurricular activities,471,615,short,128,66.04198081209704,66.04198081209704,0.4297310123529683,0.4297310123529683,4.3175544850771415,4.109770406721377,3.887823472724173,,,,high
7666D01522A2,5,8,non_ELL,Grades for extracurricular activities,409,500,short,128,95.0565666302669,95.0565666302669,1.4985554431249692,1.4985554431249692,10.946849021055684,10.903933420985345,9.448293577930714,,,,high
F3A94AC4FD8E,5,11,non_ELL,Summer projects,403,470,short,128,77.03625797776472,77.03625797776472,1.649163183118258,1.649163183118258,12.75429797921005,12.140640035027337,11.105134796091791,,,,high
AA1727BD4947,5,8,non_ELL,Seeking multiple opinions,808,917,extended,512,139.16379211978608,50.41885256537053,1.7632719402466357,0.8378880381176774,10.087367183158538,9.359514643902756,9.24947914504086,8.747881190095308,8.429273462610494,8.324095242911902,high
4779C9C9093F,5,8,non_ELL,Seeking multiple opinions,512,558,short,128,66.74414984344398,66.74414984344398,2.408650132421271,2.408650132421271,9.502686730840246,8.352313220823037,7.094036598418975,,,,high
2FDF1D055178,5,11,non_ELL,Distance learning,544,662,main,384,261.0747895933785,95.88464705346382,1.1067186807623521,0.18503875138649484,6.521485172008119,6.520820543933461,6.336446420621624,5.990970471979203,5.414766491245767,,high
22E3898773C3,5,8,non_ELL,Mandatory extracurricular activities,745,919,extended,512,58.557847945041885,51.02509504808329,1.294891780638257,0.9276142876713731,7.036781835231445,6.2566633356796,6.109167547560072,6.072739415783613,5.762523997974918,5.741890054593188,high
2C24880113A2,5,11,non_ELL,Distance learning,715,829,extended,512,115.81746252010731,94.61104170056518,1.9866868728047855,1.215000357549611,12.993795673440529,12.943252472442751,11.778795315890918,11.136396255150208,11.171023516437065,11.007108800635743,high
65D771A9D1FD,6,11,non_ELL,Distance learning,735,858,extended,512,77.88189917210039,62.667297908256,2.391581019663649,1.9118340332267962,13.506839226660029,12.50938113227103,11.595005193433233,11.364715192271575,11.355184029089282,11.11525820699638,high
C54DFE18A444,5,11,non_ELL,Summer projects,497,597,short,128,59.48619482797721,59.48619482797721,1.8590773076437532,1.8590773076437532,12.457765307111387,11.375577062850548,10.598687999467634,,,,high
876A650B692E,5,11,non_ELL,Distance learning,648,735,main,384,97.47212271520819,90.55531827381711,1.0264523014120606,0.8664087489831847,11.252304521925613,11.12632348361717,10.385895772942428,10.228549834497775,10.225852220513552,,high
6DC4BC2A440B,5,11,non_ELL,Summer projects,639,753,main,384,172.35017902585702,66.89336899022506,1.9315668196642442,0.8426590372312361,8.873816199466972,8.472436426790283,8.031157162235736,7.675805277777163,6.942249379802728,,high
38FC87B30D30,5,10,non_ELL,Driverless cars,620,741,main,384,132.27907176332963,60.25287282049449,2.3603556465003095,1.149712755718431,13.38893389988764,12.737835365293629,12.239221144169209,11.327918679583679,11.02857825338733,,high
DFE2FC3897AF,5,11,non_ELL,Distance learning,708,827,extended,512,240.3753313196142,90.40451384047677,3.267026812612567,1.1408366296920676,24.27956074390643,24.10976547793666,23.138724114214362,22.57754554712067,21.22304589456768,21.012533931293863,high
F7693B02CA5B,6,11,non_ELL,Distance learning,778,940,extended,512,71.6664604964466,54.47245431672566,1.8806389287646095,1.2596647698120247,10.703066786277807,9.806207189505068,9.443402016465782,9.131151677837671,9.050941975050613,8.822427857513198,high
BF2E86982E3A,6,11,non_ELL,Distance learning,854,988,extended,512,147.0786940345945,88.08958631223774,2.5929990305066806,1.2442644979048634,13.317321887724137,13.070703373758661,12.073057389819274,11.722609806327364,11.45904602528842,10.724322857217457,high
451D81265E8E,6,9,non_ELL,Does the electoral college work?,729,963,extended,512,184.08985398422087,48.96649658964668,1.9064893544529644,0.6449104247834336,7.874935466057738,7.266762367857161,7.230025041274304,6.526390042976521,6.333666265962552,5.968446111604774,high
57596DF3AD20,5,10,non_ELL,Facial action coding system,559,664,main,384,145.0206041520141,62.98301740599964,2.00232992116835,0.8605800381668072,9.013967051501679,8.569553247957723,8.153387013334871,7.096146629344524,7.0116371303333285,,high
86542460611A,5,8,non_ELL,Seeking multiple opinions,860,935,extended,512,166.11588341994883,86.17170172398293,3.004585900534055,1.2820735171374196,15.395698231259598,15.094452389149076,14.113624714122178,13.374088203056116,12.992614729209688,12.391112330725543,high
B88A1ED73119,5,8,non_ELL,Mandatory extracurricular activities,699,812,extended,512,221.17968790817977,92.04892090211105,2.4969600267809593,0.6608151470463834,10.91019127247724,10.837566667581399,10.249376125430857,9.442106809760173,9.359593166152228,8.41323124569628,high
A29794857B1E,5,11,non_ELL,Summer projects,516,659,main,384,157.6360464756281,86.2841923348447,2.619142968932632,0.9900998829563274,12.057234715297723,11.826635799191118,11.067134832341395,9.687316339111964,9.43809174636509,,high
0C636C7DADB4,5,10,non_ELL,Distance learning,704,824,extended,512,415.89902171954515,54.88321626998868,2.9707702376203278,0.5175376783036718,8.154325591420397,7.7924619986823975,7.636787913116725,7.199879648467966,7.161987817336912,5.183555353800069,high
61B15EC2F7B6,5,11,non_ELL,Distance learning,493,543,short,128,63.13728661241102,63.13728661241102,0.5886195974290942,0.5886195974290942,8.833866038362757,8.531401868118982,8.245246440933663,,,,high
4DCE9956E3DE,5,10,non_ELL,Exploring Venus,610,799,extended,512,296.72288962207136,57.89067191791325,3.8181737235137323,1.1081818991140882,9.147891037371142,8.463053253244045,8.039709138257054,7.673666636672287,6.306808942338705,5.32971731385741,high
10D09AB4D6C7,5,8,non_ELL,Mandatory extracurricular activities,691,976,extended,512,292.3700123313056,57.311477984992834,1.549693879022298,0.46439514686691474,8.946319180593063,8.652763729019824,8.481924033726148,8.435572060341142,7.506103668710063,7.396625301570765,high
2F7B32094BCD,5,8,non_ELL,Community service,442,540,short,128,64.87488138614319,64.87488138614319,1.7993181090042034,1.7993181090042034,7.202442989745892,6.3152527428744545,5.4031248807416885,,,,high
55AABA963576,6,10,non_ELL,Summer projects,817,977,extended,512,205.4529727488209,57.23559737900108,1.4032572501230813,0.4009628728818537,6.127256530279821,5.873036038893791,5.726293657397967,5.229408710143495,5.170631370788119,4.72399928015674,high
27C714014E17,5,10,non_ELL,Distance learning,608,697,main,384,113.55762702127798,68.97965890474865,3.8216347234306127,2.1771994797448144,20.610619471897564,19.613866971261103,18.43341999215275,17.40130242818605,16.78898474846695,,high
831F54B2B19D,5,11,non_ELL,Distance learning,743,867,extended,512,128.69590063478606,58.62302200506517,3.0113662301908253,1.5020348270068613,12.432945991941155,11.530247672135932,10.930911164934294,10.259865828873863,9.529957999057244,9.42157976175033,high
65AE2F1BF718,6,10,non_ELL,Exploring Venus,659,805,extended,512,376.7378904117968,61.177902646849105,4.020772806261424,0.6771784964521146,8.702824651874401,8.331486928448147,8.025646155422287,7.600069640201019,6.637846284216434,4.682051845612977,high
AB0DA2E65FEB,5,10,non_ELL,Driverless cars,644,731,main,384,97.36603567629896,53.20677454256836,1.2674516497323127,0.718120425269384,8.107485814044896,7.565681270348428,7.389365388775512,7.039448889318092,6.840034164312583,,high
C8F378A4AC05,5,8,non_ELL,Seeking multiple opinions,488,566,short,128,74.94212744267128,74.94212744267128,0.8914636991862386,0.8914636991862386,8.49380549075471,8.13999694054069,7.602341791568471,,,,high
288183B3184A,5,11,non_ELL,Distance learning,446,542,short,128,63.74083671785597,63.74083671785597,0.6852478011452581,0.6852478011452581,6.068647331718501,5.72322591401037,5.383399530573243,,,,high
6B06546E87F1,5,8,non_ELL,Seeking multiple opinions,648,791,extended,512,187.29124119445606,61.977030239382756,3.282334476581908,1.283325412821017,8.440562554866727,7.755597885545998,7.15723714204571,6.384715725097623,6.210402560055347,5.158228078284819,high
9CFB3963E24C,5,11,non_ELL,Summer projects,682,830,extended,512,62.31621401057531,54.44058080411889,4.948312593255995,3.6628257260047263,21.11040901586533,18.498836163645798,17.447583289860603,16.516007157011074,16.15944862148373,16.162096422609334,high
740C597E4A3D,5,10,non_ELL,Car-free cities,553,702,main,384,76.36823258868466,57.52787480499397,1.9639758976133415,1.405058511994433,15.911829670122444,15.031186985855086,14.50677115812801,14.243134820797371,13.947853772509102,,high
199AB1863149,5,10,non_ELL,Driverless cars,752,962,extended,512,119.76981068286474,68.83136786036891,2.720207769977584,1.4617677650644296,16.978033509012025,16.306829371845474,15.516265743947596,14.949741368855541,14.442962103865531,14.257825739034441,high
67D14DACC392,5,10,non_ELL,Distance learning,662,791,extended,512,311.5481954097806,52.90739452533113,2.5065973309005214,0.6088366269679497,9.000041320225243,8.53411114324003,8.391204693257293,8.137177210944552,7.237496801508505,6.493443989324722,high
12BCA50767E9,6,11,non_ELL,Distance learning,815,930,extended,512,134.01470209527668,58.525373715189815,1.8017643922321174,0.8749009009040751,10.215921429626356,9.688184683491505,9.34102052872228,8.788107726981798,8.743894714343822,8.414157037394238,high
60772C514A37,5,11,non_ELL,Summer projects,529,621,short,128,89.92860247628755,89.92860247628755,2.0366165565937067,2.0366165565937067,12.227022456686376,11.902235096023997,10.190405900092669,,,,high
AEEEFCE714A1,6,11,non_ELL,Summer projects,748,894,extended,512,116.38987207798525,88.8986056913258,2.181145582804527,1.280709204097608,7.607423685794881,7.374827861174176,6.326714481697273,5.936985650861801,5.691185280513194,5.426278102990354,high
C72D89FE5EF2,5,8,non_ELL,Cell phones at school,529,640,short,128,71.23890020697962,71.23890020697962,0.44746793600153545,0.44746793600153545,7.4666317869069285,7.271431231281449,7.019163850905393,,,,high
29E8E5721F82,5,8,non_ELL,Mandatory extracurricular activities,593,707,main,384,150.29856868572068,72.59113068059094,0.9002251446942777,0.405510824136182,7.808836136753087,7.637517898239879,7.403325312616905,7.147298845112814,6.90861099205881,,high
916117BFE2A1,5,9,non_ELL,Does the electoral college work?,608,744,main,384,101.29454284799041,86.81964196733452,1.6033277507592514,1.1863319317731307,9.452063028645503,9.187593451411086,8.265731096872372,8.109889218507405,7.848735277886251,,high
851CDCC848DF,5,11,non_ELL,Summer projects,474,569,short,128,52.95332267813555,52.95332267813555,1.3814606914230296,1.3814606914230296,8.676498158311961,7.621611952324546,7.295037466888932,,,,high
2AF2200F56AC,6,8,non_ELL,Seeking multiple opinions,733,846,extended,512,202.45581714049638,54.81414009408369,1.444648400906802,0.5432686363004144,9.167770289621672,8.786765432767094,8.624501653321257,8.316680006983882,7.8626532309572985,7.72312188871487,high
849C004D7070,5,10,non_ELL,Facial action coding system,510,610,short,128,54.45936268728898,54.45936268728898,0.9474283734493234,0.9474283734493234,10.527828036748803,9.852882171799196,9.58039966329948,,,,high
50DFF5C46D9C,5,8,non_ELL,Seeking multiple opinions,778,927,extended,512,363.1412036035408,41.97687560430027,4.256642471702878,0.18797796665738709,9.335534432024035,9.034072573040662,9.147556465366648,8.783150388177145,6.900401699605237,5.078891960321157,high
2CB23505789E,5,8,non_ELL,Seeking multiple opinions,589,705,main,384,108.99397821322952,69.73357679736802,1.6677581565556592,0.996385383504907,7.792041698411021,7.342872542016425,6.795656314906114,6.541855339029636,6.124283541855362,,high
EE90061719C2,5,8,non_ELL,Mandatory extracurricular activities,613,779,extended,512,264.5208904193092,92.04839451298308,2.9074863176815233,0.6075834826619175,10.183362033089118,10.116579751981403,9.5757785504272,8.802545752121128,7.707045175495746,7.275875715407595,high
54D5DB28F38D,5,8,non_ELL,The Face on Mars,566,732,main,384,91.07968392324943,70.96392966302432,8.333779719067408,6.160917758085475,22.670876429633132,19.96653215380115,16.509958671547658,14.865888765322602,14.337096710565724,,high
FB6A513EBFC6,6,10,non_ELL,Exploring Venus,752,985,extended,512,109.7864075919514,71.99080354692938,9.197831294224356,5.4918632859401235,21.998480007389254,19.64430903412735,16.50661672144913,14.61901515656221,14.093768965948724,12.800648713164898,high
1C592378CBD1,5,11,non_ELL,Summer projects,616,770,main,384,134.59530281632735,73.66532045243055,2.1690744382546914,1.0308353991740002,9.16528779618044,8.741555135961372,8.13445239700644,7.092220804999591,6.996213357925749,,high
37848FC43982,5,10,non_ELL,Driverless cars,690,855,extended,512,105.969510688438,61.986511665289854,1.2784963811689032,0.7615141672422538,10.646271186975971,10.239947610166615,9.884757019733717,9.71898711604031,9.524236855063313,9.367774805807068,high
2962D1BB17A2,5,8,non_ELL,Seeking multiple opinions,490,608,short,128,83.1879459351877,83.1879459351877,0.8353827092955219,0.8353827092955219,7.600267367262913,7.361426085387645,6.764884657967391,,,,high
24BCEBE0EEF1,5,8,non_ELL,Cell phones at school,520,578,short,128,61.441280893347965,61.441280893347965,1.5804962522298958,1.5804962522298958,10.301638109640587,9.442710125926673,8.721141857410691,,,,high
F9A5B72FAD82,6,11,non_ELL,Distance learning,812,977,extended,512,165.3819972323674,75.291014603677,1.1715566009894642,0.4871268845374148,6.403077019178656,6.2116883316106835,5.915950134641241,5.578157020912072,5.433751882012935,5.2315204181891914,high
9F398ECA9C9B,5,10,non_ELL,Exploring Venus,669,841,extended,512,99.21421369216542,86.71409945553722,1.2365728335350301,0.9491876880839278,9.898053305569277,9.684564866336043,8.94886561748535,8.690079648942357,8.601551254249879,8.661480472034247,high
E272662CDFFC,5,11,non_ELL,Distance learning,517,589,short,128,85.96385377472669,85.96385377472669,1.575532859252787,1.575532859252787,11.535181254853775,11.159022173251827,9.959648395600988,,,,high
F38B43CAEEEB,5,11,non_ELL,Distance learning,535,612,short,128,53.249503991028774,53.249503991028774,0.8512621215837095,0.8512621215837095,6.482564162215032,5.841598897750995,5.631302040631322,,,,high
0B25AA5D6644,5,10,non_ELL,Distance learning,794,881,extended,512,307.3130534581268,56.23716224719007,3.007962028553335,0.4830526553762784,12.12867353822622,11.809789569583543,11.645620882849942,10.664919299202971,10.564573931203395,9.120711509672885,high
5773EED58DF2,5,9,non_ELL,Does the electoral college work?,525,661,main,384,86.82573030999707,55.53406797633499,1.6923515489315646,1.0656560625695626,9.651131801755565,8.926629050329064,8.585475739186002,8.406373402202679,7.958780252824,,high
CD82370D28EF,6,10,non_ELL,Car-free cities,712,929,extended,512,91.45086737269156,77.02061178936437,5.346693765979195,4.167140521324727,16.32511672653956,14.773709766618602,12.157976205214831,11.718461091020313,11.428894714050426,10.978422960560364,high
4225F6D4303A,5,11,non_ELL,Distance learning,637,733,main,384,197.4029322619262,45.095208002702535,0.6252868749140177,0.2334403944913337,10.063427305498822,9.778204931704488,9.829986911007488,9.68391254254499,9.438140430584804,,high
FEE59DA64E91,5,10,non_ELL,Distance learning,673,843,extended,512,309.28222599084233,45.49196655436441,0.8981495239782138,0.06295360313213649,9.220036361883496,9.145380258486297,9.15708275875136,8.911654017737082,8.573668335852096,8.321886837905282,high
DD586A625C89,5,8,non_ELL,Cell phones at school,427,542,short,128,54.05371743295441,54.05371743295441,0.9631093947920117,0.9631093947920117,9.725995561530203,9.027258472714252,8.762886166738191,,,,high
1E235AB03C8A,5,10,non_ELL,Exploring Venus,443,572,short,128,66.88089589769065,66.88089589769065,1.6009798368091834,1.6009798368091834,9.540545642341003,8.777787430837975,7.93956580553182,,,,high
9222915C4C76,5,8,non_ELL,Seeking multiple opinions,662,804,extended,512,269.7070898682047,63.042550903833146,1.606638743146494,0.5387911195844239,8.584763731667666,8.307059172526996,8.045972612083242,7.878373165387773,6.973229389659811,6.978124988521172,high
A24A28C64B6B,5,11,non_ELL,Distance learning,748,860,extended,512,262.9643254654423,48.592577409526584,1.2962428499679124,0.25787363761810944,8.701602397096215,8.452938304709892,8.443728759478105,8.07879709879969,7.613502328750408,7.4053595471283025,high
F43B82E81D75,5,11,non_ELL,Summer projects,723,800,extended,512,108.33062171232103,83.99498261332494,3.2034429378411797,2.0627188766686615,14.95586762198194,14.393136882424761,12.893148745313278,12.175900838325393,12.012762044006543,11.75242468414076,high
5EF21F142C51,5,8,ELL,Seeking multiple opinions,613,708,main,384,91.62926547185302,79.54427245810518,2.8908287606797156,2.3137684770207745,9.863025739172569,9.077262206472344,7.549257262151794,7.304705980470402,6.972196978492853,,high
216054C99572,5,8,non_ELL,Seeking multiple opinions,782,881,extended,512,164.7223934368962,54.313774036121735,5.496915277316775,2.0684583608553293,15.24164035168805,13.758460781969802,13.17318199083272,10.802968630193222,10.332337855642542,9.744725074371274,high
CF17C124F4F5,5,11,non_ELL,Summer projects,783,901,extended,512,81.54729578061009,59.13707131097888,2.0319717799038015,1.4470227508939555,8.292460500823651,7.439296806444571,6.845437749929696,6.597044236003847,6.365440383879752,6.26048872091985,high
5DB8A4809D87,5,8,non_ELL,Mandatory extracurricular activities,622,745,main,384,177.66150335837534,88.9627725197954,1.774229132006984,0.7995124559563926,9.272101694104503,9.127973860521156,8.47258923814811,8.246799253396519,7.497872562097519,,high
2BA142AF4BEF,5,11,non_ELL,Summer projects,500,585,short,128,85.92584929776174,85.92584929776174,1.1763678970687899,1.1763678970687899,12.465253205204691,12.183586022895634,11.288885308135901,,,,high
B962DFFBD558,5,8,non_ELL,Seeking multiple opinions,591,734,main,384,188.30863638376613,59.53701762916269,2.8070257920633015,1.228458501990561,11.577368413346418,10.863589735620865,10.348909911355857,9.977371707529198,8.770342621283117,,high
6BFE57AA416B,5,11,non_ELL,Summer projects,802,936,extended,512,116.03402399781876,72.619168172333,2.017835697726211,1.1311163683982137,8.727148500727408,8.249610682781018,7.596032132329194,7.295178611920252,6.708854021195593,6.709312803001197,high
F24E35F969B0,5,11,non_ELL,Distance learning,604,697,main,384,118.6689567263003,85.269755108057,2.4692675616910638,1.3859605244952409,10.315041896335577,9.967005139794454,8.929081371840336,8.097913081030299,7.8457743346445135,,high
3426E5BCA485,6,8,non_ELL,Cell phones at school,605,742,main,384,99.17348134743557,60.247472011260186,1.1042264251545735,0.6861017390677144,6.855852767291097,6.467229395234742,6.1697510282233825,5.918649669998922,5.7516263421365235,,high
B4C5B9F3FB4E,5,11,non_ELL,Summer projects,577,687,main,384,252.28649941835934,89.62189341587353,3.9016019606098897,0.30077837134374086,11.396297136742971,11.346310394785673,11.09551876539923,9.396195870833614,7.494695176133082,,high
2A7C4A1CBA41,5,8,non_ELL,Mandatory extracurricular activities,593,718,main,384,118.61173249979606,89.52214835694859,1.504521521642971,0.8567848584189992,6.101161396519702,5.956919320471951,5.244376538100703,4.824497060492817,4.596639874876731,,high
6A0DFADAB711,5,10,non_ELL,Exploring Venus,559,704,main,384,106.30659302743783,79.5446913395885,4.447911179595852,2.8653669566249125,15.33642161751879,14.363349749850977,12.471054660893877,10.783563442457366,10.888510437922937,,high
0640FE8DF9D6,5,10,non_ELL,Distance learning,614,714,main,384,117.68286103874166,82.24501631982733,1.8023782216583193,1.0157028366116432,14.622071185918864,14.316727924534371,13.606368349307221,12.998353484050323,12.819692964260545,,high
ABF484B46756,6,8,non_ELL,Mandatory extracurricular activities,771,937,extended,512,141.50093164196585,87.3501154715767,1.5570824851635043,0.7172279086238973,6.288063669586167,6.1354448205505365,5.57083576096227,4.989534636363528,4.885826778476556,4.730981184422663,high
A1A3E9BD809C,5,11,non_ELL,Distance learning,635,743,main,384,99.48144001169646,88.24008239849395,0.7421065412383108,0.5785364151574086,8.919241084488636,8.806328503630517,8.340704669331227,8.216398027692358,8.177134543250325,,high
22C4C204966D,5,10,non_ELL,Facial action coding system,518,676,main,384,126.27954482652902,84.07968670067221,3.868598906427251,1.9729416835558462,9.761555935682935,9.226084277523137,7.788614252127089,6.949219183701954,5.892957029255684,,high
3B20A3B52316,6,11,non_ELL,Summer projects,470,595,short,128,54.65266170012791,54.65266170012791,3.3918970227165115,3.3918970227165115,13.14729998832995,10.75153947762768,9.755402965613438,,,,high
A3285BFDEAA6,5,11,non_ELL,Distance learning,565,636,short,128,51.714874066834454,51.714874066834454,0.881587592760833,0.881587592760833,5.2955241944151075,4.580054167249057,4.4139366016542745,,,,high
2A4221CE52DC,5,11,non_ELL,Distance learning,616,735,main,384,139.38832873047846,87.81239855389057,2.477418594015198,1.1863580875518043,9.975489813745476,9.73378772544672,8.789131726193672,8.200726265749942,7.498071219730278,,high
D8406ADB1493,5,8,non_ELL,Mandatory extracurricular activities,604,722,main,384,123.62340505240668,86.63967858813464,1.0296955603222093,0.5436091252092332,5.405932551352538,5.282907488667178,4.862323426143305,4.537051891982595,4.3762369910303285,,high
E0CD80A39381,5,9,non_ELL,Does the electoral college work?,763,959,extended,512,152.42733158164583,63.85461330440371,0.6799134009117429,0.3003129684623813,6.383163252234144,6.2323214432477565,6.082850283771763,5.875115858167143,5.801953569176809,5.7032498513224015,high
769F4CA4E31F,5,9,non_ELL,Does the electoral college work?,521,713,main,384,105.68506623535569,93.25038914337203,3.2088246661795132,2.3631893858041826,8.836414869312161,8.649424251826273,6.473225483507979,6.11692057673262,5.627590203132648,,high
C318777ECE9F,5,8,non_ELL,Mandatory extracurricular activities,646,773,main,384,123.39552645143948,86.44606869590949,1.618884781655745,0.8569187625144492,8.00438419537798,7.807364497522259,7.147465432863531,6.483366098768166,6.385499413722235,,high
273D52E9DC95,5,8,non_ELL,Seeking multiple opinions,573,670,main,384,61.498093508385544,55.77875327917802,1.8341545913412585,1.478533163201785,11.720959212385006,10.72609920717424,10.242426049183221,10.103922735209858,9.886804621043748,,high
952CB87D4897,5,8,non_ELL,Seeking multiple opinions,749,879,extended,512,102.92009938559889,62.321166078739374,1.5064826969166472,0.924322344903235,9.809815533619654,9.32206524459559,8.885493188716419,8.619240421689472,8.399664332044956,8.303332836703007,high
