age_bin,story_id,n,half_life_mean,half_life_ci_low,half_life_ci_high,half_life_n,total_benefit_mean,total_benefit_ci_low,total_benefit_ci_high,total_benefit_n,ppl_at_min_ctx_mean,ppl_at_min_ctx_ci_low,ppl_at_min_ctx_ci_high,ppl_at_min_ctx_n,ppl_at_max_ctx_mean,ppl_at_max_ctx_ci_low,ppl_at_max_ctx_ci_high,ppl_at_max_ctx_n
4-5yr,A1,45,14.589158518485421,10.360494363100736,18.84201317081482,43,8824.761422287334,6918.419361971725,10458.868067978729,44,8857.693690386686,6988.899636424671,10607.022875703464,44,32.93226809935136,26.310179207541726,39.27773757414384,44
4-5yr,A2,45,14.991361003209112,10.977160748289073,19.50726841889796,45,10361.863294612036,7938.438249579271,13214.653328208395,45,10379.040613386365,7978.904547320472,13533.20956781387,45,17.17731877432929,14.842991274197896,19.679551457299127,45
4-5yr,A3,45,10.238058861380608,7.634496468845994,13.59126520811874,45,26547.70166156557,11210.713633827369,53756.89565516339,45,26559.035731336804,11220.758005142212,54180.35907378302,45,11.334069771236843,9.874171679814657,13.540230344931283,45
4-5yr,B1,45,12.458424884614152,9.366551345971153,15.761566763598323,44,9577.066612417048,7782.074724206599,11171.031041684475,44,9618.7518417185,7807.280728294633,11466.221224637464,44,41.68522930145264,28.276691847497766,61.34385101036589,44
4-5yr,B2,45,13.02554034267101,9.563012958784544,17.02785231993709,45,11205.223168595632,9051.756357666123,14171.131066436237,45,11224.606665886773,8821.306183861627,14065.515855746798,45,19.383497291141087,16.327699246671465,23.24935116423501,45
4-5yr,B3,45,12.710879079857,9.009450308917968,17.29080624222045,45,11273.804893747965,9102.82443721162,14071.009355892076,45,11285.24840766059,9106.06267062717,14156.294061550563,45,11.443513912624782,10.492889523241255,12.594719377623663,45
5-6yr,A1,46,10.32159847980456,7.811174509837844,13.454012751103843,45,11971.774022663963,10383.868868159188,13495.010931342442,45,11998.70103149414,10438.025980767145,13524.673526831732,45,26.927008830176458,21.164031864007317,34.246463798946806,45
5-6yr,A2,46,10.131701164027337,7.381425675539602,13.475024255681653,46,52649.94752705615,14278.475834551069,93655.32142832383,46,52666.593444077866,14626.477497886577,93479.51642457713,46,16.64591702170994,14.526825723959051,19.111768095389653,46
5-6yr,A3,46,9.727224622546196,7.255801800973722,12.53829572618721,46,28060.29165733379,11970.428442901894,55846.044901503425,46,28071.25352643884,11822.632757385918,64208.769088106565,46,10.961869105048802,9.842926523996436,12.300069101997043,46
5-6yr,B1,46,12.474086768704149,9.49225351884392,15.912559828941198,44,12144.27804782174,9358.314562508192,15355.319710943915,44,12171.564611261541,9413.163407291066,15245.174554842168,44,27.28656343980269,21.947860219803726,33.843878000974655,44
5-6yr,B2,46,12.257364360956247,8.436305216360843,16.46084589352453,46,11150.95865029874,9705.063637454094,12423.844682931383,46,11168.090012177177,9609.345322507363,12408.170076121454,46,17.131361878436543,14.744848969449167,20.000439401035724,46
5-6yr,B3,46,9.19169099835714,6.956038377328712,11.794385063334955,46,11698.334088885265,10556.189140022585,12821.77358010515,46,11708.295235343601,10572.556388523268,12831.813995029615,46,9.961146458335545,9.274810077573942,10.712462057497191,46
6-7yr,A1,49,8.217585723383102,6.905533019263689,9.913144326408887,49,13047.871223060452,11431.641871880027,15393.765439401353,49,13074.639485884685,11319.196158233954,15416.809170158542,49,26.768262824233698,23.01938681359194,31.361695424391296,49
6-7yr,A2,49,9.571199256418357,7.230757740286922,12.429587248978157,49,24265.492647998188,11507.753306905348,48986.89674599925,49,24280.996796588508,11522.797842220385,49001.60514987245,49,15.504148590321444,13.28445059936874,18.156408695298797,49
6-7yr,A3,49,8.561500488754737,6.919948320103648,10.835218130186222,49,12960.116429465157,11258.65279796756,15315.123967474818,49,12969.690760086994,11269.221435235471,15329.829091784417,49,9.574330621836136,8.68555433725824,10.61545034038777,49
6-7yr,B1,49,9.139104536089794,7.48990231031897,11.053561626904733,48,12931.6893440485,11191.058156847457,15328.496897302568,48,12960.711338043213,11218.85044256846,15361.27512296041,48,29.02199399471283,23.47121322999398,36.230543433626494,48
6-7yr,B2,49,10.68272218013085,8.023398939676287,13.771252310578987,49,11769.374677677544,10705.150023192533,12830.345994635749,49,11786.472014213095,10723.085647193753,12848.691568024304,49,17.09733653555111,14.41749546041294,20.658764996090714,49
6-7yr,B3,49,13.258812854551266,8.476171022277951,20.114065841556936,49,11670.486786891002,9708.08018874806,14015.198574131848,49,11680.472658429828,9707.735700463276,14253.135048846809,49,9.985871538823964,9.211940625249124,10.778937083604385,49
7-8yr,A1,50,8.251992570921013,6.728363501539004,10.572717076362345,50,12570.685767555236,11786.764534516573,13093.953103438616,50,12594.461110229493,11814.58734588623,13114.376953125,50,23.77534267425537,19.58634208726883,28.933586774349212,50
7-8yr,A2,50,9.757620196608945,7.647828510871295,12.295138752089908,50,13213.525785713196,11541.774366510868,15518.457177584172,50,13226.815884094238,11554.629424438477,15271.399196166993,50,13.29009838104248,11.70118697690964,15.028464860916138,50
7-8yr,A3,50,8.2568633889809,6.77133610768157,10.188839487251974,50,12998.480198612213,11329.620071194648,15300.700051354408,50,13006.361790161132,11337.441207084656,15274.748813171387,50,7.881591548919678,7.420226611375809,8.395326334238051,50
7-8yr,B1,50,7.533736214396491,6.610304797737684,9.021912096434647,50,12826.289618473053,12303.2216116848,13090.876423788071,50,12854.419031677246,12334.503188781739,13114.376953125,50,28.129413204193114,21.619297536849977,35.70910915899277,50
7-8yr,B2,50,8.370943568816559,6.9581141020671495,10.182104043229025,50,12321.502724552154,11281.67869427824,13101.511919281484,50,12334.503188781739,11294.671502990723,13114.376953125,50,13.00046422958374,11.904931065559387,14.202876943588256,50
7-8yr,B3,50,7.695721590358761,6.4823625817215795,9.587679824099515,50,25201.746532182693,12326.060874963283,49799.858293167825,50,25209.935016479492,12334.503188781739,49176.17328125,50,8.188484296798705,7.681932332992554,8.813290622949602,50
8-9yr,A1,45,8.691973443909287,7.02806580897243,11.136730847705143,45,12424.321544382306,11269.487411439948,13391.238695607715,45,12446.35744934082,11290.988909573025,13330.720287407768,45,22.035904958513047,17.398373513221742,27.353790257506898,45
8-9yr,A2,45,9.778579604440592,7.557429012942972,12.511551240944423,45,64100.14341368146,24393.165125114392,116203.54591442956,45,64111.69675971137,24456.80845336914,116454.9717196316,45,11.5533460299174,10.366041775279575,13.046770127879249,45
8-9yr,A3,45,7.240474374200529,6.504631185515131,8.711720176235962,45,12817.637411997053,12239.421677646373,13106.971081153286,45,12825.53481818305,12247.850548299153,13114.376953125,45,7.897406185997857,7.2885219653447475,8.593769563833872,45
8-9yr,B1,45,9.064009971729147,7.254879237769181,11.823978336691118,45,12514.005619239808,11646.949588621987,13094.554605235524,45,12536.692683241103,11670.166278415256,13114.376953125,45,22.6870640012953,18.24797246032291,28.440433114899527,45
8-9yr,B2,45,10.167641956592416,6.827293536000272,14.89162580239695,45,12756.542820750343,11437.94714294725,14149.005658007993,45,12771.149182425605,11393.3481495444,14188.951875474719,45,14.606361675262452,12.391609177854328,17.363757638136544,45
8-9yr,B3,45,7.318567771046484,6.5428569290852865,8.619404374576616,45,12817.637979835934,12239.682613041401,13106.792203382915,45,12825.53481818305,12247.850548299153,13114.376953125,45,7.896838347117106,7.517303748395707,8.304879936377208,45
9-10yr,A1,50,7.782512166140517,6.536004203118528,9.639114832873018,50,24461.620409345625,12123.547864417553,48435.585830633165,50,24482.74107116699,12074.545267333984,48189.02141448975,50,21.120661821365356,17.246451409339905,25.258491886854173,50
9-10yr,A2,50,11.3744377191489,8.046795692483718,16.196718799896665,50,13213.111060705185,11541.054252962827,15258.956306977272,50,13225.608260650635,11553.421800994873,15531.357117614745,50,12.497199945449829,10.796661538600922,14.423109904766083,50
9-10yr,A3,50,8.139892339971214,6.487717801204581,10.487830217158496,50,12586.750846672057,11806.631785174846,13106.88747370696,50,12594.461110229493,11814.58734588623,13114.376953125,50,7.710263557434082,7.139194851636887,8.320479152679443,50
9-10yr,B1,50,11.05250698471598,7.00481465382536,18.189240155349086,49,24209.437278785706,11781.148646820784,48437.147246114255,50,24232.539394073487,11727.375954082489,58698.03878644943,50,23.102115287780762,17.954311830759046,28.90713754200935,50
9-10yr,B2,50,7.1162332621075075,6.749789535556702,7.498272314956653,50,13675.049314393997,13098.119658978223,14826.454423718214,50,13689.6065234375,13114.376953125,14840.0656640625,50,14.557209043502807,12.763529767274855,16.764218266963958,50
9-10yr,B3,50,7.178773284630182,6.5168018644341705,8.34752141430109,50,13738.28314888954,12326.500371099233,15782.635812749862,50,13746.731726989747,12334.503188781739,15791.3150390625,50,8.448578100204468,7.815965367794037,9.144579766511917,50
