doc_id,mean_nll_0,mean_gain_128,rel_improve_128
ECSC_4051_1_120M_4051_YR1,4.813358109997165,1.9350561140045044,0.40201789889380246
ECSC_4040_1_122F_4040_YR1,4.157958241431944,1.5212306461026592,0.3658600105562312
ECSC_4041_1_122F_4041_YR1,4.201329188193045,2.0605395929467294,0.4904494507922503
ECSC_4058_1_122M_4058_YR1,3.903903369749745,1.7248711095702265,0.4418324292900716
ECSC_4061_1_122M_4061_YR1,4.249837883826225,2.07643784013006,0.48859224678485763
ECSC_4077_1_123F_4077_YR1,3.921477690819771,1.9097362850942925,0.486994045526514
ECSC_4052_1_124M_4052_YR1,5.263139072541268,2.2367303704061814,0.42498029019898054
ECSC_4065_1_125F_4065_YR1,3.6428652578784577,1.6391233259631743,0.4499544204711463
ECSC_4043_1_126F_4043_YR1,3.857802123408164,1.8474533325241456,0.4788875306263812
ECSC_4067_1_128F_4067_YR1,4.336499242628774,1.8147703276526543,0.4184874079564109
ECSC_4073_1_129F_4073_YR1,4.220861921002788,1.8084436389707752,0.4284536364414231
ECSC_4053_1_129M_4053_YR1,4.288815153798749,1.798230017385175,0.4192836372983857
ECSC_1059_1_132F_1059_YR1,4.0749479601460115,1.7051634261685034,0.4184503563837917
ECSC_4046_1_132F_4046_YR1,4.0544137831657165,1.926895406457685,0.4752586957104193
ECSC_4063_1_132F_4063_YR1,3.608411471305355,1.949718542901739,0.5403260017340599
ECSC_4087_1_132M_4087_YR1,4.224801143523186,1.6239340777358702,0.38438118684602135
ECSC_4032_1_134M_4032_YR1,4.258447431748914,1.6399886585531696,0.38511421940452084
ECSC_4072_1_135F_4072_YR1,5.040038826388697,1.9785301678603695,0.39256248533268373
ECSC_2025_1_135M_2025_YR1,5.034497956306703,1.9777227917025164,0.3928341631810632
ECSC_4038_1_135M_4038_YR1,3.8993054789881554,1.3353981656412928,0.3424707740486698
ECSC_4028_1_136F_4028_YR1,3.981126022338868,1.4966452091932296,0.3759351502050586
ECSC_4078_1_136F_4078_YR1,4.056203263805759,1.6604682831033586,0.4093651563076288
ECSC_4064_1_138F_4064_YR1,4.552666390326715,2.135559797671534,0.469078912131376
ECSC_4088_1_138F_4088_YR1,4.172958102533895,1.5643313077188308,0.3748734756692
ECSC_4035_1_59F_4035_YR1,4.777138857687673,1.5934251980435463,0.33355220467985897
ECSC_4004_1_61F_4004_YR1,4.612033616342853,1.717364983597109,0.3723661027776521
ECSC_3007_1_61M_3007_YR1,4.172527879284274,1.6007560668453091,0.3836417905780156
ECSC_1013_1_62F_1013_YR1,4.063795738835489,1.4351792746974574,0.3531622568974687
ECSC_1013_2_62F_1013_YR2,4.081201227249638,1.6192477780003702,0.39675764262464397
ECSC_1013_3_62F_1013_YR3,4.1893020937519685,1.5653386662083286,0.37365141762942194
ECSC_3004_1_62F_3004_YR1,4.397831221549742,1.4606497010877058,0.3321295492037984
ECSC_1037_1_63M_1037_YR1,4.067268396192981,1.4514828630032075,0.35686921088409496
ECSC_1037_2_63M_1037_YR2,4.251741286247007,1.6024134582569525,0.3768840459414207
ECSC_1037_3_63M_1037_YR3,3.778104002245011,1.3560656855183262,0.35892756914911017
ECSC_2017_1_63M_2017_YR1,4.69740482453377,2.081492363252947,0.4431153883909805
ECSC_4071_1_63M_4071_YR1,4.873114187486711,1.6227771828251505,0.3330061887308435
ECSC_1017_1_64F_1017_YR1,4.200285843879946,1.6157398977587298,0.38467379550202613
ECSC_1017_2_64F_1017_YR2,3.93547117171749,1.3993376439617526,0.3555705487104518
ECSC_1017_3_64F_1017_YR3,4.008432575964159,2.0176150231592116,0.5033426370341053
ECSC_4050_1_64F_4050_YR1,4.334045722792227,1.6100513336158566,0.3714892358308058
ECSC_1032_1_64M_1032_YR1,4.533456519342239,1.656560805536086,0.3654078953814334
ECSC_1032_2_64M_1032_YR2,5.0766313429801695,1.9321117516486872,0.3805893359422996
ECSC_1032_3_64M_1032_YR3,4.465622926527454,1.979105693870975,0.44318692519118763
ECSC_1055_1_64M_1055_YR1,3.979739429104713,1.6941777244690923,0.4257006657469071
ECSC_1055_2_64M_1055_YR2,5.0204156937137725,1.9810589136615877,0.3946005738413528
ECSC_1055_3_64M_1055_YR3,4.366852760314941,1.6127744674682618,0.3693219249627155
ECSC_2005_1_64M_2005_YR1,4.516829706007434,1.7059194214882387,0.37768070361814765
ECSC_4001_1_64M_4001_YR1,4.5816540133568555,1.6427715670677925,0.3585542605964211
ECSC_4002_1_64M_4002_YR1,4.454208743187689,1.8618909951179257,0.41800712594925427
ECSC_4012_1_65F_4012_YR1,4.256527931459488,1.705946047075333,0.40078347294913536
ECSC_1020_1_65M_1020_YR1,4.276309787073442,1.5485750097420907,0.36212881826830456
ECSC_1020_2_65M_1020_YR2,4.415383365077357,1.4718498402064848,0.3333458770189252
ECSC_1020_3_65M_1020_YR3,4.327861888947025,1.5974619882722056,0.3691111290662906
ECSC_1053_1_65M_1053_YR1,4.227667940816572,1.545553967020204,0.36558073828326293
ECSC_1053_2_65M_1053_YR2,4.552656813590757,1.879933180539839,0.41293101094899
ECSC_1053_3_65M_1053_YR3,4.1598175771774795,1.6379343398155704,0.393751482950111
ECSC_1097_1_65M_1097_YR1,3.711487886982579,1.1985428071791124,0.32292785095239035
ECSC_1097_2_65M_1097_YR2,4.71019301875945,1.4955125378024197,0.3175055739427641
ECSC_1097_3_65M_1097_YR3,4.143798434349799,1.574073862644934,0.379862555474883
ECSC_2003_1_65M_2003_YR1,3.760201140372984,1.8782326421430036,0.49950323720094847
ECSC_2003_2_65M_2003_YR2,4.460148209910239,1.9610675877140415,0.439686641658374
ECSC_4005_1_65M_4005_YR1,4.578901130922379,2.025211579568924,0.4422920525390255
ECSC_2008_1_66F_2008_YR1,3.801276080839096,1.986310702346025,0.522537868890482
ECSC_2008_2_66F_2008_YR2,4.550004331527218,1.7824937266688194,0.3917564900582242
ECSC_4076_1_66F_4076_YR1,4.769745774422923,1.7778653456318765,0.37273796753810745
ECSC_1036_1_66M_1036_YR1,4.504495224645061,1.7740820842885203,0.3938470340876678
ECSC_1036_2_66M_1036_YR2,4.156768023583196,1.6137758906810515,0.38822851829242866
ECSC_1036_3_66M_1036_YR3,4.23422734660487,1.888744544213818,0.4460659264619482
ECSC_2001_1_66M_2001_YR1,4.186241223735194,1.6441435360139418,0.39274935392923843
ECSC_2001_2_66M_2001_YR2,4.036046689556491,1.7289834035500402,0.42838538216713073
ECSC_2011_1_66M_2011_YR1,4.728900131871622,1.4959495934747882,0.316341972077705
ECSC_2016_1_66M_2016_YR1,5.040902660739037,1.7412070735808345,0.34541573023065664
ECSC_2022_1_66M_2022_YR1,4.8935549828314,1.804769048383159,0.36880530712642035
ECSC_1057_1_67F_1057_YR1,3.7863216154036983,1.6461667053161129,0.434766739998815
ECSC_1057_2_67F_1057_YR2,4.07807192033337,1.6040984136442986,0.39334725943557375
ECSC_1057_3_67F_1057_YR3,3.8908058781777655,1.832270016208772,0.4709230101880344
ECSC_2013_1_67F_2013_YR1,5.116875236265121,1.8324050632936344,0.3581101705014666
ECSC_1028_1_67M_1028_YR1,5.29847658218876,2.1387261682941068,0.40364926316435945
ECSC_1028_2_67M_1028_YR2,4.764957058814264,1.686201489356257,0.35387548482459147
ECSC_1028_3_67M_1028_YR3,4.585883360524332,1.680932729859506,0.36654502474465783
ECSC_4034_1_67M_4034_YR1,4.134382537103468,1.2830395699508732,0.31033402411034894
ECSC_2014_1_68F_2014_YR1,4.204843410368888,1.7398005212506942,0.4137610729951208
ECSC_2014_2_68F_2014_YR2,4.34031152302219,1.49052902633144,0.3434152176463071
ECSC_2019_1_68F_2019_YR1,4.566483380717616,1.8663149618333383,0.40869851179444117
ECSC_4055_1_68F_4055_YR1,4.18316108334449,1.5349584792890858,0.36693745440514264
ECSC_1061_1_68M_1061_YR1,4.201030115927419,1.617606501425466,0.38504996555311843
ECSC_1061_2_68M_1061_YR2,4.235651213122952,1.8272251667514925,0.43139179191392313
ECSC_1061_3_68M_1061_YR3,4.085723483177924,1.4850723143546811,0.36347841954286497
ECSC_2009_1_68M_2009_YR1,4.6565584736485635,1.7672914105076944,0.37952737424189686
ECSC_2009_2_68M_2009_YR2,4.633855462843373,1.648331690603687,0.3557149556823373
ECSC_2006_1_69F_2006_YR1,4.341691118671048,1.9644430460468416,0.4524603414551839
ECSC_2015_1_69F_2015_YR1,4.52419194867534,1.5555811076394974,0.3438362309306888
ECSC_3001_1_69M_3001_YR1,3.979595085882372,1.7548943727247177,0.4409730977280105
ECSC_2010_1_70F_2010_YR1,4.246150552072832,1.4942237067607145,0.35190078364774025
ECSC_2010_2_70F_2010_YR2,3.9994581653225807,1.8909089042294411,0.472791269733641
ECSC_1073_1_70M_1073_YR1,4.398049449920654,1.7367847442626954,0.3948988668815511
ECSC_1073_2_70M_1073_YR2,4.258046376320623,1.3783451672523253,0.32370365313948346
ECSC_1073_3_70M_1073_YR3,4.489599837026288,1.7519657384964726,0.39022759312484673
ECSC_1047_1_71F_1047_YR1,3.58895034405493,1.915094735353224,0.5336085907473098
ECSC_1047_2_71F_1047_YR2,4.097841951923986,1.858513048964162,0.4535345849762624
ECSC_1047_3_71F_1047_YR3,4.178491284770351,1.8731956981843516,0.44829474815748055
ECSC_2021_1_71F_2021_YR1,4.712551584551411,1.5584420111871533,0.3307002551008684
ECSC_2030_1_71F_2030_YR1,4.089437152493385,1.6079645649079353,0.3931994807470112
ECSC_4084_1_71F_4084_YR1,4.059809031025056,1.6890809376393594,0.41604935718192776
ECSC_1011_1_71M_1011_YR1,4.377748477074408,1.7502753849952453,0.3998117740571819
ECSC_1011_2_71M_1011_YR2,4.348834007017074,1.7753193100613935,0.4082288050536815
ECSC_1011_3_71M_1011_YR3,4.415872687678184,1.9554424828098669,0.44282129968697453
ECSC_1083_1_71M_1083_YR1,4.748703058304326,1.570215599479214,0.33066198922109674
ECSC_1083_2_71M_1083_YR2,3.920463143625567,1.5865203488257624,0.4046767666736894
ECSC_1083_3_71M_1083_YR3,4.166502534189532,1.54157208684952,0.3699918754878152
ECSC_1045_1_72F_1045_YR1,4.048196398827336,1.774610112222933,0.4383705574998768
ECSC_1045_2_72F_1045_YR2,4.125744998070502,1.6036725517242183,0.3886989022526143
ECSC_1045_3_72F_1045_YR3,4.107631861778997,1.7039161857097376,0.41481716060401264
ECSC_2028_1_72F_2028_YR1,4.574300716769311,1.5719085677977531,0.34363909701764084
ECSC_4008_1_72F_4008_YR1,4.217807892830141,1.3128111639330462,0.3112543760384858
ECSC_2007_1_72M_2007_YR1,4.419587552547456,1.7733355700969695,0.4012445842542064
ECSC_2007_2_72M_2007_YR2,4.063426282328945,1.794331290644984,0.4415808645152943
ECSC_3002_1_73F_3002_YR1,3.8593076705932616,1.4198123335838315,0.36789301469855984
ECSC_2004_1_73M_2004_YR1,4.82292114996141,1.278813820115981,0.265153374967827
ECSC_2004_2_73M_2004_YR2,4.634441092706496,1.353308746314818,0.2920112089556177
ECSC_4010_1_73M_4010_YR1,4.545643203489243,1.8550382902545313,0.4080914861136925
ECSC_1092_1_74F_1092_YR1,4.239760309650052,1.5742044748798492,0.37129562991965065
ECSC_1092_2_74F_1092_YR2,4.336148385078676,1.713060776264437,0.3950650725328798
ECSC_1092_3_74F_1092_YR3,5.106489513766381,1.9442955240126585,0.38074992982382705
ECSC_2018_1_74F_2018_YR1,4.068043874925182,1.897740980213688,0.46649963436016045
ECSC_2018_2_74F_2018_YR2,4.560997161557598,1.3767114001416387,0.30184438871071045
ECSC_2029_1_74F_2029_YR1,4.681798824187249,1.44330535780999,0.3082800889165811
ECSC_2029_2_74F_2029_YR2,4.46672616774036,1.693482239784733,0.3791327643980998
ECSC_1072_1_74M_1072_YR1,4.343219104889899,1.8431769018211668,0.42438036334524076
ECSC_1072_2_74M_1072_YR2,3.912870471708236,1.5597926059437377,0.3986312905632119
ECSC_1072_3_74M_1072_YR3,4.3133793023324785,1.8969206389880948,0.4397759867680375
ECSC_1025_1_75F_1025_YR1,4.789683163550592,1.684631956008173,0.35172095908727197
ECSC_1025_2_75F_1025_YR2,4.428222434751449,1.8168980767649991,0.41029964134287655
ECSC_1025_3_75F_1025_YR3,4.8584422449911795,1.5940302233542163,0.32809492075316626
ECSC_1042_1_75F_1042_YR1,3.9632091029997794,1.68439833964071,0.42500869771564104
ECSC_1042_2_75F_1042_YR2,3.842225013240691,1.6571583132590018,0.4313017346845301
ECSC_1042_3_75F_1042_YR3,3.9299083540516513,1.6801433811264652,0.42752736953630827
ECSC_2020_1_75F_2020_YR1,5.09322151676301,1.492403216515818,0.2930175354839687
ECSC_2020_2_75F_2020_YR2,4.688166378390404,1.987866227280709,0.4240178498023371
ECSC_2012_1_75M_2012_YR1,4.203346892326108,1.5815465650250835,0.3762588731166713
ECSC_4003_1_75M_4003_YR1,4.3374519840363535,1.709932042706397,0.3942250079077914
ECSC_1014_1_76F_1014_YR1,4.278130119077621,1.8074625482482296,0.4224889140674208
ECSC_1014_2_76F_1014_YR2,4.183861966286935,1.5255336834538364,0.36462333024999544
ECSC_1014_3_76F_1014_YR3,4.156143483807964,1.6057052704595751,0.386345003899718
ECSC_1023_1_76F_1023_YR1,4.001484532510081,2.115878243600169,0.5287733156056722
ECSC_1023_2_76F_1023_YR2,4.697793579101562,1.736831146478653,0.36971210361499457
ECSC_1023_3_76F_1023_YR3,4.016466011539582,1.5517490838323869,0.38634687294106446
ECSC_1065_1_76F_1065_YR1,4.207825254624889,1.7881119303164943,0.4249491892162469
ECSC_1065_2_76F_1065_YR2,4.004257352890507,1.7721906738896525,0.4425766172622201
ECSC_1065_3_76F_1065_YR3,4.195312186210385,1.7810114762475415,0.42452418251532426
ECSC_3005_1_77M_3005_YR1,4.781979173229586,1.922623747394931,0.4020560687838497
ECSC_3006_1_77M_3006_YR1,4.967463068808278,1.7720989392649744,0.3567412408946426
ECSC_1004_1_78F_1004_YR1,4.352157531246062,1.9823470811690052,0.4554860587965531
ECSC_1004_2_78F_1004_YR2,4.1207549925773375,1.8131245013206232,0.43999813252342856
ECSC_1004_3_78F_1004_YR3,4.111801591996224,1.6920663540401766,0.4115145918844545
ECSC_4066_1_78F_4066_YR1,4.138884919689548,1.5703508151635048,0.37941398362950735
ECSC_1068_1_78M_1068_YR1,4.470382711964268,1.5094303882891134,0.33765126736226925
ECSC_1068_2_78M_1068_YR2,4.805880152794623,2.057006382557654,0.42801865988303994
ECSC_1068_3_78M_1068_YR3,4.781708231279927,1.7124971178270154,0.35813500845253976
ECSC_2026_1_78M_2026_YR1,4.006676587750834,1.8962527248167225,0.4732732186605539
ECSC_4017_1_78M_4017_YR1,3.9541587091261343,1.814846103566308,0.45897148725408327
ECSC_1035_1_79M_1035_YR1,4.257611077831638,1.588488058553588,0.3730937442418039
ECSC_1035_2_79M_1035_YR2,4.019611592446604,1.665166821186581,0.4142606276476204
ECSC_1035_3_79M_1035_YR3,4.143212306114934,1.677889459940695,0.40497308271273263
ECSC_4057_1_79M_4057_YR1,4.406283333993728,1.7768205196626723,0.4032469963869104
ECSC_1064_1_80F_1064_YR1,4.381053026260868,1.535223336758152,0.35042336341416785
ECSC_1064_2_80F_1064_YR2,4.167263104838709,1.7866875015920212,0.4287436278063306
ECSC_1064_3_80F_1064_YR3,4.566438121180381,1.7730122750805268,0.38827029470887037
ECSC_2024_1_80F_2024_YR1,4.144937207621913,1.532015445155482,0.3696112554704899
ECSC_1041_1_80M_1041_YR1,4.059266665674025,1.461037674642378,0.35992650766139767
ECSC_1041_2_80M_1041_YR2,4.071218490600586,1.6248132944107057,0.39909754245860024
ECSC_1041_3_80M_1041_YR3,4.062651775729272,1.7721061333533257,0.43619444421500325
ECSC_1080_1_81M_1080_YR1,3.8896781706040904,1.7383805923884914,0.4469214459762131
ECSC_1080_2_81M_1080_YR2,4.12918954664661,1.4104409533162268,0.3415781565323567
ECSC_1080_3_81M_1080_YR3,4.59967279741841,1.4801337623067443,0.32179109851845916
ECSC_1084_1_81M_1084_YR1,4.218857100702101,1.797027203536803,0.42595119024954464
ECSC_1084_2_81M_1084_YR2,4.094136012754133,1.6570710819575094,0.4047425578425751
ECSC_1084_3_81M_1084_YR3,4.554091225900957,1.7582336533454157,0.38607782895204873
ECSC_4029_1_81M_4029_YR1,4.04127296939973,1.846273417626658,0.4568544197846883
ECSC_1003_1_82F_1003_YR1,4.355772056118134,1.7798737127934732,0.40862416349208536
ECSC_1003_2_82F_1003_YR2,4.306326576971239,1.452089148663705,0.3371990309394975
ECSC_1003_3_82F_1003_YR3,4.568463528540827,1.6249186996490728,0.3556816617879565
ECSC_1024_1_82F_1024_YR1,4.580761506480554,1.8062497549480008,0.3943121143488129
ECSC_1024_2_82F_1024_YR2,3.829732507274996,1.643919068382632,0.42925166842849405
ECSC_1024_3_82F_1024_YR3,4.4777112160959565,1.664687899235756,0.37177205471664393
ECSC_1039_1_82F_1039_YR1,4.15236868704519,1.6230270102139444,0.39086775104473787
ECSC_1039_2_82F_1039_YR2,4.014165716786538,1.5998703831626524,0.3985561374490033
ECSC_1039_3_82F_1039_YR3,3.683375094398375,1.6230964104975425,0.44065466288402844
ECSC_1018_1_82M_1018_YR1,4.279646513538976,1.7907033778006032,0.4184231973681895
ECSC_1018_2_82M_1018_YR2,3.8306151974585743,1.9652981076029044,0.5130502559763204
ECSC_4013_1_82M_4013_YR1,3.945052608366935,0.8448195303640058,0.2141465816126901
ECSC_1005_1_83F_1005_YR1,4.7409019624033295,1.588155773762734,0.33499021628315684
ECSC_1005_2_83F_1005_YR2,3.917351215116439,1.5289054682177885,0.3902906286058764
ECSC_1005_3_83F_1005_YR3,3.9311048107762496,1.8795587258954205,0.47812480622318393
ECSC_4068_1_84F_4068_YR1,4.03756963668331,1.5604351377294912,0.38647881724495076
ECSC_1094_1_84M_1094_YR1,4.585737855972782,1.7457374172825966,0.38068844581005157
ECSC_1094_2_84M_1094_YR2,3.856151165500764,1.639219178691987,0.425092043423333
ECSC_1094_3_84M_1094_YR3,4.298291599365973,2.0954418983190286,0.4875057566192393
ECSC_1038_1_85F_1038_YR1,4.392725790700604,1.6889267694565553,0.384482631042441
ECSC_1038_2_85F_1038_YR2,4.291589552356351,1.746040517284024,0.4068517028440753
ECSC_1038_3_85F_1038_YR3,4.745223285305884,1.83712642346659,0.3871527877635301
ECSC_1016_1_85M_1016_YR1,4.031433050094113,1.8468802762608376,0.4581200415117207
ECSC_1016_2_85M_1016_YR2,4.600375710764238,1.878230594435046,0.408277652201373
ECSC_1016_3_85M_1016_YR3,4.148470847837386,1.6433829238337858,0.3961418518079952
ECSC_1048_1_85M_1048_YR1,3.868162681210426,1.457303698408988,0.37674312548637906
ECSC_1048_2_85M_1048_YR2,3.909825820692124,1.8921100477057116,0.48393717123970675
ECSC_1048_3_85M_1048_YR3,4.365762215275917,1.864043336529886,0.4269685898163554
ECSC_1058_1_86F_1058_YR1,4.3268528415310765,1.678218556796351,0.3878612511819343
ECSC_1058_2_86F_1058_YR2,4.248475333183043,1.7045872113397045,0.4012232807440107
ECSC_1058_3_86F_1058_YR3,4.424445942909487,1.7346517064879017,0.3920607752633556
ECSC_1076_1_87M_1076_YR1,3.9042280012561426,1.3283371710969554,0.34023042984927554
ECSC_1076_2_87M_1076_YR2,4.157941815160935,1.6619357376329362,0.3997015378072601
ECSC_1076_3_87M_1076_YR3,4.319485663598583,1.6552622101960643,0.3832081731733444
ECSC_1086_1_87M_1086_YR1,3.718844235327936,1.5746980313331849,0.4234374799498222
ECSC_1086_2_87M_1086_YR2,4.1807143519001615,1.5825449178295752,0.37853457199492674
ECSC_1086_3_87M_1086_YR3,3.9671387703188,1.60720019648152,0.4051283026714906
ECSC_2002_1_87M_2002_YR1,4.739371711977066,1.8989887306767128,0.4006836446016037
ECSC_1075_1_88F_1075_YR1,4.112027961977067,1.3504586318808218,0.3284166947229415
ECSC_1075_2_88F_1075_YR2,4.457480959738456,1.576373614515028,0.35364674100762106
ECSC_1075_3_88F_1075_YR3,4.320048529101956,1.5598521055713777,0.3610728201462211
ECSC_4011_1_88F_4011_YR1,4.635271404635522,1.655405197989556,0.35713231297180603
ECSC_1078_1_88M_1078_YR1,4.248238249747984,1.837066408126585,0.4324301746107494
ECSC_1078_2_88M_1078_YR2,4.594961609378938,1.7927068848763743,0.3901462160678812
ECSC_1078_3_88M_1078_YR3,4.670461183978665,1.999703169061292,0.4281596806587285
ECSC_1002_1_89F_1002_YR1,4.317863378217144,1.831517443349284,0.4241721617661562
ECSC_1002_2_89F_1002_YR2,4.226315652170489,1.6385533798125482,0.3877025557641546
ECSC_1002_3_89F_1002_YR3,4.201047512792772,1.8274187027446689,0.43499120092784616
ECSC_1030_1_89F_1030_YR1,3.946611896637948,1.7343061660566637,0.4394417823384381
ECSC_1030_2_89F_1030_YR2,4.269792199903918,1.9216429218890203,0.4500553731706809
ECSC_1030_3_89F_1030_YR3,3.8585486258229897,1.9552676836809808,0.5067365668519835
ECSC_1054_1_89F_1054_YR1,4.019227796985257,1.9997886808649183,0.497555446437975
ECSC_1054_2_89F_1054_YR2,4.190129144730107,1.8049450116772807,0.4307611888161839
ECSC_1054_3_89F_1054_YR3,3.554772510067109,1.7440788414930146,0.4906302264220247
ECSC_1026_1_89M_1026_YR1,4.1786488071564705,1.7620302990559609,0.42167465618030847
ECSC_1026_2_89M_1026_YR2,4.379395441855154,1.5959076212298489,0.3644127693921623
ECSC_1026_3_89M_1026_YR3,3.971289770064815,1.668578904626831,0.4201604519530183
ECSC_1031_1_90F_1031_YR1,4.455995668903474,2.0858162303124703,0.4680920685961406
ECSC_1031_2_90F_1031_YR2,4.594050961156045,2.0301315599872227,0.4419044492872498
ECSC_1031_3_90F_1031_YR3,4.173289286705756,1.9343579437463512,0.46350919163652415
ECSC_1044_1_90F_1044_YR1,4.680891370004224,1.6838303975520597,0.359724305576128
ECSC_1044_2_90F_1044_YR2,4.3452320375750135,1.652147664994963,0.3802208146097057
ECSC_1044_3_90F_1044_YR3,4.132324249513687,1.9067988435106895,0.4614349524326634
ECSC_1060_1_90M_1060_YR1,4.766638417397776,1.7590703679669286,0.36903792860530166
ECSC_1060_2_90M_1060_YR2,3.960775246158723,1.62885988546956,0.41124774425140037
ECSC_1060_3_90M_1060_YR3,4.476963701555805,1.951295306990224,0.4358523850242794
ECSC_1040_1_91F_1040_YR1,4.415882565898281,2.1513798379128977,0.4871913611396645
ECSC_1040_2_91F_1040_YR2,4.4804350545329426,1.959405620924888,0.4373248573132468
ECSC_1040_3_91F_1040_YR3,4.179376177633962,2.035277272905073,0.48698111545854883
ECSC_1027_1_91M_1027_YR1,4.230573648022067,1.576847952412021,0.37272674667872746
ECSC_1027_2_91M_1027_YR2,4.852783688422173,2.0144108618459393,0.4151041940426778
ECSC_1027_3_91M_1027_YR3,4.29013917984501,1.7907865816547026,0.4174192273452999
ECSC_4070_1_91M_4070_YR1,4.429883101678664,1.9016511590250076,0.429277955055833
ECSC_1098_1_92M_1098_YR1,4.794633213166268,1.2868225489893268,0.26838811057656237
ECSC_1098_2_92M_1098_YR2,4.285101539857926,1.512893457181992,0.3530589516047156
ECSC_1098_3_92M_1098_YR3,4.156217312043713,1.8531684450564847,0.4458786213335021
ECSC_1034_1_93F_1034_YR1,4.244593328045261,1.7527503309711332,0.41293716394223273
ECSC_1034_2_93F_1034_YR2,4.988428445016185,2.489487327491083,0.49905242802034544
ECSC_1034_3_93F_1034_YR3,4.369450193835843,1.6468639614120604,0.3769041614744475
ECSC_1087_1_93F_1087_YR1,4.944841151083669,1.6612824962985129,0.33596276311817225
ECSC_1087_2_93F_1087_YR2,3.955602067516696,1.922098594711673,0.4859180882970757
ECSC_1087_3_93F_1087_YR3,4.5271279734949905,2.029598586020931,0.448319242995479
ECSC_4019_1_93M_4019_YR1,4.389260599690099,1.8476739830547764,0.4209533567419602
ECSC_1008_1_94F_1008_YR1,4.098311190451345,1.7274234937083337,0.4214964197284622
ECSC_1008_2_94F_1008_YR2,4.420756539990824,1.9750511351131623,0.44676767816697316
ECSC_1008_3_94F_1008_YR3,4.252787565415906,1.8686850789694056,0.4394024037705856
ECSC_1009_1_94F_1009_YR1,4.388249046571793,2.254926673539223,0.5138556744633321
ECSC_1009_2_94F_1009_YR2,4.573374742077243,2.178139039681804,0.47626515702767136
ECSC_1009_3_94F_1009_YR3,4.244906870011361,2.1891827215590784,0.515719847006495
ECSC_1012_1_94F_1012_YR1,4.257911214520854,1.8539619865917392,0.4354158396420125
ECSC_1012_2_94F_1012_YR2,4.47167324558381,1.66447013751153,0.37222534968433746
ECSC_1012_3_94F_1012_YR3,3.988118541625238,1.5111412111789948,0.3789108060371682
ECSC_1021_1_94F_1021_YR1,4.255359280493951,1.5563687700898416,0.3657432116775772
ECSC_1021_2_94F_1021_YR2,4.295004072496967,1.658595004389363,0.3861684357903561
ECSC_1021_3_94F_1021_YR3,4.429368852799938,1.7294126860557064,0.39044223760287927
ECSC_4045_1_94M_4045_YR1,4.220116252283896,1.5701440399692903,0.3720617978520236
ECSC_4020_1_95F_4020_YR1,3.895562721067859,1.461880324059917,0.37526807517533267
ECSC_4039_1_95F_4039_YR1,4.303954176748952,1.5578851239335154,0.3619660107790191
ECSC_4049_1_95F_4049_YR1,4.048469811101114,1.652269708533441,0.4081220277357217
ECSC_4023_1_95M_4023_YR1,4.368006546266617,1.5403305599766393,0.3526392517184244
ECSC_2027_1_100M_2027_YR1,4.575870021697014,1.7680283869466475,0.3863808147004477
ECSC_1015_1_102F_1015_YR1,4.443525837313745,1.832737439822766,0.412451172092366
ECSC_1015_2_102F_1015_YR2,4.620174863261562,1.9312241279309792,0.4179980596162225
ECSC_1015_3_102F_1015_YR3,4.2253561450589086,1.8092626883137612,0.42819176093108646
ECSC_1059_1_104F_1059_YR1,3.914933315400154,1.694092414263756,0.4327257395674437
ECSC_1059_2_104F_1059_YR2,4.135686966680712,1.8766347794763505,0.4537661565286531
ECSC_1059_3_104F_1059_YR3,4.64672734660487,1.7482174806056483,0.3762255347051905
ECSC_4015_1_104F_4015_YR1,4.5367321383568555,1.956433440408399,0.4312428816035397
ECSC_4079_1_104F_4079_YR1,4.373808805404171,1.4200527680497017,0.32467188924562024
ECSC_1022_1_106M_1022_YR1,4.374129867553711,1.827926993370056,0.4178949982553554
ECSC_1022_2_106M_1022_YR2,4.179818830182476,1.6192124384545512,0.3873881869621278
ECSC_1022_3_106M_1022_YR3,4.592268436185775,1.848980264894424,0.4026289600853868
ECSC_1001_1_107F_1001_YR1,4.06048139141452,1.5545273016537389,0.3828431045000307
ECSC_1001_2_107F_1001_YR2,4.319811931733162,1.852910629395516,0.4289331708596178
ECSC_1001_3_107F_1001_YR3,4.360436128800915,1.819390296166943,0.4172496150441862
ECSC_4007_1_107M_4007_YR1,4.535038794240644,1.6081729781243108,0.35461063313651026
ECSC_4054_1_96F_4054_YR1,3.952843058493829,1.845608637121416,0.46690663145747485
ECSC_4062_1_96F_4062_YR1,4.076646497172694,1.7721688204234645,0.4347124092443456
ECSC_4056_1_96M_4056_YR1,4.343354502031881,1.828775819847661,0.42105147507350243
ECSC_1006_1_97F_1006_YR1,3.8821791125882057,1.8233300162899877,0.4696666391248481
ECSC_1006_2_97F_1006_YR2,4.063598712798088,1.855636998530357,0.4566486825301246
ECSC_1006_3_97F_1006_YR3,4.388461531362226,1.8549904536816384,0.42269721186454823
ECSC_1099_1_97F_1099_YR1,4.885026687960471,1.826085627655829,0.3738128252515712
ECSC_1099_2_97F_1099_YR2,4.23039294827369,1.6805077885427782,0.3972462627209485
ECSC_1099_3_97F_1099_YR3,4.3756654831670945,1.6244883152746386,0.3712551431374133
ECSC_4025_1_97F_4025_YR1,4.791052321464786,2.1499780454943256,0.4487486049488612
ECSC_4047_1_97F_4047_YR1,4.022267393142946,2.047740215928324,0.5091009661414496
ECSC_1056_1_97M_1056_YR1,4.215422433422458,2.0847418157323716,0.49455110339672204
ECSC_1056_2_97M_1056_YR2,4.575265589068013,2.250074433991986,0.49179099883692845
ECSC_1056_3_97M_1056_YR3,4.271615765171665,1.5420881218487217,0.36100815396881775
ECSC_4009_2_97M_4009_YR2,3.846336530870007,1.7588190741596683,0.4572712398001844
ECSC_4006_1_98F_4006_YR1,4.2893881643972085,1.6978154505452805,0.3958176284061892
ECSC_4042_1_98F_4042_YR1,4.154896471577306,2.084332866149564,0.5016569920353027
ECSC_4074_1_98F_4074_YR1,3.5694917555778263,1.7299446921675437,0.4846473421501156
ECSC_1067_1_98M_1067_YR1,4.160214602562689,1.822196590515875,0.4380054311124727
ECSC_1067_2_98M_1067_YR2,4.276788668478689,1.8673871265303703,0.43663301399332993
ECSC_1067_3_98M_1067_YR3,3.821916057217505,1.8592029277715951,0.48645833658763377
ECSC_1091_1_98M_1091_YR1,4.893395903802686,1.7066560895212235,0.34876722077503913
ECSC_1091_2_98M_1091_YR2,4.7146209286105245,1.8721764387142272,0.3971000992578184
ECSC_1091_3_98M_1091_YR3,4.6077109552198845,1.837737152653356,0.39883950415150493
ECSC_4014_1_98M_4014_YR1,4.019137179466986,1.65565612277677,0.41194317308580686
ECSC_4036_1_98M_4036_YR1,4.471920662541542,1.6719423467113128,0.37387567286605033
ECSC_1010_1_99M_1010_YR1,4.386145045680385,1.6080317281907603,0.3666161769489135
ECSC_1010_2_99M_1010_YR2,4.4934932831794985,1.5583840016395816,0.3468090199384704
ECSC_1010_3_99M_1010_YR3,3.942239499861194,1.5816048212589755,0.4011945041174347
ECSC_2031_1_108F_2031_YR1,4.367792024920064,1.7071952131486707,0.390860005102902
ECSC_3003_1_108F_3003_YR1,4.20878406647713,1.6177662241843436,0.38437852800998157
ECSC_4021_1_108M_4021_YR1,4.35605205105197,1.999505935176726,0.4590179161642141
ECSC_4024_1_109F_4024_YR1,3.958441789688602,1.804200013222233,0.45578540978473336
ECSC_4090_1_109M_4090_YR1,4.090061159672276,1.4758213060517469,0.3608311094717224
ECSC_4033_1_110M_4033_YR1,4.599104678246283,1.4520696993797055,0.31572877787452414
ECSC_4027_1_111F_4027_YR1,4.070306390331638,1.6100422842368,0.39555800714688166
ECSC_2023_1_111M_2023_YR1,4.813606606760333,1.7180437910941335,0.35691404209917693
ECSC_4044_1_113M_4044_YR1,4.391604115886073,1.747742768449168,0.39797366117927824
ECSC_4030_1_114F_4030_YR1,4.042570545596462,1.678294485134463,0.4151552746463794
ECSC_4075_1_114M_4075_YR1,4.16467998873803,1.726215895529716,0.4144894446146364
ECSC_4060_1_115F_4060_YR1,4.064839430778258,1.55711885306143,0.3830701998389399
ECSC_4037_1_115M_4037_YR1,4.895289464150705,1.790060038720408,0.36566990610655736
ECSC_4018_1_116F_4018_YR1,3.9347171906502014,1.7377907399208314,0.4416558181234027
ECSC_4031_1_117F_4031_YR1,3.841225227232902,1.6358962646535329,0.4258787672890457
ECSC_4048_1_117M_4048_YR1,4.195270132249402,1.5791755757985575,0.3764180913308297
ECSC_4022_1_118M_4022_YR1,4.241285216423773,1.6704641666143174,0.3938580126952281
