target_idx,target_pos,target_pos_frac,I_512,I_256,doc_id,age_months,age_group
0,256,0.7757575757575758,,6.540170533064236,31321319,96,grade2
1,257,0.7787878787878788,,6.924227912997733,31321319,96,grade2
2,259,0.7848484848484848,,6.328199665822545,31321319,96,grade2
3,261,0.7909090909090909,,7.061395082354311,31321319,96,grade2
4,263,0.796969696969697,,4.653230151153751,31321319,96,grade2
5,264,0.8,,5.973369552696578,31321319,96,grade2
6,266,0.806060606060606,,6.3662312041058104,31321319,96,grade2
7,268,0.8121212121212121,,5.311681593956737,31321319,96,grade2
8,270,0.8181818181818182,,4.942186284769109,31321319,96,grade2
9,272,0.8242424242424242,,5.526646868751461,31321319,96,grade2
10,273,0.8272727272727273,,5.013183231440404,31321319,96,grade2
11,275,0.8333333333333334,,4.7324641803760805,31321319,96,grade2
12,277,0.8393939393939394,,3.125224426254163,31321319,96,grade2
13,279,0.8454545454545455,,4.31931365714747,31321319,96,grade2
14,281,0.8515151515151516,,2.8877539735724174,31321319,96,grade2
15,282,0.8545454545454545,,2.890610782852395,31321319,96,grade2
16,284,0.8606060606060606,,2.4455701619347714,31321319,96,grade2
17,286,0.8666666666666667,,0.8224386132629675,31321319,96,grade2
18,288,0.8727272727272727,,1.464375939060421,31321319,96,grade2
19,290,0.8787878787878788,,1.528965254485069,31321319,96,grade2
0,256,0.6384039900249376,,0.6006896569412206,31321321,96,grade2
1,261,0.6508728179551122,,0.5347993664704909,31321321,96,grade2
2,266,0.6633416458852868,,2.5194959775571277,31321321,96,grade2
3,272,0.6783042394014963,,0.7673999560556721,31321321,96,grade2
4,277,0.6907730673316709,,1.8860375904997708,31321321,96,grade2
5,283,0.7057356608478803,,0.9503799326165225,31321321,96,grade2
6,288,0.7182044887780549,,3.048916444402048,31321321,96,grade2
7,294,0.7331670822942643,,4.9047990679480105,31321321,96,grade2
8,299,0.7456359102244389,,3.6406388215667125,31321321,96,grade2
9,305,0.7605985037406484,,3.0656053213738,31321321,96,grade2
10,310,0.773067331670823,,4.089664693049899,31321321,96,grade2
11,316,0.7880299251870324,,2.455062794830848,31321321,96,grade2
12,321,0.800498753117207,,1.2017773528193771,31321321,96,grade2
13,327,0.8154613466334164,,0.49599461982698934,31321321,96,grade2
14,332,0.827930174563591,,0.0649486518747695,31321321,96,grade2
15,338,0.8428927680798005,,4.63182582260608,31321321,96,grade2
16,343,0.8553615960099751,,8.48563970710791,31321321,96,grade2
17,349,0.8703241895261845,,7.423456657305147,31321321,96,grade2
18,354,0.8827930174563591,,10.052231747312817,31321321,96,grade2
19,360,0.8977556109725686,,8.747362666618844,31321321,96,grade2
0,256,0.3550624133148405,,3.0798823327113976,31321347,89,grade2
1,276,0.3828016643550624,,16.70526779047963,31321347,89,grade2
2,297,0.4119278779472954,,8.652733173589512,31321347,89,grade2
3,317,0.43966712898751736,,11.941021622709007,31321347,89,grade2
4,338,0.46879334257975036,,5.856026963631832,31321347,89,grade2
5,359,0.49791955617198336,,7.751197364774038,31321347,89,grade2
6,379,0.5256588072122053,,2.6243036465856378,31321347,89,grade2
7,400,0.5547850208044383,,8.272825540559202,31321347,89,grade2
8,421,0.5839112343966713,,15.010950149506488,31321347,89,grade2
9,441,0.6116504854368932,,7.394759839565605,31321347,89,grade2
10,462,0.6407766990291263,,1.3978776282303702,31321347,89,grade2
11,482,0.6685159500693482,,2.2036108656443805,31321347,89,grade2
12,503,0.6976421636615812,,8.690194559906088,31321347,89,grade2
13,524,0.7267683772538142,,11.606112341694686,31321347,89,grade2
14,544,0.7545076282940361,,4.99018795869376,31321347,89,grade2
15,565,0.7836338418862691,,8.93545652780237,31321347,89,grade2
16,586,0.812760055478502,,25.85468133005423,31321347,89,grade2
17,606,0.840499306518724,,4.137718236385744,31321347,89,grade2
18,627,0.869625520110957,,1.599358199059532,31321347,89,grade2
19,648,0.8987517337031901,6.003630599916907,5.906815023477048,31321347,89,grade2
0,256,0.6719160104986877,,4.265412123174206,31321414,89,grade2
1,260,0.6824146981627297,,15.984531278338764,31321414,89,grade2
2,264,0.6929133858267716,,22.32175709696017,31321414,89,grade2
3,269,0.7060367454068242,,16.51360553540137,31321414,89,grade2
4,273,0.7165354330708661,,11.017448744411109,31321414,89,grade2
5,278,0.7296587926509186,,10.201261578220077,31321414,89,grade2
6,282,0.7401574803149606,,7.857247150083549,31321414,89,grade2
7,287,0.7532808398950132,,3.766844285563562,31321414,89,grade2
8,291,0.7637795275590551,,4.407079543937009,31321414,89,grade2
9,296,0.7769028871391076,,3.741837806852687,31321414,89,grade2
10,300,0.7874015748031497,,4.934548772147817,31321414,89,grade2
11,305,0.800524934383202,,2.7773823172597822,31321414,89,grade2
12,309,0.8110236220472441,,1.6300988076880518,31321414,89,grade2
13,314,0.8241469816272966,,2.5052410537346823,31321414,89,grade2
14,318,0.8346456692913385,,2.0456341587792934,31321414,89,grade2
15,323,0.847769028871391,,5.039025603926952,31321414,89,grade2
16,327,0.8582677165354331,,10.272113834851524,31321414,89,grade2
17,332,0.8713910761154856,,7.433254267124724,31321414,89,grade2
18,336,0.8818897637795275,,9.712384305886303,31321414,89,grade2
19,341,0.89501312335958,,12.613519758823374,31321414,89,grade2
0,256,0.5493562231759657,,17.010464294243345,31321445,101,grade2
1,264,0.5665236051502146,,10.998707958180493,31321445,101,grade2
2,273,0.5858369098712446,,5.230495638098297,31321445,101,grade2
3,281,0.6030042918454935,,3.718508302009882,31321445,101,grade2
4,290,0.6223175965665236,,2.9997157571871185,31321445,101,grade2
5,298,0.6394849785407726,,1.5408738033174156,31321445,101,grade2
6,307,0.6587982832618026,,0.23071716478168547,31321445,101,grade2
7,316,0.6781115879828327,,2.189038968415989,31321445,101,grade2
8,324,0.6952789699570815,,2.0356307300608396,31321445,101,grade2
9,333,0.7145922746781116,,3.05861392108826,31321445,101,grade2
10,341,0.7317596566523605,,3.4183472778388344,31321445,101,grade2
11,350,0.7510729613733905,,6.86453154941468,31321445,101,grade2
12,358,0.7682403433476395,,6.289616244336999,31321445,101,grade2
13,367,0.7875536480686696,,4.1281044692984565,31321445,101,grade2
14,376,0.8068669527896996,,5.6527931288019,31321445,101,grade2
15,384,0.8240343347639485,,2.195424513150847,31321445,101,grade2
16,393,0.8433476394849786,,2.4923636109401786,31321445,101,grade2
17,401,0.8605150214592274,,10.580101821305233,31321445,101,grade2
18,410,0.8798283261802575,,18.439076121546247,31321445,101,grade2
19,419,0.8991416309012875,,17.847018366504717,31321445,101,grade2
0,256,0.6109785202863962,,24.247059719393796,31322043,97,grade2
1,262,0.6252983293556086,,21.78933123602657,31322043,97,grade2
2,268,0.639618138424821,,35.089711129650006,31322043,97,grade2
3,275,0.6563245823389021,,27.868504434967615,31322043,97,grade2
4,281,0.6706443914081146,,16.73527084804288,31322043,97,grade2
5,287,0.684964200477327,,2.3955304589954416,31322043,97,grade2
6,294,0.7016706443914081,,1.4404225419771706,31322043,97,grade2
7,300,0.7159904534606205,,5.275032521972358,31322043,97,grade2
8,306,0.7303102625298329,,2.8489061534546813,31322043,97,grade2
9,313,0.747016706443914,,2.522246934766436,31322043,97,grade2
10,319,0.7613365155131265,,2.1824805475473124,31322043,97,grade2
11,326,0.7780429594272077,,2.8853531857813834,31322043,97,grade2
12,332,0.7923627684964201,,7.028139597185746,31322043,97,grade2
13,338,0.8066825775656324,,5.647508994734819,31322043,97,grade2
14,345,0.8233890214797136,,7.421110028227508,31322043,97,grade2
15,351,0.837708830548926,,4.745341176543937,31322043,97,grade2
16,357,0.8520286396181385,,8.565007862852589,31322043,97,grade2
17,364,0.8687350835322196,,10.218979306510862,31322043,97,grade2
18,370,0.883054892601432,,5.399421104928772,31322043,97,grade2
19,377,0.8997613365155132,,4.111314651586056,31322043,97,grade2
0,256,0.624390243902439,,3.0195416734327605,31322238,101,grade2
1,261,0.6365853658536585,,2.7767735920525958,31322238,101,grade2
2,267,0.651219512195122,,4.550242863200761,31322238,101,grade2
3,273,0.6658536585365854,,7.012860789249066,31322238,101,grade2
4,279,0.6804878048780488,,5.8959346610318715,31322238,101,grade2
5,285,0.6951219512195121,,9.843071153607521,31322238,101,grade2
6,291,0.7097560975609756,,8.113781445735416,31322238,101,grade2
7,297,0.724390243902439,,12.996307596569933,31322238,101,grade2
8,303,0.7390243902439024,,8.548650501531759,31322238,101,grade2
9,309,0.7536585365853659,,4.179090197471705,31322238,101,grade2
10,315,0.7682926829268293,,3.84252188895419,31322238,101,grade2
11,321,0.7829268292682927,,5.403226226802895,31322238,101,grade2
12,327,0.7975609756097561,,4.7345570935773065,31322238,101,grade2
13,333,0.8121951219512196,,2.4680239258972287,31322238,101,grade2
14,339,0.8268292682926829,,4.434936924858146,31322238,101,grade2
15,345,0.8414634146341463,,13.976760362935435,31322238,101,grade2
16,351,0.8560975609756097,,8.039669378122754,31322238,101,grade2
17,357,0.8707317073170732,,8.096102403027519,31322238,101,grade2
18,363,0.8853658536585366,,3.8582232528433007,31322238,101,grade2
19,369,0.9,,2.6334510645657776,31322238,101,grade2
0,256,0.3610719322990127,,5.29099810243423,31322239,101,grade2
1,276,0.38928067700987307,,27.423638412235057,31322239,101,grade2
2,296,0.41748942172073344,,25.194093732823795,31322239,101,grade2
3,316,0.44569816643159377,,7.770197328071136,31322239,101,grade2
4,336,0.47390691114245415,,5.807086357747535,31322239,101,grade2
5,356,0.5021156558533145,,12.680987424369194,31322239,101,grade2
6,376,0.5303244005641748,,39.78804449179087,31322239,101,grade2
7,396,0.5585331452750353,,25.258144568539194,31322239,101,grade2
8,416,0.5867418899858956,,11.676964590046865,31322239,101,grade2
9,436,0.614950634696756,,1.8606373772978735,31322239,101,grade2
10,457,0.6445698166431594,,19.47248088539956,31322239,101,grade2
11,477,0.6727785613540197,,24.141195868423413,31322239,101,grade2
12,497,0.7009873060648801,,1.5609208748157588,31322239,101,grade2
13,517,0.7291960507757405,,2.0136198762525384,31322239,101,grade2
14,537,0.7574047954866009,,1.7716339263630188,31322239,101,grade2
15,557,0.7856135401974612,,1.234998152218508,31322239,101,grade2
16,577,0.8138222849083215,,5.215914109886896,31322239,101,grade2
17,597,0.842031029619182,,70.95515659054871,31322239,101,grade2
18,617,0.8702397743300423,,20.876621387620705,31322239,101,grade2
19,638,0.8998589562764457,5.0068760283924805,5.080465539753134,31322239,101,grade2
0,256,0.5481798715203426,,7.306544121669999,31322240,99,grade2
1,264,0.5653104925053534,,5.92447810335006,31322240,99,grade2
2,273,0.5845824411134903,,12.59871626761105,31322240,99,grade2
3,281,0.6017130620985011,,14.544176036865117,31322240,99,grade2
4,290,0.6209850107066381,,8.959631490030779,31322240,99,grade2
5,299,0.6402569593147751,,16.442467197827995,31322240,99,grade2
6,307,0.6573875802997858,,5.3501945459370095,31322240,99,grade2
7,316,0.6766595289079229,,4.970192942911447,31322240,99,grade2
8,325,0.69593147751606,,3.187277520641274,31322240,99,grade2
9,333,0.7130620985010707,,2.28712920378259,31322240,99,grade2
10,342,0.7323340471092077,,2.2041261317644762,31322240,99,grade2
11,350,0.7494646680942184,,1.166448806468968,31322240,99,grade2
12,359,0.7687366167023555,,2.908337203395252,31322240,99,grade2
13,368,0.7880085653104925,,5.659491875128435,31322240,99,grade2
14,376,0.8051391862955032,,3.8496491276644935,31322240,99,grade2
15,385,0.8244111349036403,,5.832089162628694,31322240,99,grade2
16,394,0.8436830835117773,,3.414140610123198,31322240,99,grade2
17,402,0.860813704496788,,3.711718142912744,31322240,99,grade2
18,411,0.880085653104925,,2.855859167578622,31322240,99,grade2
19,420,0.8993576017130621,,0.7156547220281873,31322240,99,grade2
0,256,0.5663716814159292,,2.6662428121763684,31322241,95,grade2
1,263,0.581858407079646,,1.5801580352367282,31322241,95,grade2
2,271,0.5995575221238938,,0.9633707862931837,31322241,95,grade2
3,279,0.6172566371681416,,6.157960009137511,31322241,95,grade2
4,287,0.6349557522123894,,4.9915132652116885,31322241,95,grade2
5,295,0.6526548672566371,,4.787622799663321,31322241,95,grade2
6,303,0.6703539823008849,,1.4467694585335487,31322241,95,grade2
7,311,0.6880530973451328,,2.2328018010469,31322241,95,grade2
8,319,0.7057522123893806,,4.809479529841084,31322241,95,grade2
9,327,0.7234513274336283,,4.068278203423523,31322241,95,grade2
10,334,0.7389380530973452,,3.9504990087023906,31322241,95,grade2
11,342,0.7566371681415929,,3.4816103172424233,31322241,95,grade2
12,350,0.7743362831858407,,3.565116419433709,31322241,95,grade2
13,358,0.7920353982300885,,9.06484613690247,31322241,95,grade2
14,366,0.8097345132743363,,9.356400738374276,31322241,95,grade2
15,374,0.827433628318584,,7.891625922611233,31322241,95,grade2
16,382,0.8451327433628318,,7.154591098129174,31322241,95,grade2
17,390,0.8628318584070797,,6.7485333931975475,31322241,95,grade2
18,398,0.8805309734513275,,5.173812784531689,31322241,95,grade2
19,406,0.8982300884955752,,1.6369941559504593,31322241,95,grade2
0,256,0.6368159203980099,,14.04001931019517,31322242,97,grade2
1,261,0.6492537313432836,,22.264202539508464,31322242,97,grade2
2,267,0.664179104477612,,10.921288762091422,31322242,97,grade2
3,272,0.6766169154228856,,9.88166363635482,31322242,97,grade2
4,278,0.6915422885572139,,7.758541540544689,31322242,97,grade2
5,283,0.7039800995024875,,9.079428382830883,31322242,97,grade2
6,289,0.7189054726368159,,9.272852574618055,31322242,97,grade2
7,294,0.7313432835820896,,5.8383448282125805,31322242,97,grade2
8,300,0.746268656716418,,5.256237543530614,31322242,97,grade2
9,305,0.7587064676616916,,5.818462507932005,31322242,97,grade2
10,311,0.7736318407960199,,6.482783742098938,31322242,97,grade2
11,316,0.7860696517412935,,11.235380754852194,31322242,97,grade2
12,322,0.8009950248756219,,7.085256210224532,31322242,97,grade2
13,327,0.8134328358208955,,7.740258914111483,31322242,97,grade2
14,333,0.8283582089552238,,7.983999176702714,31322242,97,grade2
15,338,0.8407960199004975,,7.774458585976563,31322242,97,grade2
16,344,0.8557213930348259,,5.867368854693011,31322242,97,grade2
17,349,0.8681592039800995,,3.5676138140382943,31322242,97,grade2
18,355,0.8830845771144279,,0.6209680905628403,31322242,97,grade2
19,361,0.8980099502487562,,0.8457464878467444,31322242,97,grade2
0,256,0.4680073126142596,,7.258157273820588,31322262,96,grade2
1,268,0.489945155393053,,7.364135835246113,31322262,96,grade2
2,280,0.5118829981718465,,3.4330855322235294,31322262,96,grade2
3,293,0.5356489945155393,,16.679212724490448,31322262,96,grade2
4,305,0.5575868372943327,,3.4515390678324405,31322262,96,grade2
5,318,0.5813528336380256,,2.5300825839525043,31322262,96,grade2
6,330,0.603290676416819,,6.61687521077504,31322262,96,grade2
7,342,0.6252285191956124,,4.016441026837791,31322262,96,grade2
8,355,0.6489945155393053,,7.728828039696596,31322262,96,grade2
9,367,0.6709323583180987,,1.3919341979313682,31322262,96,grade2
10,380,0.6946983546617916,,2.01775834428061,31322262,96,grade2
11,392,0.716636197440585,,4.875897299223006,31322262,96,grade2
12,405,0.7404021937842779,,11.12460998437027,31322262,96,grade2
13,417,0.7623400365630713,,16.42197459161148,31322262,96,grade2
14,429,0.7842778793418648,,12.724325317488058,31322262,96,grade2
15,442,0.8080438756855576,,3.7408290777864437,31322262,96,grade2
16,454,0.829981718464351,,1.0882849098587837,31322262,96,grade2
17,467,0.8537477148080439,,4.779011449193842,31322262,96,grade2
18,479,0.8756855575868373,,28.314359006873218,31322262,96,grade2
19,492,0.8994515539305301,,15.146841052906844,31322262,96,grade2
0,256,0.6066350710900474,,15.64572096166991,31322273,91,grade2
1,262,0.6208530805687204,,14.52267764129877,31322273,91,grade2
2,268,0.6350710900473934,,8.316811799084192,31322273,91,grade2
3,275,0.6516587677725119,,8.788444494058822,31322273,91,grade2
4,281,0.6658767772511849,,5.141548293008411,31322273,91,grade2
5,288,0.6824644549763034,,2.5698857832034667,31322273,91,grade2
6,294,0.6966824644549763,,3.5787095476926085,31322273,91,grade2
7,301,0.7132701421800948,,1.1276159593912052,31322273,91,grade2
8,307,0.7274881516587678,,1.848935135415597,31322273,91,grade2
9,314,0.7440758293838863,,0.7758926063232758,31322273,91,grade2
10,320,0.7582938388625592,,1.2469427619005433,31322273,91,grade2
11,327,0.7748815165876777,,1.102133552759435,31322273,91,grade2
12,333,0.7890995260663507,,3.394818483798706,31322273,91,grade2
13,340,0.8056872037914692,,6.393429886572825,31322273,91,grade2
14,346,0.8199052132701422,,10.41308095216165,31322273,91,grade2
15,353,0.8364928909952607,,15.520839619736744,31322273,91,grade2
16,359,0.8507109004739336,,19.77231662616547,31322273,91,grade2
17,366,0.8672985781990521,,27.469590129487962,31322273,91,grade2
18,372,0.8815165876777251,,19.856014953907607,31322273,91,grade2
19,379,0.8981042654028436,,9.712205075421458,31322273,91,grade2
0,256,0.3359580052493438,,14.722025355899452,31322317,94,grade2
1,278,0.3648293963254593,,8.846618751818104,31322317,94,grade2
2,301,0.39501312335958005,,3.566089163689999,31322317,94,grade2
3,323,0.4238845144356955,,3.1171185752268267,31322317,94,grade2
4,346,0.4540682414698163,,5.032661446721788,31322317,94,grade2
5,368,0.48293963254593175,,2.5311509387983913,31322317,94,grade2
6,391,0.5131233595800525,,2.9052042778178713,31322317,94,grade2
7,414,0.5433070866141733,,7.868851068869812,31322317,94,grade2
8,436,0.5721784776902887,,0.3545110851425548,31322317,94,grade2
9,459,0.6023622047244095,,8.734694084625158,31322317,94,grade2
10,481,0.631233595800525,,12.575035453873847,31322317,94,grade2
11,504,0.6614173228346457,,10.215600762485309,31322317,94,grade2
12,526,0.6902887139107612,,2.5754275842826013,31322317,94,grade2
13,549,0.7204724409448819,,3.0403733689393926,31322317,94,grade2
14,572,0.7506561679790026,,7.830981725434458,31322317,94,grade2
15,594,0.7795275590551181,,1.734435957591618,31322317,94,grade2
16,617,0.8097112860892388,,1.8778398828405578,31322317,94,grade2
17,639,0.8385826771653543,3.1070898228576933,3.0459725034446166,31322317,94,grade2
18,662,0.868766404199475,,8.291627705611551,31322317,94,grade2
19,685,0.8989501312335958,4.592793514555593,3.2662914997677523,31322317,94,grade2
0,256,0.661498708010336,,9.323079551785094,31322535,93,grade2
1,260,0.6718346253229974,,9.021021050298174,31322535,93,grade2
2,265,0.6847545219638242,,11.968725702050321,31322535,93,grade2
3,270,0.6976744186046512,,17.787996648551662,31322535,93,grade2
4,275,0.710594315245478,,16.23026345227505,31322535,93,grade2
5,279,0.7209302325581395,,12.575208459719008,31322535,93,grade2
6,284,0.7338501291989664,,12.410395974899888,31322535,93,grade2
7,289,0.7467700258397932,,8.355640814379237,31322535,93,grade2
8,294,0.7596899224806202,,4.78103188676819,31322535,93,grade2
9,299,0.772609819121447,,7.790928138770711,31322535,93,grade2
10,303,0.7829457364341085,,4.009790215055444,31322535,93,grade2
11,308,0.7958656330749354,,3.11620408843922,31322535,93,grade2
12,313,0.8087855297157622,,2.362090953947556,31322535,93,grade2
13,318,0.8217054263565892,,4.643823832053192,31322535,93,grade2
14,323,0.834625322997416,,4.698300063764586,31322535,93,grade2
15,327,0.8449612403100775,,6.1762618975602805,31322535,93,grade2
16,332,0.8578811369509044,,8.158800186472957,31322535,93,grade2
17,337,0.8708010335917312,,11.208682284324498,31322535,93,grade2
18,342,0.8837209302325582,,5.985974797816089,31322535,93,grade2
19,347,0.896640826873385,,3.5270685173172094,31322535,93,grade2
0,256,0.3427041499330656,,2.3931087981586234,31322536,89,grade2
1,277,0.3708165997322624,,1.8416951006281188,31322536,89,grade2
2,299,0.4002677376171352,,8.011319829802995,31322536,89,grade2
3,321,0.42971887550200805,,2.15365948792632,31322536,89,grade2
4,343,0.45917001338688085,,2.7422035003842717,31322536,89,grade2
5,365,0.4886211512717537,,1.0122756052536124,31322536,89,grade2
6,387,0.5180722891566265,,1.1617773658002397,31322536,89,grade2
7,409,0.5475234270414994,,7.035867146831423,31322536,89,grade2
8,431,0.5769745649263721,,3.948040330953546,31322536,89,grade2
9,453,0.606425702811245,,4.908081302325872,31322536,89,grade2
10,474,0.6345381526104418,,4.967350042720762,31322536,89,grade2
11,496,0.6639892904953146,,3.2758968796867656,31322536,89,grade2
12,518,0.6934404283801874,,5.864439978713623,31322536,89,grade2
13,540,0.7228915662650602,,2.7767177454269145,31322536,89,grade2
14,562,0.7523427041499331,8.78920043943824,6.836936610878002,31322536,89,grade2
15,584,0.7817938420348058,,1.8594117239182175,31322536,89,grade2
16,606,0.8112449799196787,,4.609828680128958,31322536,89,grade2
17,628,0.8406961178045516,,6.362588985293888,31322536,89,grade2
18,650,0.8701472556894244,,4.789468137309402,31322536,89,grade2
19,672,0.8995983935742972,2.295678224167121,2.077012976566225,31322536,89,grade2
0,256,0.3473541383989145,,13.458028258614911,31322578,94,grade2
1,277,0.3758480325644505,,12.614603559474125,31322578,94,grade2
2,298,0.4043419267299864,,10.937595709577066,31322578,94,grade2
3,320,0.43419267299864317,,1.3729786492645761,31322578,94,grade2
4,341,0.4626865671641791,,18.400481016819846,31322578,94,grade2
5,363,0.4925373134328358,,36.45578102389226,31322578,94,grade2
6,384,0.5210312075983717,,3.3324710296450046,31322578,94,grade2
7,405,0.5495251017639078,,7.940671807043538,31322578,94,grade2
8,427,0.5793758480325645,,11.010235288222335,31322578,94,grade2
9,448,0.6078697421981004,,3.9743207342946896,31322578,94,grade2
10,470,0.6377204884667571,,3.1290688941280482,31322578,94,grade2
11,491,0.666214382632293,,40.7819911730835,31322578,94,grade2
12,513,0.6960651289009498,,4.331956355428208,31322578,94,grade2
13,534,0.7245590230664858,,5.74569146246651,31322578,94,grade2
14,555,0.7530529172320217,,9.196801162628539,31322578,94,grade2
15,577,0.7829036635006784,,17.414442846815696,31322578,94,grade2
16,598,0.8113975576662144,,19.720193944323455,31322578,94,grade2
17,620,0.841248303934871,,10.961355365789455,31322578,94,grade2
18,641,0.8697421981004071,,15.084973733686317,31322578,94,grade2
19,663,0.8995929443690638,15.805681967177367,15.501261803880517,31322578,94,grade2
0,256,0.3099273607748184,,7.193116805825333,32321498,92,grade2
1,281,0.34019370460048426,,10.177150797708594,32321498,92,grade2
2,307,0.37167070217917675,,12.420817221480402,32321498,92,grade2
3,332,0.4019370460048426,,27.880777787947228,32321498,92,grade2
4,358,0.43341404358353514,,2.382435019495233,32321498,92,grade2
5,384,0.4648910411622276,,3.592491156006564,32321498,92,grade2
6,409,0.49515738498789347,,0.029867946204775286,32321498,92,grade2
7,435,0.5266343825665859,,20.181153408611006,32321498,92,grade2
8,461,0.5581113801452785,,12.157519975703194,32321498,92,grade2
9,486,0.5883777239709443,,7.801116594961021,32321498,92,grade2
10,512,0.6198547215496368,0.8753052067747458,0.7240863739576984,32321498,92,grade2
11,537,0.6501210653753027,,7.022374656098268,32321498,92,grade2
12,563,0.6815980629539952,,5.567558400741536,32321498,92,grade2
13,589,0.7130750605326877,,3.082077630826273,32321498,92,grade2
14,614,0.7433414043583535,,7.717918070219012,32321498,92,grade2
15,640,0.774818401937046,,8.96530250891051,32321498,92,grade2
16,666,0.8062953995157385,,11.693056649413473,32321498,92,grade2
17,691,0.8365617433414043,,4.776241905913198,32321498,92,grade2
18,717,0.8680387409200968,,6.437753627098569,32321498,92,grade2
19,743,0.8995157384987893,5.0470287396988045,4.222192234465281,32321498,92,grade2
0,256,0.43316412859560066,,3.312716989036252,32321499,99,grade2
1,270,0.45685279187817257,,1.5345696137436047,32321499,99,grade2
2,284,0.4805414551607445,,6.072937724108085,32321499,99,grade2
3,299,0.505922165820643,,9.202809609779782,32321499,99,grade2
4,313,0.5296108291032149,,9.731803230977434,32321499,99,grade2
5,328,0.5549915397631133,,6.160072187325367,32321499,99,grade2
6,342,0.5786802030456852,,1.2908392203818977,32321499,99,grade2
7,357,0.6040609137055838,,1.3239119228794483,32321499,99,grade2
8,371,0.6277495769881557,,6.207803285956889,32321499,99,grade2
9,386,0.6531302876480541,,19.25769042021072,32321499,99,grade2
10,400,0.676818950930626,,11.227488187769689,32321499,99,grade2
11,415,0.7021996615905245,,3.3061074611825116,32321499,99,grade2
12,429,0.7258883248730964,,1.265147221750846,32321499,99,grade2
13,444,0.751269035532995,,0.8309461034506462,32321499,99,grade2
14,458,0.7749576988155669,,3.340099490952724,32321499,99,grade2
15,473,0.8003384094754653,,4.778383875837636,32321499,99,grade2
16,487,0.8240270727580372,,3.338886577673835,32321499,99,grade2
17,502,0.8494077834179357,,0.9243306164325871,32321499,99,grade2
18,516,0.8730964467005076,1.6173959207437019,1.4960174704165556,32321499,99,grade2
19,531,0.8984771573604061,5.780382036144589,5.424172907111728,32321499,99,grade2
0,256,0.46545454545454545,,9.713730309381445,32322011,96,grade2
1,268,0.48727272727272725,,3.5886921615684657,32322011,96,grade2
2,281,0.5109090909090909,,8.055534215917437,32322011,96,grade2
3,293,0.5327272727272727,,7.207082954831822,32322011,96,grade2
4,306,0.5563636363636364,,5.748485494865875,32322011,96,grade2
5,318,0.5781818181818181,,18.73130780750781,32322011,96,grade2
6,331,0.6018181818181818,,17.121688349747423,32322011,96,grade2
7,344,0.6254545454545455,,7.360411106136688,32322011,96,grade2
8,356,0.6472727272727272,,7.446309180591388,32322011,96,grade2
9,369,0.6709090909090909,,6.213575516073149,32322011,96,grade2
10,381,0.6927272727272727,,4.552506641628158,32322011,96,grade2
11,394,0.7163636363636363,,5.53629012901394,32322011,96,grade2
12,406,0.7381818181818182,,5.004804416354732,32322011,96,grade2
13,419,0.7618181818181818,,7.879011003791996,32322011,96,grade2
14,432,0.7854545454545454,,1.8300322849607973,32322011,96,grade2
15,444,0.8072727272727273,,3.4190918404893456,32322011,96,grade2
16,457,0.8309090909090909,,4.9354681915142535,32322011,96,grade2
17,469,0.8527272727272728,,13.513878136147564,32322011,96,grade2
18,482,0.8763636363636363,,9.73268432915517,32322011,96,grade2
19,495,0.9,,5.9182794965628975,32322011,96,grade2
0,256,0.43986254295532645,,1.5571793960482836,32322038,99,grade2
1,270,0.4639175257731959,,1.4735455516424238,32322038,99,grade2
2,284,0.4879725085910653,,0.9666503955746624,32322038,99,grade2
3,298,0.5120274914089347,,2.205268435196853,32322038,99,grade2
4,312,0.5360824742268041,,2.698690989096562,32322038,99,grade2
5,326,0.5601374570446735,,0.838152881867595,32322038,99,grade2
6,340,0.584192439862543,,8.359576471380132,32322038,99,grade2
7,354,0.6082474226804123,,15.94082755599385,32322038,99,grade2
8,368,0.6323024054982818,,21.237803780495824,32322038,99,grade2
9,382,0.6563573883161512,,8.585959968152544,32322038,99,grade2
10,396,0.6804123711340206,,8.23717674986412,32322038,99,grade2
11,410,0.7044673539518901,,5.76155222391025,32322038,99,grade2
12,424,0.7285223367697594,,4.100288280653991,32322038,99,grade2
13,438,0.7525773195876289,,3.48610767869555,32322038,99,grade2
14,452,0.7766323024054983,,5.80110845946637,32322038,99,grade2
15,466,0.8006872852233677,,4.214919474058178,32322038,99,grade2
16,480,0.8247422680412371,,13.39924677084569,32322038,99,grade2
17,494,0.8487972508591065,,12.032293360313407,32322038,99,grade2
18,508,0.872852233676976,,17.023600210958428,32322038,99,grade2
19,523,0.8986254295532646,10.15778840693611,9.061232900726647,32322038,99,grade2
0,256,0.3144963144963145,,3.0947928023790094,32322039,96,grade2
1,281,0.3452088452088452,,3.7429842348526643,32322039,96,grade2
2,306,0.3759213759213759,,0.5967615550586496,32322039,96,grade2
3,331,0.40663390663390664,,2.760626199107321,32322039,96,grade2
4,356,0.43734643734643736,,3.38255392228446,32322039,96,grade2
5,381,0.4680589680589681,,4.207890457096559,32322039,96,grade2
6,406,0.4987714987714988,,4.244476164494645,32322039,96,grade2
7,431,0.5294840294840295,,7.939215231019229,32322039,96,grade2
8,456,0.5601965601965602,,3.8949408024337018,32322039,96,grade2
9,481,0.5909090909090909,,5.297994437684714,32322039,96,grade2
10,506,0.6216216216216216,,2.9743999902775053,32322039,96,grade2
11,531,0.6523341523341524,,3.757536148967695,32322039,96,grade2
12,556,0.683046683046683,,17.150956607140834,32322039,96,grade2
13,581,0.7137592137592138,2.052981877019217,1.851349804097505,32322039,96,grade2
14,606,0.7444717444717445,,1.1619251542661226,32322039,96,grade2
15,631,0.7751842751842751,,6.333592009886158,32322039,96,grade2
16,656,0.8058968058968059,,9.458669599733106,32322039,96,grade2
17,681,0.8366093366093366,,9.754371303280296,32322039,96,grade2
18,706,0.8673218673218673,,4.831647515590465,32322039,96,grade2
19,732,0.8992628992628993,11.17897025276751,10.890505304512565,32322039,96,grade2
0,256,0.47232472324723246,,5.192812551571933,32322044,96,grade2
1,268,0.4944649446494465,,5.953397830582567,32322044,96,grade2
2,280,0.5166051660516605,,4.801130846731665,32322044,96,grade2
3,292,0.5387453874538746,,6.416620373209231,32322044,96,grade2
4,304,0.5608856088560885,,18.017833952756884,32322044,96,grade2
5,316,0.5830258302583026,,6.228172137210475,32322044,96,grade2
6,328,0.6051660516605166,,3.3973981651846845,32322044,96,grade2
7,341,0.6291512915129152,,2.1687696316794103,32322044,96,grade2
8,353,0.6512915129151291,,6.290148846593134,32322044,96,grade2
9,365,0.6734317343173432,,2.471150536529513,32322044,96,grade2
10,377,0.6955719557195572,,3.9925660661752893,32322044,96,grade2
11,389,0.7177121771217713,,3.1804886270155706,32322044,96,grade2
12,401,0.7398523985239852,,4.436216770905148,32322044,96,grade2
13,414,0.7638376383763837,,3.4384565953600514,32322044,96,grade2
14,426,0.7859778597785978,,3.710733477574327,32322044,96,grade2
15,438,0.8081180811808119,,2.029495998970938,32322044,96,grade2
16,450,0.8302583025830258,,3.37029595637814,32322044,96,grade2
17,462,0.8523985239852399,,8.123534534703474,32322044,96,grade2
18,474,0.8745387453874539,,1.1585933343195656,32322044,96,grade2
19,487,0.8985239852398524,,1.5413646538618107,32322044,96,grade2
0,256,0.7252124645892352,,1.0428197204464649,32322109,96,grade2
1,259,0.7337110481586402,,3.4137256157951583,32322109,96,grade2
2,262,0.7422096317280453,,4.3838985700974895,32322109,96,grade2
3,265,0.7507082152974505,,5.499169455073437,32322109,96,grade2
4,268,0.7592067988668555,,3.3461321779518,32322109,96,grade2
5,271,0.7677053824362606,,3.2801859253302954,32322109,96,grade2
6,274,0.7762039660056658,,3.912738106938244,32322109,96,grade2
7,277,0.7847025495750708,,1.802079205760382,32322109,96,grade2
8,280,0.7932011331444759,,2.7994689794242085,32322109,96,grade2
9,283,0.8016997167138811,,2.1268821236148305,32322109,96,grade2
10,286,0.8101983002832861,,2.235734288052594,32322109,96,grade2
11,289,0.8186968838526912,,2.3332980887329633,32322109,96,grade2
12,292,0.8271954674220963,,1.628833760220937,32322109,96,grade2
13,295,0.8356940509915014,,0.7421246268647081,32322109,96,grade2
14,298,0.8441926345609065,,0.9720313608683,32322109,96,grade2
15,301,0.8526912181303116,,1.1388177238684571,32322109,96,grade2
16,304,0.8611898016997167,,1.6648904456496032,32322109,96,grade2
17,307,0.8696883852691218,,0.6259286753935793,32322109,96,grade2
18,310,0.8781869688385269,,1.390932925701513,32322109,96,grade2
19,313,0.886685552407932,,1.5225785765939257,32322109,96,grade2
0,256,0.7170868347338936,,1.7236797785881688,32322110,93,grade2
1,259,0.7254901960784313,,2.1166913003540673,32322110,93,grade2
2,262,0.7338935574229691,,2.197731300244752,32322110,93,grade2
3,265,0.742296918767507,,2.545564609087447,32322110,93,grade2
4,268,0.7507002801120448,,5.542473261672916,32322110,93,grade2
5,272,0.7619047619047619,,5.506255081643657,32322110,93,grade2
6,275,0.7703081232492998,,8.166409052458297,32322110,93,grade2
7,278,0.7787114845938375,,11.228000480307376,32322110,93,grade2
8,281,0.7871148459383753,,16.378410947985337,32322110,93,grade2
9,284,0.7955182072829131,,11.409465938780741,32322110,93,grade2
10,288,0.8067226890756303,,16.904796738243032,32322110,93,grade2
11,291,0.8151260504201681,,28.554273020725102,32322110,93,grade2
12,294,0.8235294117647058,,12.692251329515038,32322110,93,grade2
13,297,0.8319327731092437,,12.54276511471302,32322110,93,grade2
14,300,0.8403361344537815,,8.127917961481586,32322110,93,grade2
15,304,0.8515406162464986,,26.10742224399013,32322110,93,grade2
16,307,0.8599439775910365,,22.843341863254068,32322110,93,grade2
17,310,0.8683473389355743,,19.631382505694702,32322110,93,grade2
18,313,0.876750700280112,,10.239489938828815,32322110,93,grade2
19,317,0.8879551820728291,,8.651994541416318,32322110,93,grade2
0,256,0.3950617283950617,,63.42952475775546,32322120,85,grade2
1,273,0.4212962962962963,,41.50302178401268,32322120,85,grade2
2,290,0.44753086419753085,,0.14794135619079896,32322120,85,grade2
3,307,0.4737654320987654,,5.750122011914634,32322120,85,grade2
4,324,0.5,,7.5107561230469795,32322120,85,grade2
5,342,0.5277777777777778,,5.9474713913055055,32322120,85,grade2
6,359,0.5540123456790124,,3.536340808563434,32322120,85,grade2
7,376,0.5802469135802469,,60.931662629295694,32322120,85,grade2
8,393,0.6064814814814815,,135.41578269626999,32322120,85,grade2
9,410,0.6327160493827161,,11.239340819351378,32322120,85,grade2
10,428,0.6604938271604939,,32.25414740001669,32322120,85,grade2
11,445,0.6867283950617284,,54.657136840537156,32322120,85,grade2
12,462,0.7129629629629629,,28.067779433114172,32322120,85,grade2
13,479,0.7391975308641975,,37.897834101994604,32322120,85,grade2
14,496,0.7654320987654321,,14.985606597089124,32322120,85,grade2
15,514,0.7932098765432098,,16.654605785191997,32322120,85,grade2
16,531,0.8194444444444444,,27.655239778237092,32322120,85,grade2
17,548,0.845679012345679,,14.793063850359328,32322120,85,grade2
18,565,0.8719135802469136,,11.412024890253305,32322120,85,grade2
19,583,0.8996913580246914,18.820696128358804,18.57844377516471,32322120,85,grade2
0,256,0.7231638418079096,,3.2166648045431083,32322126,92,grade2
1,259,0.731638418079096,,2.5867990776701646,32322126,92,grade2
2,262,0.7401129943502824,,2.112831271033845,32322126,92,grade2
3,265,0.748587570621469,,2.533935832558506,32322126,92,grade2
4,268,0.7570621468926554,,1.970830110955454,32322126,92,grade2
5,271,0.7655367231638418,,3.5628993861702707,32322126,92,grade2
6,274,0.7740112994350282,,5.441834289206962,32322126,92,grade2
7,277,0.7824858757062146,,5.0106050399093185,32322126,92,grade2
8,280,0.7909604519774012,,8.017159017555414,32322126,92,grade2
9,283,0.7994350282485876,,7.986894596174519,32322126,92,grade2
10,286,0.807909604519774,,9.733856552867696,32322126,92,grade2
11,289,0.8163841807909604,,13.882434086244643,32322126,92,grade2
12,292,0.8248587570621468,,12.380718785133581,32322126,92,grade2
13,295,0.8333333333333334,,14.012792810759219,32322126,92,grade2
14,298,0.8418079096045198,,13.077263527302172,32322126,92,grade2
15,301,0.8502824858757062,,21.483711061525483,32322126,92,grade2
16,304,0.8587570621468926,,31.75540951978276,32322126,92,grade2
17,307,0.867231638418079,,39.523455597332145,32322126,92,grade2
18,310,0.8757062146892656,,19.79733605792827,32322126,92,grade2
19,314,0.8870056497175142,,12.290568618528493,32322126,92,grade2
0,256,0.8025078369905956,,2.6300636945731775,32322150,96,grade2
1,257,0.8056426332288401,,1.9031613952980226,32322150,96,grade2
2,258,0.8087774294670846,,1.102363895344478,32322150,96,grade2
3,259,0.8119122257053292,,1.859356500833437,32322150,96,grade2
4,260,0.8150470219435737,,3.4267854746156026,32322150,96,grade2
5,262,0.8213166144200627,,2.0111059257000754,32322150,96,grade2
6,263,0.8244514106583072,,3.716669150694935,32322150,96,grade2
7,264,0.8275862068965517,,7.868715619268823,32322150,96,grade2
8,265,0.8307210031347962,,6.884102833254124,32322150,96,grade2
9,266,0.8338557993730408,,8.043075400365039,32322150,96,grade2
10,268,0.8401253918495298,,16.542670747108595,32322150,96,grade2
11,269,0.8432601880877743,,17.149567602964623,32322150,96,grade2
12,270,0.8463949843260188,,16.102453787569626,32322150,96,grade2
13,271,0.8495297805642633,,14.146308001948766,32322150,96,grade2
14,272,0.8526645768025078,,14.599317828706935,32322150,96,grade2
15,274,0.8589341692789969,,11.977714746695659,32322150,96,grade2
16,275,0.8620689655172413,,10.941588885013521,32322150,96,grade2
17,276,0.8652037617554859,,11.916757842070561,32322150,96,grade2
18,277,0.8683385579937304,,13.062881046171306,32322150,96,grade2
19,279,0.8746081504702194,,11.540888929573207,32322150,96,grade2
0,256,0.6139088729016786,,15.739346390569118,32322257,90,grade2
1,262,0.6282973621103117,,20.694362116761255,32322257,90,grade2
2,268,0.6426858513189448,,28.110200194352018,32322257,90,grade2
3,274,0.657074340527578,,20.133753963957908,32322257,90,grade2
4,281,0.6738609112709832,,13.530069068557957,32322257,90,grade2
5,287,0.6882494004796164,,6.80732172346503,32322257,90,grade2
6,293,0.7026378896882494,,5.541679508816692,32322257,90,grade2
7,299,0.7170263788968825,,4.346467417684487,32322257,90,grade2
8,306,0.7338129496402878,,6.403354976061383,32322257,90,grade2
9,312,0.7482014388489209,,6.063491004598106,32322257,90,grade2
10,318,0.762589928057554,,3.9730673457083334,32322257,90,grade2
11,324,0.7769784172661871,,3.011096586979523,32322257,90,grade2
12,331,0.7937649880095923,,5.882932519108191,32322257,90,grade2
13,337,0.8081534772182254,,9.026313140945003,32322257,90,grade2
14,343,0.8225419664268585,,8.81503545551238,32322257,90,grade2
15,349,0.8369304556354916,,12.82857692378732,32322257,90,grade2
16,356,0.8537170263788969,,18.080389478817118,32322257,90,grade2
17,362,0.86810551558753,,19.925846684077673,32322257,90,grade2
18,368,0.882494004796163,,19.300938140722206,32322257,90,grade2
19,375,0.8992805755395683,,9.815111459393798,32322257,90,grade2
0,256,0.6994535519125683,,1.853713115857996,32322258,90,grade2
1,259,0.7076502732240437,,1.3766764647733485,32322258,90,grade2
2,263,0.7185792349726776,,2.2336597451205016,32322258,90,grade2
3,267,0.7295081967213115,,1.911341820550577,32322258,90,grade2
4,270,0.7377049180327869,,3.12925119833446,32322258,90,grade2
5,274,0.7486338797814208,,4.346188453997447,32322258,90,grade2
6,278,0.7595628415300546,,2.9934154672873996,32322258,90,grade2
7,281,0.76775956284153,,3.084268325902147,32322258,90,grade2
8,285,0.7786885245901639,,4.176114715985075,32322258,90,grade2
9,289,0.7896174863387978,,4.4261453192949505,32322258,90,grade2
10,292,0.7978142076502732,,3.2415240691606746,32322258,90,grade2
11,296,0.8087431693989071,,3.444240551194053,32322258,90,grade2
12,300,0.819672131147541,,5.062983447703521,32322258,90,grade2
13,303,0.8278688524590164,,5.409971027510775,32322258,90,grade2
14,307,0.8387978142076503,,4.086206689942941,32322258,90,grade2
15,311,0.8497267759562842,,4.251066223649639,32322258,90,grade2
16,314,0.8579234972677595,,3.629307675542387,32322258,90,grade2
17,318,0.8688524590163934,,2.724446354742054,32322258,90,grade2
18,322,0.8797814207650273,,2.8529647170818446,32322258,90,grade2
19,326,0.8907103825136612,,4.136754592411377,32322258,90,grade2
0,256,0.5245901639344263,,9.576264685029148,32322264,99,grade2
1,265,0.5430327868852459,,9.377711876992766,32322264,99,grade2
2,275,0.5635245901639344,,7.502362726568226,32322264,99,grade2
3,284,0.5819672131147541,,5.196184127501464,32322264,99,grade2
4,294,0.6024590163934426,,1.92096019663333,32322264,99,grade2
5,304,0.6229508196721312,,2.9301476223035072,32322264,99,grade2
6,313,0.6413934426229508,,3.530774028307108,32322264,99,grade2
7,323,0.6618852459016393,,3.590881003377871,32322264,99,grade2
8,333,0.6823770491803278,,2.1848290389925165,32322264,99,grade2
9,342,0.7008196721311475,,10.226352627545117,32322264,99,grade2
10,352,0.7213114754098361,,25.681235639429197,32322264,99,grade2
11,361,0.7397540983606558,,13.693154577658728,32322264,99,grade2
12,371,0.7602459016393442,,9.409246310632575,32322264,99,grade2
13,381,0.7807377049180327,,6.904302500720862,32322264,99,grade2
14,390,0.7991803278688525,,1.223692879810713,32322264,99,grade2
15,400,0.819672131147541,,-0.43360779690873485,32322264,99,grade2
16,410,0.8401639344262295,,-0.6207708490472186,32322264,99,grade2
17,419,0.8586065573770492,,6.977624341136859,32322264,99,grade2
18,429,0.8790983606557377,,7.209229549717216,32322264,99,grade2
19,439,0.8995901639344263,,3.140260350798256,32322264,99,grade2
0,256,0.7975077881619937,,7.890838500796896,32322282,100,grade2
1,257,0.8006230529595015,,7.645378273290628,32322282,100,grade2
2,258,0.8037383177570093,,7.559873831593535,32322282,100,grade2
3,259,0.8068535825545171,,7.3439705066073095,32322282,100,grade2
4,261,0.8130841121495327,,6.787751917811558,32322282,100,grade2
5,262,0.8161993769470405,,6.844185626324972,32322282,100,grade2
6,263,0.8193146417445483,,6.253872413170599,32322282,100,grade2
7,265,0.8255451713395638,,7.239367663928581,32322282,100,grade2
8,266,0.8286604361370716,,6.368756531386335,32322282,100,grade2
9,267,0.8317757009345794,,12.699182983947203,32322282,100,grade2
10,269,0.838006230529595,,12.522169013991086,32322282,100,grade2
11,270,0.8411214953271028,,10.662438699057056,32322282,100,grade2
12,271,0.8442367601246106,,10.89203413474263,32322282,100,grade2
13,273,0.8504672897196262,,11.248468239030046,32322282,100,grade2
14,274,0.8535825545171339,,13.365896859646622,32322282,100,grade2
15,275,0.8566978193146417,,12.621121824707657,32322282,100,grade2
16,277,0.8629283489096573,,12.569635708956586,32322282,100,grade2
17,278,0.8660436137071651,,12.124030496046526,32322282,100,grade2
18,279,0.8691588785046729,,11.956574800933627,32322282,100,grade2
19,281,0.8753894080996885,,9.020917169970598,32322282,100,grade2
0,256,0.6808510638297872,,9.978786531021473,32322284,98,grade2
1,260,0.6914893617021277,,16.172827693374956,32322284,98,grade2
2,264,0.7021276595744681,,13.496876490083356,32322284,98,grade2
3,268,0.7127659574468085,,14.368999059597037,32322284,98,grade2
4,272,0.723404255319149,,20.707354048665913,32322284,98,grade2
5,277,0.7367021276595744,,13.876484944683284,32322284,98,grade2
6,281,0.7473404255319149,,19.310458117985036,32322284,98,grade2
7,285,0.7579787234042553,,15.086254588042156,32322284,98,grade2
8,289,0.7686170212765957,,14.611584964881054,32322284,98,grade2
9,293,0.7792553191489362,,12.849008057142633,32322284,98,grade2
10,298,0.7925531914893617,,10.627547584800292,32322284,98,grade2
11,302,0.8031914893617021,,14.144741868804983,32322284,98,grade2
12,306,0.8138297872340425,,13.401286859866136,32322284,98,grade2
13,310,0.824468085106383,,8.222188301583184,32322284,98,grade2
14,314,0.8351063829787234,,9.347908890487247,32322284,98,grade2
15,319,0.848404255319149,,7.688524654472717,32322284,98,grade2
16,323,0.8590425531914894,,6.388051427188813,32322284,98,grade2
17,327,0.8696808510638298,,6.701828551405807,32322284,98,grade2
18,331,0.8803191489361702,,5.25513755121472,32322284,98,grade2
19,336,0.8936170212765957,,4.350589075108797,32322284,98,grade2
0,256,0.7091412742382271,,1.391459746187742,41322116,92,grade2
1,259,0.7174515235457064,,1.364976820123987,41322116,92,grade2
2,262,0.7257617728531855,,3.213343881512044,41322116,92,grade2
3,266,0.7368421052631579,,3.779184922979219,41322116,92,grade2
4,269,0.7451523545706371,,3.9084847537027816,41322116,92,grade2
5,273,0.7562326869806094,,3.5226562246031463,41322116,92,grade2
6,276,0.7645429362880887,,3.9412380592758733,41322116,92,grade2
7,279,0.7728531855955678,,5.150413202824469,41322116,92,grade2
8,283,0.7839335180055401,,6.088095307678346,41322116,92,grade2
9,286,0.7922437673130194,,5.749300799888527,41322116,92,grade2
10,290,0.8033240997229917,,5.153357282427551,41322116,92,grade2
11,293,0.8116343490304709,,3.307828659263633,41322116,92,grade2
12,297,0.8227146814404432,,3.7203862423566765,41322116,92,grade2
13,300,0.8310249307479224,,2.538731133918093,41322116,92,grade2
14,303,0.8393351800554016,,2.0142831589936705,41322116,92,grade2
15,307,0.850415512465374,,2.3171148485447404,41322116,92,grade2
16,310,0.8587257617728532,,6.044140380572964,41322116,92,grade2
17,314,0.8698060941828255,,15.734076638948164,41322116,92,grade2
18,317,0.8781163434903048,,13.627072227796393,41322116,92,grade2
19,321,0.889196675900277,,10.581391540186804,41322116,92,grade2
0,256,0.5161290322580645,,3.3291439206071054,42321509,103,grade2
1,266,0.5362903225806451,,1.3566050245477186,42321509,103,grade2
2,276,0.5564516129032258,,0.5688120581865386,42321509,103,grade2
3,286,0.5766129032258065,,1.9376621447542641,42321509,103,grade2
4,296,0.5967741935483871,,4.965457304110282,42321509,103,grade2
5,306,0.6169354838709677,,7.827925925728044,42321509,103,grade2
6,316,0.6370967741935484,,5.999284539730137,42321509,103,grade2
7,326,0.657258064516129,,-3.520257802717026,42321509,103,grade2
8,336,0.6774193548387096,,-2.7331368128170723,42321509,103,grade2
9,346,0.6975806451612904,,1.5418973427109322,42321509,103,grade2
10,356,0.717741935483871,,4.099803156266219,42321509,103,grade2
11,366,0.7379032258064516,,4.173790451043983,42321509,103,grade2
12,376,0.7580645161290323,,2.494002175565414,42321509,103,grade2
13,386,0.7782258064516129,,2.5318246716290833,42321509,103,grade2
14,396,0.7983870967741935,,1.52254103416207,42321509,103,grade2
15,406,0.8185483870967742,,2.63929552391619,42321509,103,grade2
16,416,0.8387096774193549,,5.335799423418414,42321509,103,grade2
17,426,0.8588709677419355,,5.55513504712723,42321509,103,grade2
18,436,0.8790322580645161,,5.086760902568232,42321509,103,grade2
19,446,0.8991935483870968,,3.6140496559632735,42321509,103,grade2
0,256,0.8231511254019293,,11.381426459949044,42322076,89,grade2
1,256,0.8231511254019293,,11.381426459949044,42322076,89,grade2
2,257,0.8263665594855305,,12.114219012587828,42322076,89,grade2
3,258,0.8295819935691319,,8.979723376664172,42322076,89,grade2
4,259,0.8327974276527331,,8.634675519269834,42322076,89,grade2
5,259,0.8327974276527331,,8.634675519269834,42322076,89,grade2
6,260,0.8360128617363344,,7.617306625946338,42322076,89,grade2
7,261,0.8392282958199357,,9.303203065542707,42322076,89,grade2
8,262,0.842443729903537,,9.793898804122396,42322076,89,grade2
9,263,0.8456591639871383,,10.378505886213002,42322076,89,grade2
10,263,0.8456591639871383,,10.378505886213002,42322076,89,grade2
11,264,0.8488745980707395,,9.997457078604995,42322076,89,grade2
12,265,0.8520900321543409,,9.100074613288772,42322076,89,grade2
13,266,0.8553054662379421,,9.105730601362094,42322076,89,grade2
14,267,0.8585209003215434,,8.501982161850961,42322076,89,grade2
15,267,0.8585209003215434,,8.501982161850961,42322076,89,grade2
16,268,0.8617363344051447,,3.6475283939769767,42322076,89,grade2
17,269,0.864951768488746,,3.4239637768036566,42322076,89,grade2
18,270,0.8681672025723473,,4.259596199333743,42322076,89,grade2
19,271,0.8713826366559485,,3.0081693483163114,42322076,89,grade2
0,256,0.4096,,5.641803396774425,42322137,94,grade2
1,272,0.4352,,5.28959278594851,42322137,94,grade2
2,288,0.4608,,0.9637761786098697,42322137,94,grade2
3,304,0.4864,,2.2706227395794167,42322137,94,grade2
4,320,0.512,,6.229704732587745,42322137,94,grade2
5,336,0.5376,,4.326958713497412,42322137,94,grade2
6,352,0.5632,,7.318087504866108,42322137,94,grade2
7,368,0.5888,,8.190252084333792,42322137,94,grade2
8,384,0.6144,,24.924746041492355,42322137,94,grade2
9,400,0.64,,18.258952189954115,42322137,94,grade2
10,417,0.6672,,4.566594394568945,42322137,94,grade2
11,433,0.6928,,1.7048366305276517,42322137,94,grade2
12,449,0.7184,,9.260778839927626,42322137,94,grade2
13,465,0.744,,16.546995883318296,42322137,94,grade2
14,481,0.7696,,4.858611659337253,42322137,94,grade2
15,497,0.7952,,5.148390829936524,42322137,94,grade2
16,513,0.8208,,3.8634040803299046,42322137,94,grade2
17,529,0.8464,,8.431274353599978,42322137,94,grade2
18,545,0.872,,5.941538341280031,42322137,94,grade2
19,562,0.8992,19.66468903494954,18.924795893675444,42322137,94,grade2
0,256,0.5981308411214953,,4.347229174350353,31331345,126,grade5
1,262,0.6121495327102804,,6.502110695151536,31331345,126,grade5
2,269,0.6285046728971962,,9.724222441039522,31331345,126,grade5
3,276,0.6448598130841121,,7.881646785085502,31331345,126,grade5
4,283,0.6612149532710281,,7.540711432893497,31331345,126,grade5
5,289,0.6752336448598131,,7.126333261545492,31331345,126,grade5
6,296,0.6915887850467289,,3.1709626846933805,31331345,126,grade5
7,303,0.7079439252336449,,2.4143442472853067,31331345,126,grade5
8,310,0.7242990654205608,,1.7695923741479724,31331345,126,grade5
9,317,0.7406542056074766,,1.4692374878325776,31331345,126,grade5
10,323,0.7546728971962616,,2.867678398667387,31331345,126,grade5
11,330,0.7710280373831776,,6.198589854818394,31331345,126,grade5
12,337,0.7873831775700935,,7.040729999011413,31331345,126,grade5
13,344,0.8037383177570093,,8.151643488449645,31331345,126,grade5
14,351,0.8200934579439252,,6.4827868132006525,31331345,126,grade5
15,357,0.8341121495327103,,5.749433927578071,31331345,126,grade5
16,364,0.8504672897196262,,3.991591889305072,31331345,126,grade5
17,371,0.866822429906542,,4.41918566354153,31331345,126,grade5
18,378,0.883177570093458,,3.624122673719695,31331345,126,grade5
19,385,0.8995327102803738,,1.464568630242681,31331345,126,grade5
0,256,0.5981308411214953,,2.6845142876413206,31331346,127,grade5
1,262,0.6121495327102804,,1.8573201035067886,31331346,127,grade5
2,269,0.6285046728971962,,0.4074449710706691,31331346,127,grade5
3,276,0.6448598130841121,,3.8453716837467375,31331346,127,grade5
4,283,0.6612149532710281,,4.506233414709415,31331346,127,grade5
5,289,0.6752336448598131,,4.812644732811453,31331346,127,grade5
6,296,0.6915887850467289,,3.8707478308574164,31331346,127,grade5
7,303,0.7079439252336449,,3.2790858452531095,31331346,127,grade5
8,310,0.7242990654205608,,2.331575737619575,31331346,127,grade5
9,317,0.7406542056074766,,2.188484722782273,31331346,127,grade5
10,323,0.7546728971962616,,1.2771969128236096,31331346,127,grade5
11,330,0.7710280373831776,,2.1959623820879157,31331346,127,grade5
12,337,0.7873831775700935,,2.2338513381287735,31331346,127,grade5
13,344,0.8037383177570093,,0.8942401936343254,31331346,127,grade5
14,351,0.8200934579439252,,0.9884371849251599,31331346,127,grade5
15,357,0.8341121495327103,,1.2713715532962766,31331346,127,grade5
16,364,0.8504672897196262,,1.8304077550235087,31331346,127,grade5
17,371,0.866822429906542,,1.9468153723736412,31331346,127,grade5
18,378,0.883177570093458,,1.4092489525120007,31331346,127,grade5
19,385,0.8995327102803738,,1.2765232944709455,31331346,127,grade5
0,256,0.8050314465408805,,5.291576868564375,31331417,125,grade5
1,257,0.8081761006289309,,6.397640970476138,31331417,125,grade5
2,258,0.8113207547169812,,7.597048838531171,31331417,125,grade5
3,259,0.8144654088050315,,8.103646833166922,31331417,125,grade5
4,260,0.8176100628930818,,7.6858487332891166,31331417,125,grade5
5,261,0.8207547169811321,,7.910236973159867,31331417,125,grade5
6,262,0.8238993710691824,,9.020928170687109,31331417,125,grade5
7,264,0.8301886792452831,,7.769958815209204,31331417,125,grade5
8,265,0.8333333333333334,,7.909437221162694,31331417,125,grade5
9,266,0.8364779874213837,,6.384578040960404,31331417,125,grade5
10,267,0.839622641509434,,7.032218736815826,31331417,125,grade5
11,268,0.8427672955974843,,7.622052956144515,31331417,125,grade5
12,269,0.8459119496855346,,8.78796984566545,31331417,125,grade5
13,271,0.8522012578616353,,11.529031728104515,31331417,125,grade5
14,272,0.8553459119496856,,15.489395057878584,31331417,125,grade5
15,273,0.8584905660377359,,16.664562744208297,31331417,125,grade5
16,274,0.8616352201257862,,13.890216099187512,31331417,125,grade5
17,275,0.8647798742138365,,16.116480207922955,31331417,125,grade5
18,276,0.8679245283018868,,13.04896693849594,31331417,125,grade5
19,278,0.8742138364779874,,13.617571913617551,31331417,125,grade5
0,256,0.5727069351230425,,0.08654286832602587,31331419,129,grade5
1,263,0.5883668903803132,,2.737702504506202,31331419,129,grade5
2,271,0.6062639821029083,,4.078606739131105,31331419,129,grade5
3,279,0.6241610738255033,,5.7615911627642085,31331419,129,grade5
4,286,0.639821029082774,,16.188970370555943,31331419,129,grade5
5,294,0.6577181208053692,,22.17098372051918,31331419,129,grade5
6,302,0.6756152125279642,,20.117859153769658,31331419,129,grade5
7,309,0.6912751677852349,,26.738169022382188,31331419,129,grade5
8,317,0.70917225950783,,25.211249976121135,31331419,129,grade5
9,325,0.727069351230425,,8.648415594742021,31331419,129,grade5
10,332,0.7427293064876958,,5.979423881657921,31331419,129,grade5
11,340,0.7606263982102909,,17.65027995750819,31331419,129,grade5
12,348,0.7785234899328859,,16.733014373995267,31331419,129,grade5
13,355,0.7941834451901566,,17.849522133513034,31331419,129,grade5
14,363,0.8120805369127517,,54.71864007707029,31331419,129,grade5
15,371,0.8299776286353467,,36.80718577862503,31331419,129,grade5
16,378,0.8456375838926175,,19.115605955388418,31331419,129,grade5
17,386,0.8635346756152126,,18.42253470266671,31331419,129,grade5
18,394,0.8814317673378076,,18.768708362291484,31331419,129,grade5
19,402,0.8993288590604027,,11.327002657468075,31331419,129,grade5
0,256,0.5161290322580645,,11.81938564250466,31331444,135,grade5
1,266,0.5362903225806451,,9.625347098804989,31331444,135,grade5
2,276,0.5564516129032258,,6.221089107724131,31331444,135,grade5
3,286,0.5766129032258065,,2.16410514819946,31331444,135,grade5
4,296,0.5967741935483871,,2.7472490284827753,31331444,135,grade5
5,306,0.6169354838709677,,3.5830718913600714,31331444,135,grade5
6,316,0.6370967741935484,,5.646012688895652,31331444,135,grade5
7,326,0.657258064516129,,3.1182784480308747,31331444,135,grade5
8,336,0.6774193548387096,,4.310938283472105,31331444,135,grade5
9,346,0.6975806451612904,,6.710429321803092,31331444,135,grade5
10,356,0.717741935483871,,4.902362358235569,31331444,135,grade5
11,366,0.7379032258064516,,6.639801128763686,31331444,135,grade5
12,376,0.7580645161290323,,13.563260301671736,31331444,135,grade5
13,386,0.7782258064516129,,5.710844398800637,31331444,135,grade5
14,396,0.7983870967741935,,3.7504349662054572,31331444,135,grade5
15,406,0.8185483870967742,,3.0721961926122274,31331444,135,grade5
16,416,0.8387096774193549,,1.8637711730615516,31331444,135,grade5
17,426,0.8588709677419355,,2.036190309098197,31331444,135,grade5
18,436,0.8790322580645161,,2.1003809759891636,31331444,135,grade5
19,446,0.8991935483870968,,1.8557510086751527,31331444,135,grade5
0,256,0.6649350649350649,,4.277703133186665,31331470,131,grade5
1,260,0.6753246753246753,,1.8188103418472785,31331470,131,grade5
2,265,0.6883116883116883,,1.8876604583415402,31331470,131,grade5
3,270,0.7012987012987013,,2.1118222404143543,31331470,131,grade5
4,274,0.7116883116883117,,1.5058724380661443,31331470,131,grade5
5,279,0.7246753246753247,,1.5674880192802574,31331470,131,grade5
6,284,0.7376623376623377,,2.4506624541366184,31331470,131,grade5
7,288,0.7480519480519481,,4.180261967588967,31331470,131,grade5
8,293,0.7610389610389611,,3.7517676113565317,31331470,131,grade5
9,298,0.7740259740259741,,2.884454055969295,31331470,131,grade5
10,302,0.7844155844155845,,3.512780880730796,31331470,131,grade5
11,307,0.7974025974025974,,6.42672662893998,31331470,131,grade5
12,312,0.8103896103896104,,5.320484841637622,31331470,131,grade5
13,316,0.8207792207792208,,6.3364308492370505,31331470,131,grade5
14,321,0.8337662337662337,,9.996951650416161,31331470,131,grade5
15,326,0.8467532467532467,,9.720514249965618,31331470,131,grade5
16,330,0.8571428571428571,,8.702787867458131,31331470,131,grade5
17,335,0.8701298701298701,,3.3981013628235175,31331470,131,grade5
18,340,0.8831168831168831,,4.478241283124424,31331470,131,grade5
19,345,0.8961038961038961,,3.173778628659237,31331470,131,grade5
0,256,0.64,,10.813383952206344,31332016,125,grade5
1,261,0.6525,,9.588785560414596,31332016,125,grade5
2,266,0.665,,8.278583488348335,31332016,125,grade5
3,272,0.68,,7.526075274726468,31332016,125,grade5
4,277,0.6925,,6.877087432224558,31332016,125,grade5
5,283,0.7075,,8.10986246638858,31332016,125,grade5
6,288,0.72,,7.2073499102036145,31332016,125,grade5
7,294,0.735,,4.730845544954152,31332016,125,grade5
8,299,0.7475,,10.130801880940776,31332016,125,grade5
9,305,0.7625,,7.320251283270732,31332016,125,grade5
10,310,0.775,,7.392591019970284,31332016,125,grade5
11,316,0.79,,10.100850750559124,31332016,125,grade5
12,321,0.8025,,8.7175505036383,31332016,125,grade5
13,327,0.8175,,5.816260112726944,31332016,125,grade5
14,332,0.83,,2.907164976429031,31332016,125,grade5
15,338,0.845,,3.0473496999772465,31332016,125,grade5
16,343,0.8575,,3.6449668188043596,31332016,125,grade5
17,349,0.8725,,5.065695804742036,31332016,125,grade5
18,354,0.885,,4.238399126844138,31332016,125,grade5
19,360,0.9,,3.335623562408907,31332016,125,grade5
0,256,0.6975476839237057,,10.795784668829958,31332048,137,grade5
1,259,0.7057220708446866,,11.102697387438134,31332048,137,grade5
2,263,0.7166212534059946,,4.47957618626279,31332048,137,grade5
3,267,0.7275204359673024,,3.0770195608508972,31332048,137,grade5
4,270,0.7356948228882834,,2.907932657023056,31332048,137,grade5
5,274,0.7465940054495913,,2.144155187934441,31332048,137,grade5
6,278,0.7574931880108992,,1.8159040226953396,31332048,137,grade5
7,282,0.7683923705722071,,1.1855913777878673,31332048,137,grade5
8,285,0.776566757493188,,1.4258692242064184,31332048,137,grade5
9,289,0.7874659400544959,,1.6736539466639169,31332048,137,grade5
10,293,0.7983651226158038,,1.36953625316408,31332048,137,grade5
11,297,0.8092643051771117,,1.9499769128684301,31332048,137,grade5
12,300,0.8174386920980926,,2.8057593101149925,31332048,137,grade5
13,304,0.8283378746594006,,6.32186096866686,31332048,137,grade5
14,308,0.8392370572207084,,3.4737603729665523,31332048,137,grade5
15,312,0.8501362397820164,,3.2780177715103473,31332048,137,grade5
16,315,0.8583106267029973,,5.44277342948496,31332048,137,grade5
17,319,0.8692098092643051,,6.399866708169405,31332048,137,grade5
18,323,0.8801089918256131,,5.867132314185557,31332048,137,grade5
19,327,0.8910081743869209,,4.6567335104419385,31332048,137,grade5
0,256,0.7170868347338936,,6.246031275284194,31332118,131,grade5
1,259,0.7254901960784313,,11.753318031090577,31332118,131,grade5
2,262,0.7338935574229691,,14.39262172946704,31332118,131,grade5
3,265,0.742296918767507,,9.924053020873473,31332118,131,grade5
4,268,0.7507002801120448,,9.774747142029156,31332118,131,grade5
5,272,0.7619047619047619,,9.517864353135003,31332118,131,grade5
6,275,0.7703081232492998,,10.756681582548305,31332118,131,grade5
7,278,0.7787114845938375,,12.676976327285399,31332118,131,grade5
8,281,0.7871148459383753,,11.535884180291145,31332118,131,grade5
9,284,0.7955182072829131,,5.408591335892147,31332118,131,grade5
10,288,0.8067226890756303,,6.288539558137165,31332118,131,grade5
11,291,0.8151260504201681,,8.399417444927785,31332118,131,grade5
12,294,0.8235294117647058,,8.53707368826096,31332118,131,grade5
13,297,0.8319327731092437,,4.701213398955339,31332118,131,grade5
14,300,0.8403361344537815,,3.1530096606080793,31332118,131,grade5
15,304,0.8515406162464986,,4.485920096697585,31332118,131,grade5
16,307,0.8599439775910365,,5.2543089337218,31332118,131,grade5
17,310,0.8683473389355743,,3.9166913943993222,31332118,131,grade5
18,313,0.876750700280112,,3.667469127567758,31332118,131,grade5
19,317,0.8879551820728291,,0.8438940021394643,31332118,131,grade5
0,256,0.5953488372093023,,2.417679581758185,31332234,130,grade5
1,262,0.6093023255813953,,1.1596025761617446,31332234,130,grade5
2,269,0.6255813953488372,,2.3052748962816416,31332234,130,grade5
3,276,0.641860465116279,,4.858125105047347,31332234,130,grade5
4,283,0.6581395348837209,,5.235291623422134,31332234,130,grade5
5,290,0.6744186046511628,,6.795873128558059,31332234,130,grade5
6,297,0.6906976744186046,,7.135611969837651,31332234,130,grade5
7,304,0.7069767441860465,,7.5020807734378,31332234,130,grade5
8,311,0.7232558139534884,,3.7497767759615392,31332234,130,grade5
9,318,0.7395348837209302,,3.0920191646510506,31332234,130,grade5
10,324,0.7534883720930232,,2.9157669070961747,31332234,130,grade5
11,331,0.7697674418604651,,3.3516140216620904,31332234,130,grade5
12,338,0.786046511627907,,3.6644346056690633,31332234,130,grade5
13,345,0.8023255813953488,,6.628171986061735,31332234,130,grade5
14,352,0.8186046511627907,,9.822967471389306,31332234,130,grade5
15,359,0.8348837209302326,,19.333798525270886,31332234,130,grade5
16,366,0.8511627906976744,,15.01919399613222,31332234,130,grade5
17,373,0.8674418604651163,,9.930158558746893,31332234,130,grade5
18,380,0.8837209302325582,,11.089192266389947,31332234,130,grade5
19,387,0.9,,8.018053194438737,31332234,130,grade5
0,256,0.48484848484848486,,12.107990402761484,31332235,129,grade5
1,267,0.5056818181818182,,14.991293454755143,31332235,129,grade5
2,279,0.5284090909090909,,16.054398736981284,31332235,129,grade5
3,290,0.5492424242424242,,5.653055198942695,31332235,129,grade5
4,302,0.571969696969697,,5.883578231036887,31332235,129,grade5
5,313,0.5928030303030303,,5.742623934403122,31332235,129,grade5
6,325,0.615530303030303,,6.512648805770702,31332235,129,grade5
7,336,0.6363636363636364,,10.311519223111063,31332235,129,grade5
8,348,0.6590909090909091,,10.32739404066302,31332235,129,grade5
9,359,0.6799242424242424,,20.04200203996967,31332235,129,grade5
10,371,0.7026515151515151,,10.216150085877949,31332235,129,grade5
11,382,0.7234848484848485,,3.6045561511916135,31332235,129,grade5
12,394,0.7462121212121212,,1.4600420982957152,31332235,129,grade5
13,405,0.7670454545454546,,0.6437025845472197,31332235,129,grade5
14,417,0.7897727272727273,,0.04238218632774071,31332235,129,grade5
15,428,0.8106060606060606,,1.1810458923981635,31332235,129,grade5
16,440,0.8333333333333334,,1.6345805867770364,31332235,129,grade5
17,451,0.8541666666666666,,2.422235773549585,31332235,129,grade5
18,463,0.8768939393939394,,1.6863799324802002,31332235,129,grade5
19,475,0.8996212121212122,,6.035330368812933,31332235,129,grade5
0,256,0.6153846153846154,,1.0192874007747346,31332236,126,grade5
1,262,0.6298076923076923,,2.3860125925618485,31332236,126,grade5
2,268,0.6442307692307693,,0.4049914922651716,31332236,126,grade5
3,274,0.6586538461538461,,0.7032742240820236,31332236,126,grade5
4,280,0.6730769230769231,,3.4737938582893584,31332236,126,grade5
5,287,0.6899038461538461,,3.9389133171786277,31332236,126,grade5
6,293,0.7043269230769231,,4.95061315972371,31332236,126,grade5
7,299,0.71875,,4.551488731844888,31332236,126,grade5
8,305,0.7331730769230769,,6.243947824908443,31332236,126,grade5
9,311,0.7475961538461539,,11.348470228060886,31332236,126,grade5
10,318,0.7644230769230769,,7.979974970867028,31332236,126,grade5
11,324,0.7788461538461539,,5.707611049739359,31332236,126,grade5
12,330,0.7932692307692307,,7.169059426069392,31332236,126,grade5
13,336,0.8076923076923077,,5.560970303977912,31332236,126,grade5
14,342,0.8221153846153846,,3.288814297328792,31332236,126,grade5
15,349,0.8389423076923077,,1.8047636952312605,31332236,126,grade5
16,355,0.8533653846153846,,1.8378689766911576,31332236,126,grade5
17,361,0.8677884615384616,,1.7227499784819846,31332236,126,grade5
18,367,0.8822115384615384,,2.3870644494414925,31332236,126,grade5
19,374,0.8990384615384616,,6.053149930858967,31332236,126,grade5
0,256,0.534446764091858,,1.5216386111361073,31332245,130,grade5
1,265,0.5532359081419624,,1.9171850843769054,31332245,130,grade5
2,274,0.5720250521920668,,2.483242115979963,31332245,130,grade5
3,283,0.5908141962421712,,9.270611720687313,31332245,130,grade5
4,292,0.6096033402922756,,17.90444381280857,31332245,130,grade5
5,302,0.6304801670146137,,18.369326839341348,31332245,130,grade5
6,311,0.6492693110647182,,14.03515164560616,31332245,130,grade5
7,320,0.6680584551148225,,1.678049377785161,31332245,130,grade5
8,329,0.6868475991649269,,2.080461411013143,31332245,130,grade5
9,338,0.7056367432150313,,2.9859827471552727,31332245,130,grade5
10,348,0.7265135699373695,,2.237064380042945,31332245,130,grade5
11,357,0.7453027139874739,,1.3476354796264758,31332245,130,grade5
12,366,0.7640918580375783,,3.6856526403804626,31332245,130,grade5
13,375,0.7828810020876826,,12.54355683941467,31332245,130,grade5
14,384,0.8016701461377871,,4.813007928578182,31332245,130,grade5
15,394,0.8225469728601252,,7.343192677520306,31332245,130,grade5
16,403,0.8413361169102297,,3.108413253384195,31332245,130,grade5
17,412,0.860125260960334,,2.4080023856205086,31332245,130,grade5
18,421,0.8789144050104384,,8.445784617777129,31332245,130,grade5
19,431,0.8997912317327766,,8.107101907984786,31332245,130,grade5
0,256,0.6826666666666666,,7.041587588875942,31332267,129,grade5
1,260,0.6933333333333334,,4.697276631982284,31332267,129,grade5
2,264,0.704,,3.7467672288512386,31332267,129,grade5
3,268,0.7146666666666667,,4.510093238722233,31332267,129,grade5
4,272,0.7253333333333334,,3.645082312896843,31332267,129,grade5
5,276,0.736,,3.5921547016233095,31332267,129,grade5
6,280,0.7466666666666667,,6.146111393781126,31332267,129,grade5
7,285,0.76,,4.020253687943715,31332267,129,grade5
8,289,0.7706666666666667,,3.7867400509364835,31332267,129,grade5
9,293,0.7813333333333333,,2.931324818783115,31332267,129,grade5
10,297,0.792,,3.2591911046985755,31332267,129,grade5
11,301,0.8026666666666666,,2.019388843804358,31332267,129,grade5
12,305,0.8133333333333334,,1.9041001894127705,31332267,129,grade5
13,310,0.8266666666666667,,1.4349737559504314,31332267,129,grade5
14,314,0.8373333333333334,,2.01322450480996,31332267,129,grade5
15,318,0.848,,0.8337211944398204,31332267,129,grade5
16,322,0.8586666666666667,,0.46000831944788523,31332267,129,grade5
17,326,0.8693333333333333,,0.17646782353013268,31332267,129,grade5
18,330,0.88,,0.26340152664208816,31332267,129,grade5
19,335,0.8933333333333333,,0.47454879073973455,31332267,129,grade5
0,256,0.579185520361991,,5.674347937211039,31332268,130,grade5
1,263,0.5950226244343891,,1.1915592255073868,31332268,130,grade5
2,270,0.6108597285067874,,9.066029645719883,31332268,130,grade5
3,278,0.6289592760180995,,16.909785840206837,31332268,130,grade5
4,285,0.6447963800904978,,10.191234246529874,31332268,130,grade5
5,293,0.6628959276018099,,9.853087673169302,31332268,130,grade5
6,300,0.6787330316742082,,15.71292672341248,31332268,130,grade5
7,307,0.6945701357466063,,5.568121024419616,31332268,130,grade5
8,315,0.7126696832579186,,7.766891271331886,31332268,130,grade5
9,322,0.7285067873303167,,12.82406014132533,31332268,130,grade5
10,330,0.746606334841629,,11.18980180695236,31332268,130,grade5
11,337,0.7624434389140271,,10.022525956871588,31332268,130,grade5
12,345,0.7805429864253394,,16.22427511419115,31332268,130,grade5
13,352,0.7963800904977375,,8.338857727085676,31332268,130,grade5
14,359,0.8122171945701357,,7.468726569014377,31332268,130,grade5
15,367,0.830316742081448,,9.706919000094524,31332268,130,grade5
16,374,0.8461538461538461,,13.323754960248467,31332268,130,grade5
17,382,0.8642533936651584,,4.892683608920496,31332268,130,grade5
18,389,0.8800904977375565,,3.3274929368279924,31332268,130,grade5
19,397,0.8981900452488688,,0.8319742398280443,31332268,130,grade5
0,256,0.419672131147541,,5.747068057254831,32331339,136,grade5
1,271,0.44426229508196724,,8.667331983431271,32331339,136,grade5
2,286,0.46885245901639344,,5.234203482375429,32331339,136,grade5
3,302,0.49508196721311476,,3.1939344874289564,32331339,136,grade5
4,317,0.519672131147541,,16.21032181547966,32331339,136,grade5
5,333,0.5459016393442623,,21.173557196228874,32331339,136,grade5
6,348,0.5704918032786885,,7.678826172731215,32331339,136,grade5
7,363,0.5950819672131148,,4.731899079884306,32331339,136,grade5
8,379,0.6213114754098361,,13.612678135487,32331339,136,grade5
9,394,0.6459016393442623,,15.12971981626373,32331339,136,grade5
10,410,0.6721311475409836,,50.43289570368811,32331339,136,grade5
11,425,0.6967213114754098,,65.78404599091382,32331339,136,grade5
12,441,0.7229508196721312,,35.74104422582678,32331339,136,grade5
13,456,0.7475409836065574,,5.869311752977749,32331339,136,grade5
14,471,0.7721311475409836,,7.594645938535235,32331339,136,grade5
15,487,0.7983606557377049,,29.512567814456634,32331339,136,grade5
16,502,0.8229508196721311,,25.25235978556406,32331339,136,grade5
17,518,0.8491803278688524,,50.633627416532825,32331339,136,grade5
18,533,0.8737704918032787,43.41152495908861,39.524739757949405,32331339,136,grade5
19,549,0.9,39.46021625300487,34.794992722043034,32331339,136,grade5
0,256,0.8050314465408805,,7.227135429916627,32331466,130,grade5
1,257,0.8081761006289309,,9.59538238735942,32331466,130,grade5
2,258,0.8113207547169812,,10.140679070036008,32331466,130,grade5
3,259,0.8144654088050315,,12.965983869775608,32331466,130,grade5
4,260,0.8176100628930818,,13.612289009138669,32331466,130,grade5
5,261,0.8207547169811321,,13.871574646615084,32331466,130,grade5
6,262,0.8238993710691824,,14.920132483382664,32331466,130,grade5
7,264,0.8301886792452831,,10.768918315163095,32331466,130,grade5
8,265,0.8333333333333334,,9.958388738013927,32331466,130,grade5
9,266,0.8364779874213837,,11.91824213385867,32331466,130,grade5
10,267,0.839622641509434,,9.478748931923196,32331466,130,grade5
11,268,0.8427672955974843,,9.428566029783692,32331466,130,grade5
12,269,0.8459119496855346,,11.839260296186444,32331466,130,grade5
13,271,0.8522012578616353,,11.656320240130059,32331466,130,grade5
14,272,0.8553459119496856,,11.473969800501603,32331466,130,grade5
15,273,0.8584905660377359,,11.602386793152824,32331466,130,grade5
16,274,0.8616352201257862,,12.1955391099672,32331466,130,grade5
17,275,0.8647798742138365,,13.37299657973477,32331466,130,grade5
18,276,0.8679245283018868,,14.508639727692849,32331466,130,grade5
19,278,0.8742138364779874,,13.456850990607574,32331466,130,grade5
0,256,0.8126984126984127,,2.388501769427122,32331468,128,grade5
1,257,0.8158730158730159,,2.4187443324866775,32331468,128,grade5
2,258,0.819047619047619,,2.349039408569644,32331468,128,grade5
3,259,0.8222222222222222,,2.1529179340903744,32331468,128,grade5
4,260,0.8253968253968254,,1.9398079472033034,32331468,128,grade5
5,261,0.8285714285714286,,1.7994621312936534,32331468,128,grade5
6,262,0.8317460317460318,,1.85216458943045,32331468,128,grade5
7,263,0.834920634920635,,1.8280747055533841,32331468,128,grade5
8,264,0.8380952380952381,,2.183536460611733,32331468,128,grade5
9,265,0.8412698412698413,,1.980610338345116,32331468,128,grade5
10,266,0.8444444444444444,,1.561649542836074,32331468,128,grade5
11,267,0.8476190476190476,,1.6465071639758198,32331468,128,grade5
12,268,0.8507936507936508,,1.9953362204455463,32331468,128,grade5
13,269,0.8539682539682539,,1.9771766301693177,32331468,128,grade5
14,270,0.8571428571428571,,1.803401718980937,32331468,128,grade5
15,271,0.8603174603174604,,1.635486579342011,32331468,128,grade5
16,272,0.8634920634920635,,1.552948370274562,32331468,128,grade5
17,273,0.8666666666666667,,1.7568614628839274,32331468,128,grade5
18,274,0.8698412698412699,,2.0906139322671207,32331468,128,grade5
19,275,0.873015873015873,,1.532528532308259,32331468,128,grade5
0,256,0.4980544747081712,,2.644500548086717,32332111,129,grade5
1,266,0.5175097276264592,,2.273949125293912,32332111,129,grade5
2,277,0.5389105058365758,,5.571998976275162,32332111,129,grade5
3,288,0.5603112840466926,,2.9237125141957954,32332111,129,grade5
4,299,0.5817120622568094,,3.0032788042582528,32332111,129,grade5
5,310,0.603112840466926,,3.6740256655824517,32332111,129,grade5
6,321,0.6245136186770428,,7.865712584026447,32332111,129,grade5
7,331,0.6439688715953308,,16.123905937610033,32332111,129,grade5
8,342,0.6653696498054474,,27.62947063774519,32332111,129,grade5
9,353,0.6867704280155642,,16.720847303244515,32332111,129,grade5
10,364,0.708171206225681,,12.299320213202483,32332111,129,grade5
11,375,0.7295719844357976,,2.335657696594086,32332111,129,grade5
12,386,0.7509727626459144,,2.5470295015462954,32332111,129,grade5
13,396,0.7704280155642024,,2.5311963824897967,32332111,129,grade5
14,407,0.791828793774319,,1.4918877242031297,32332111,129,grade5
15,418,0.8132295719844358,,1.6538511744060251,32332111,129,grade5
16,429,0.8346303501945526,,2.585985240728963,32332111,129,grade5
17,440,0.8560311284046692,,16.958156743073545,32332111,129,grade5
18,451,0.877431906614786,,19.726524968183877,32332111,129,grade5
19,462,0.8988326848249028,,18.350766600755794,32332111,129,grade5
0,256,0.585812356979405,,9.098218092270645,32332112,122,grade5
1,263,0.6018306636155606,,4.1767869656563725,32332112,122,grade5
2,270,0.6178489702517163,,4.195968946129014,32332112,122,grade5
3,277,0.6338672768878718,,5.234039412125544,32332112,122,grade5
4,284,0.6498855835240275,,8.098658255866496,32332112,122,grade5
5,292,0.6681922196796338,,18.3830218971297,32332112,122,grade5
6,299,0.6842105263157895,,19.009330341524453,32332112,122,grade5
7,306,0.700228832951945,,12.36155592379115,32332112,122,grade5
8,313,0.7162471395881007,,17.8291676978103,32332112,122,grade5
9,320,0.7322654462242563,,5.94775472866618,32332112,122,grade5
10,328,0.7505720823798627,,2.491768118271506,32332112,122,grade5
11,335,0.7665903890160183,,3.1352570159499775,32332112,122,grade5
12,342,0.782608695652174,,2.93563833896751,32332112,122,grade5
13,349,0.7986270022883295,,4.771005697661797,32332112,122,grade5
14,356,0.8146453089244852,,5.458662561581281,32332112,122,grade5
15,364,0.8329519450800915,,4.861816381194832,32332112,122,grade5
16,371,0.8489702517162472,,5.107459307574873,32332112,122,grade5
17,378,0.8649885583524027,,6.308295792235985,32332112,122,grade5
18,385,0.8810068649885584,,4.909514429976831,32332112,122,grade5
19,393,0.8993135011441648,,3.3529128357107147,32332112,122,grade5
0,256,0.5171717171717172,,5.579826943930562,32332151,125,grade5
1,265,0.5353535353535354,,6.093780135368907,32332151,125,grade5
2,275,0.5555555555555556,,11.250440360138226,32332151,125,grade5
3,285,0.5757575757575758,,7.476265688356641,32332151,125,grade5
4,295,0.5959595959595959,,9.820726934229903,32332151,125,grade5
5,305,0.6161616161616161,,9.791744419474279,32332151,125,grade5
6,315,0.6363636363636364,,10.31118370412785,32332151,125,grade5
7,325,0.6565656565656566,,12.186936323054944,32332151,125,grade5
8,335,0.6767676767676768,,9.809772123986136,32332151,125,grade5
9,345,0.696969696969697,,9.91941309364228,32332151,125,grade5
10,355,0.7171717171717171,,6.400189636845411,32332151,125,grade5
11,365,0.7373737373737373,,5.824180299250872,32332151,125,grade5
12,375,0.7575757575757576,,2.541598392586013,32332151,125,grade5
13,385,0.7777777777777778,,7.999917441422667,32332151,125,grade5
14,395,0.797979797979798,,9.636838628652672,32332151,125,grade5
15,405,0.8181818181818182,,9.044660570024611,32332151,125,grade5
16,415,0.8383838383838383,,19.04392376852808,32332151,125,grade5
17,425,0.8585858585858586,,9.870265015509958,32332151,125,grade5
18,435,0.8787878787878788,,8.973218154519639,32332151,125,grade5
19,445,0.898989898989899,,10.352694417335584,32332151,125,grade5
0,256,0.8152866242038217,,2.0401931632816908,32332254,136,grade5
1,256,0.8152866242038217,,2.0401931632816908,32332254,136,grade5
2,257,0.8184713375796179,,1.7114617539336212,32332254,136,grade5
3,258,0.821656050955414,,1.7576692905678009,32332254,136,grade5
4,259,0.8248407643312102,,2.166040922755691,32332254,136,grade5
5,260,0.8280254777070064,,2.002390052349587,32332254,136,grade5
6,261,0.8312101910828026,,2.100973359486871,32332254,136,grade5
7,262,0.8343949044585988,,2.065605715475712,32332254,136,grade5
8,263,0.8375796178343949,,1.7798278251688249,32332254,136,grade5
9,264,0.8407643312101911,,2.3017447915161124,32332254,136,grade5
10,265,0.8439490445859873,,1.8347299594729947,32332254,136,grade5
11,266,0.8471337579617835,,2.241376860887989,32332254,136,grade5
12,267,0.8503184713375797,,2.0644672671302455,32332254,136,grade5
13,268,0.8535031847133758,,1.644081216672788,32332254,136,grade5
14,269,0.856687898089172,,1.89198277341925,32332254,136,grade5
15,270,0.8598726114649682,,1.5370000296529573,32332254,136,grade5
16,271,0.8630573248407644,,1.2023920308820646,32332254,136,grade5
17,272,0.8662420382165605,,1.1085569260596255,32332254,136,grade5
18,273,0.8694267515923567,,1.223611048922142,32332254,136,grade5
19,274,0.8726114649681529,,1.1139774553036919,32332254,136,grade5
0,256,0.41830065359477125,,3.9699241209238956,32332256,132,grade5
1,271,0.44281045751633985,,11.082676566038366,32332256,132,grade5
2,286,0.4673202614379085,,10.3843710574304,32332256,132,grade5
3,302,0.4934640522875817,,2.8469173435529713,32332256,132,grade5
4,317,0.5179738562091504,,6.162707700299759,32332256,132,grade5
5,333,0.5441176470588235,,3.464349037287781,32332256,132,grade5
6,348,0.5686274509803921,,4.1013663725778216,32332256,132,grade5
7,364,0.5947712418300654,,12.192983563697402,32332256,132,grade5
8,379,0.619281045751634,,15.982264675868587,32332256,132,grade5
9,395,0.6454248366013072,,42.54400372116409,32332256,132,grade5
10,410,0.6699346405228758,,17.21858564247132,32332256,132,grade5
11,426,0.696078431372549,,8.13610792270699,32332256,132,grade5
12,441,0.7205882352941176,,3.985221906024135,32332256,132,grade5
13,457,0.7467320261437909,,7.090677147884223,32332256,132,grade5
14,472,0.7712418300653595,,9.863441583988541,32332256,132,grade5
15,488,0.7973856209150327,,21.850377380798662,32332256,132,grade5
16,503,0.8218954248366013,,11.070487935758713,32332256,132,grade5
17,519,0.8480392156862745,,12.066249779,32332256,132,grade5
18,534,0.8725490196078431,4.879705478008264,4.898088939471165,32332256,132,grade5
19,550,0.8986928104575164,9.346824887314751,9.81273025801574,32332256,132,grade5
0,256,0.6994535519125683,,1.92673270308702,32332266,143,grade5
1,259,0.7076502732240437,,1.9258975535860552,32332266,143,grade5
2,263,0.7185792349726776,,0.5825140281784167,32332266,143,grade5
3,267,0.7295081967213115,,0.8037334302536809,32332266,143,grade5
4,270,0.7377049180327869,,0.45531988722920946,32332266,143,grade5
5,274,0.7486338797814208,,-0.13227482267375557,32332266,143,grade5
6,278,0.7595628415300546,,0.15820720794983778,32332266,143,grade5
7,281,0.76775956284153,,0.6365450411801419,32332266,143,grade5
8,285,0.7786885245901639,,0.7580554079998283,32332266,143,grade5
9,289,0.7896174863387978,,1.38473676097645,32332266,143,grade5
10,292,0.7978142076502732,,1.185196839405541,32332266,143,grade5
11,296,0.8087431693989071,,1.9311698665353578,32332266,143,grade5
12,300,0.819672131147541,,3.622702264637308,32332266,143,grade5
13,303,0.8278688524590164,,5.416171587708757,32332266,143,grade5
14,307,0.8387978142076503,,5.59584438776303,32332266,143,grade5
15,311,0.8497267759562842,,4.437213104799234,32332266,143,grade5
16,314,0.8579234972677595,,3.292181476236337,32332266,143,grade5
17,318,0.8688524590163934,,3.1496286284554547,32332266,143,grade5
18,322,0.8797814207650273,,1.1608629176799639,32332266,143,grade5
19,326,0.8907103825136612,,1.3780708876118908,32332266,143,grade5
0,256,0.44521739130434784,,5.060645027313823,32332283,135,grade5
1,269,0.4678260869565217,,3.594779352303969,32332283,135,grade5
2,283,0.49217391304347824,,5.419471877125131,32332283,135,grade5
3,297,0.5165217391304348,,6.0303710499433185,32332283,135,grade5
4,310,0.5391304347826087,,4.781696749024419,32332283,135,grade5
5,324,0.5634782608695652,,2.3400137917224404,32332283,135,grade5
6,338,0.5878260869565217,,5.5867209289144935,32332283,135,grade5
7,352,0.6121739130434782,,1.2119338938477515,32332283,135,grade5
8,365,0.6347826086956522,,2.242376469405614,32332283,135,grade5
9,379,0.6591304347826087,,2.0875181814554473,32332283,135,grade5
10,393,0.6834782608695652,,2.9221991590008543,32332283,135,grade5
11,407,0.7078260869565217,,1.7957761837605393,32332283,135,grade5
12,420,0.7304347826086957,,4.970001370034698,32332283,135,grade5
13,434,0.7547826086956522,,3.738363575593201,32332283,135,grade5
14,448,0.7791304347826087,,3.8928410408685075,32332283,135,grade5
15,462,0.8034782608695652,,5.434674360134547,32332283,135,grade5
16,475,0.8260869565217391,,10.497151246747894,32332283,135,grade5
17,489,0.8504347826086956,,7.2557753232003,32332283,135,grade5
18,503,0.8747826086956522,,6.075786583223749,32332283,135,grade5
19,517,0.8991304347826087,9.997078737252563,8.417440290308734,32332283,135,grade5
0,256,0.6881720430107527,,6.2447253773560885,32332330,132,grade5
1,260,0.6989247311827957,,2.815872278910607,32332330,132,grade5
2,264,0.7096774193548387,,2.5689922557382925,32332330,132,grade5
3,268,0.7204301075268817,,4.146459987676375,32332330,132,grade5
4,272,0.7311827956989247,,7.4782768054126265,32332330,132,grade5
5,276,0.7419354838709677,,7.703860099558915,32332330,132,grade5
6,280,0.7526881720430108,,6.290777583831419,32332330,132,grade5
7,284,0.7634408602150538,,5.769138054799832,32332330,132,grade5
8,288,0.7741935483870968,,8.352951120776765,32332330,132,grade5
9,292,0.7849462365591398,,5.2330155199831925,32332330,132,grade5
10,296,0.7956989247311828,,7.182768699127598,32332330,132,grade5
11,300,0.8064516129032258,,13.926911729758558,32332330,132,grade5
12,304,0.8172043010752689,,12.903042241136353,32332330,132,grade5
13,308,0.8279569892473119,,12.441620703804595,32332330,132,grade5
14,312,0.8387096774193549,,8.07414365290015,32332330,132,grade5
15,316,0.8494623655913979,,8.119744984921844,32332330,132,grade5
16,320,0.8602150537634409,,14.030064248681951,32332330,132,grade5
17,324,0.8709677419354839,,8.248951049820226,32332330,132,grade5
18,328,0.8817204301075269,,5.68448766917726,32332330,132,grade5
19,332,0.8924731182795699,,3.061879010672115,32332330,132,grade5
0,256,0.7781155015197568,,5.311884180863292,32332332,129,grade5
1,257,0.7811550151975684,,5.920754186904786,32332332,129,grade5
2,259,0.7872340425531915,,5.875336090535695,32332332,129,grade5
3,261,0.7933130699088146,,6.2273967115172635,32332332,129,grade5
4,262,0.7963525835866262,,6.172099022469682,32332332,129,grade5
5,264,0.8024316109422492,,6.207059548388006,32332332,129,grade5
6,266,0.8085106382978723,,5.89777484994357,32332332,129,grade5
7,268,0.8145896656534954,,6.304951921208259,32332332,129,grade5
8,269,0.817629179331307,,5.023849667146306,32332332,129,grade5
9,271,0.8237082066869301,,4.573698709577535,32332332,129,grade5
10,273,0.8297872340425532,,5.126189368779254,32332332,129,grade5
11,275,0.8358662613981763,,5.619182450715201,32332332,129,grade5
12,276,0.8389057750759878,,5.490095883790286,32332332,129,grade5
13,278,0.8449848024316109,,6.3190864343151425,32332332,129,grade5
14,280,0.851063829787234,,9.912073275402397,32332332,129,grade5
15,282,0.8571428571428571,,12.603982538933357,32332332,129,grade5
16,283,0.8601823708206687,,12.90846075239665,32332332,129,grade5
17,285,0.8662613981762918,,15.517741472662935,32332332,129,grade5
18,287,0.8723404255319149,,12.407568761260716,32332332,129,grade5
19,289,0.878419452887538,,9.554992276539886,32332332,129,grade5
0,256,0.30260047281323876,,20.266328264586498,42331360,131,grade5
1,282,0.3333333333333333,,8.00034331101422,42331360,131,grade5
2,309,0.36524822695035464,,4.118952036909953,42331360,131,grade5
3,335,0.3959810874704492,,3.7931066083672906,42331360,131,grade5
4,362,0.42789598108747046,,4.582844403618349,42331360,131,grade5
5,388,0.458628841607565,,9.251589031954314,42331360,131,grade5
6,415,0.4905437352245863,,7.068289868450364,42331360,131,grade5
7,442,0.5224586288416075,,0.9015324557203721,42331360,131,grade5
8,468,0.5531914893617021,,9.144712764551112,42331360,131,grade5
9,495,0.5851063829787234,,7.403709532883656,42331360,131,grade5
10,521,0.6158392434988179,,16.380891220542402,42331360,131,grade5
11,548,0.6477541371158393,,10.25317947207582,42331360,131,grade5
12,574,0.6784869976359338,,5.842932588833154,42331360,131,grade5
13,601,0.710401891252955,,2.585809258541863,42331360,131,grade5
14,628,0.7423167848699763,,4.707217782219721,42331360,131,grade5
15,654,0.7730496453900709,,6.430379011202788,42331360,131,grade5
16,681,0.8049645390070922,,1.431674716214026,42331360,131,grade5
17,707,0.8356973995271868,,2.4394258305158827,42331360,131,grade5
18,734,0.8676122931442081,1.9362979416061403,2.2388780596248488,42331360,131,grade5
19,761,0.8995271867612293,5.377602039829823,5.374377991585542,42331360,131,grade5
0,256,0.5192697768762677,,5.220706497092316,42331405,135,grade5
1,265,0.537525354969574,,10.082090543961112,42331405,135,grade5
2,275,0.5578093306288032,,4.117760260593233,42331405,135,grade5
3,285,0.5780933062880325,,7.829270925294583,42331405,135,grade5
4,295,0.5983772819472617,,5.765688645839587,42331405,135,grade5
5,305,0.6186612576064908,,1.9462437828225463,42331405,135,grade5
6,315,0.6389452332657201,,3.0051076673028465,42331405,135,grade5
7,324,0.6572008113590264,,6.582449116567931,42331405,135,grade5
8,334,0.6774847870182555,,9.604846491767516,42331405,135,grade5
9,344,0.6977687626774848,,11.525615940815616,42331405,135,grade5
10,354,0.718052738336714,,15.66590061751197,42331405,135,grade5
11,364,0.7383367139959433,,5.7780824750012165,42331405,135,grade5
12,374,0.7586206896551724,,5.398259493562133,42331405,135,grade5
13,383,0.7768762677484787,,13.86683420223865,42331405,135,grade5
14,393,0.7971602434077079,,7.818376707447051,42331405,135,grade5
15,403,0.8174442190669371,,2.9273412087599624,42331405,135,grade5
16,413,0.8377281947261663,,6.456455584854325,42331405,135,grade5
17,423,0.8580121703853956,,14.666242899763237,42331405,135,grade5
18,433,0.8782961460446247,,8.734109454945472,42331405,135,grade5
19,443,0.8985801217038539,,4.130217599022503,42331405,135,grade5
0,256,0.7052341597796143,,4.608510811747369,42331438,132,grade5
1,259,0.7134986225895317,,4.133659027335142,42331438,132,grade5
2,263,0.7245179063360881,,4.2847670293479805,42331438,132,grade5
3,266,0.7327823691460055,,4.525281767526614,42331438,132,grade5
4,270,0.743801652892562,,4.700841011082206,42331438,132,grade5
5,273,0.7520661157024794,,10.83361164933847,42331438,132,grade5
6,277,0.7630853994490359,,10.38524304128507,42331438,132,grade5
7,280,0.7713498622589532,,7.042685192951019,42331438,132,grade5
8,284,0.7823691460055097,,7.550044563017686,42331438,132,grade5
9,287,0.790633608815427,,6.117559995717606,42331438,132,grade5
10,291,0.8016528925619835,,6.754688445293084,42331438,132,grade5
11,294,0.8099173553719008,,5.436346155147371,42331438,132,grade5
12,298,0.8209366391184573,,4.014118359729675,42331438,132,grade5
13,301,0.8292011019283747,,5.669986366002476,42331438,132,grade5
14,305,0.8402203856749312,,7.436935686655602,42331438,132,grade5
15,308,0.8484848484848485,,6.71373861547295,42331438,132,grade5
16,312,0.859504132231405,,3.385776589582864,42331438,132,grade5
17,315,0.8677685950413223,,2.9567447512811587,42331438,132,grade5
18,319,0.8787878787878788,,4.127978556549483,42331438,132,grade5
19,323,0.8898071625344353,,2.088946946115076,42331438,132,grade5
0,256,0.6736842105263158,,4.212396902452285,42332082,125,grade5
1,260,0.6842105263157895,,6.879251373138161,42332082,125,grade5
2,264,0.6947368421052632,,4.47208737845111,42332082,125,grade5
3,269,0.7078947368421052,,8.56803865566276,42332082,125,grade5
4,273,0.718421052631579,,11.866740646091298,42332082,125,grade5
5,278,0.7315789473684211,,10.22414025152117,42332082,125,grade5
6,282,0.7421052631578947,,12.986683516980893,42332082,125,grade5
7,286,0.7526315789473684,,9.656445610905383,42332082,125,grade5
8,291,0.7657894736842106,,14.486322021503089,42332082,125,grade5
9,295,0.7763157894736842,,16.349483048326498,42332082,125,grade5
10,300,0.7894736842105263,,10.858264558695215,42332082,125,grade5
11,304,0.8,,18.921997022673633,42332082,125,grade5
12,309,0.8131578947368421,,10.793641662793442,42332082,125,grade5
13,313,0.8236842105263158,,12.386407802626731,42332082,125,grade5
14,317,0.8342105263157895,,10.005600289103988,42332082,125,grade5
15,322,0.8473684210526315,,6.127441065625032,42332082,125,grade5
16,326,0.8578947368421053,,8.467456258249797,42332082,125,grade5
17,331,0.8710526315789474,,7.674875999017019,42332082,125,grade5
18,335,0.881578947368421,,5.988494698572069,42332082,125,grade5
19,340,0.8947368421052632,,2.9570391265437976,42332082,125,grade5
0,256,0.5638766519823789,,4.5167238699749666,42332310,134,grade5
1,264,0.5814977973568282,,5.528882956194113,42332310,134,grade5
2,272,0.5991189427312775,,1.8464312678182653,42332310,134,grade5
3,280,0.6167400881057269,,3.6988256470944556,42332310,134,grade5
4,288,0.6343612334801763,,5.563975728538063,42332310,134,grade5
5,296,0.6519823788546255,,3.7699096333514,42332310,134,grade5
6,304,0.6696035242290749,,3.02529517143884,42332310,134,grade5
7,312,0.6872246696035242,,2.9674192599990867,42332310,134,grade5
8,320,0.7048458149779736,,4.14156471401464,42332310,134,grade5
9,328,0.7224669603524229,,5.766834368257115,42332310,134,grade5
10,336,0.7400881057268722,,6.488842050464081,42332310,134,grade5
11,344,0.7577092511013216,,4.49464723799487,42332310,134,grade5
12,352,0.775330396475771,,4.493434260417753,42332310,134,grade5
13,360,0.7929515418502202,,2.425038681100385,42332310,134,grade5
14,368,0.8105726872246696,,3.6080746188545225,42332310,134,grade5
15,376,0.8281938325991189,,3.9818417586519583,42332310,134,grade5
16,384,0.8458149779735683,,2.9934581777831557,42332310,134,grade5
17,392,0.8634361233480177,,0.3310084322001252,42332310,134,grade5
18,400,0.8810572687224669,,0.5860119547490896,42332310,134,grade5
19,408,0.8986784140969163,,1.5133318529779558,42332310,134,grade5
