doc_id,age_months,age_group,n_tokens,t_star,t_star_frac,I_512_star,baseline_512,top_share_512,n_eff_512,gini_512,n_positive_512,n_windows_512,ppl_full_512,top_share_256,n_eff_256,n_windows_256,model,model_tag
ECSC_4051_1_120M_4051_YR1,120,10+yr,703,632,0.89900426742532,21.44588264220792,23.583438464993684,0.5925259277491003,4.692384817892853,0.8672232480474343,12,31,13.892827452059036,0.3102269884629563,9.55272875932416,15,Qwen2.5-7B-Instruct,qwen7b
ECSC_4040_1_122F_4040_YR1,122,10+yr,612,534,0.8725490196078431,37.37735572344238,22.732887798416478,0.33679355882483836,6.997450263699265,0.82440127588001,11,31,19.27173824089797,0.34602257680942294,6.7263719152983406,15,Qwen2.5-7B-Instruct,qwen7b
ECSC_4046_1_132F_4046_YR1,132,10+yr,584,525,0.898972602739726,31.965445988409925,28.46492881410265,0.21215808488200644,10.34732745080929,0.7422861305359277,14,31,10.273887620982626,0.27436572758682815,6.755334084271046,15,Qwen2.5-7B-Instruct,qwen7b
ECSC_2025_1_135M_2025_YR1,135,10+yr,812,730,0.8990147783251231,24.69049492005182,36.98536763180941,0.2838176417645024,11.46128104191857,0.7138430818653362,21,31,40.05961230544551,0.294229536783856,6.146273166609304,15,Qwen2.5-7B-Instruct,qwen7b
ECSC_4028_1_136F_4028_YR1,136,10+yr,703,632,0.89900426742532,8.632211851392734,16.415730831614873,0.2917658245203222,9.261427918897231,0.7684814079668165,17,31,11.590719125856774,0.2371551037068998,8.670992458269442,15,Qwen2.5-7B-Instruct,qwen7b
ECSC_2019_1_68F_2019_YR1,68,4-6yr,647,582,0.8995363214837713,40.66467333806435,27.145319773399034,0.08694775779531935,19.94266460039472,0.48325435544739803,25,31,25.610150634361514,0.1349573890747538,11.150465845830757,15,Qwen2.5-7B-Instruct,qwen7b
ECSC_1073_1_70M_1073_YR1,70,4-6yr,864,749,0.8668981481481481,17.13078562129676,8.735411117495904,0.19234177683040568,9.22872875331651,0.7706553418356856,14,31,11.657172574090465,0.2555057581759917,6.601520251601993,15,Qwen2.5-7B-Instruct,qwen7b
ECSC_1083_3_71M_1083_YR3,71,4-6yr,575,517,0.8991304347826087,12.127651828734933,12.152717468170584,0.17107741641220597,14.546347532212932,0.6288586343591528,19,31,15.325678387999265,0.39971547060199664,5.245045319978125,15,Qwen2.5-7B-Instruct,qwen7b
ECSC_2007_2_72M_2007_YR2,72,6-8yr,674,606,0.8991097922848664,1.2996539655264439,3.628650944550069,0.1902719249428718,17.94283504311345,0.5304418810142226,25,31,9.839533025747993,0.21996188226365465,8.739028402170126,15,Qwen2.5-7B-Instruct,qwen7b
ECSC_1092_2_74F_1092_YR2,74,6-8yr,645,580,0.8992248062015504,13.086494829048828,13.500965024511512,0.19476956300476067,23.00136096832568,0.37705692014812686,31,31,16.7638506695133,0.25436332223632285,11.63596497538114,15,Qwen2.5-7B-Instruct,qwen7b
ECSC_4003_1_75M_4003_YR1,75,6-8yr,700,630,0.9,10.696033987142705,27.933764068991657,0.36969792432731907,12.324432054050414,0.6419633039700449,25,31,19.025653662099568,0.6468932171639767,3.2716474888456397,15,Qwen2.5-7B-Instruct,qwen7b
ECSC_1014_2_76F_1014_YR2,76,6-8yr,688,523,0.7601744186046512,20.238894061125812,24.797197590547192,0.2948674315621707,7.365634069256824,0.8221145773017753,17,31,15.3997297403227,0.2907351521112515,8.480801372010486,15,Qwen2.5-7B-Instruct,qwen7b
ECSC_1014_3_76F_1014_YR3,76,6-8yr,679,611,0.8998527245949927,7.288836778515148,4.226271136390388,0.22348045429126945,15.513839158846555,0.6031257306438892,24,31,6.926595790191748,0.3971953782650232,4.385336123220223,15,Qwen2.5-7B-Instruct,qwen7b
ECSC_1004_1_78F_1004_YR1,78,6-8yr,576,518,0.8993055555555556,0.3757830149914021,3.0982128809939105,0.27546400115832054,8.71736991903467,0.7744103148013419,15,31,12.305851844016605,0.3736788421644213,7.452165379899592,15,Qwen2.5-7B-Instruct,qwen7b
ECSC_1003_2_82F_1003_YR2,82,6-8yr,591,516,0.8730964467005076,10.157376238143701,10.675897140331767,0.179813295367067,11.857756008097617,0.7020249166467399,17,31,18.261548534021852,0.15203448964861313,12.335113278576355,15,Qwen2.5-7B-Instruct,qwen7b
ECSC_1024_1_82F_1024_YR1,82,6-8yr,658,592,0.8996960486322189,28.591077375287803,16.226313028457337,0.31720782066594067,13.844113833385357,0.6145883398124536,28,31,16.09871948241699,0.5437321865587249,3.896334673354406,15,Qwen2.5-7B-Instruct,qwen7b
ECSC_1024_2_82F_1024_YR2,82,6-8yr,787,708,0.8996188055908514,23.575337452190347,14.55914733585279,0.40331748921010224,8.269663310688461,0.7846606606637866,18,31,28.20200370662056,0.6014896632525879,4.116708858998212,15,Qwen2.5-7B-Instruct,qwen7b
ECSC_1039_2_82F_1039_YR2,82,6-8yr,626,530,0.8466453674121406,60.24217031597071,28.179168139721746,0.18984223088201557,20.60555811675869,0.46001407087688434,29,31,23.29824486024197,0.32153278076152675,7.965988249142979,15,Qwen2.5-7B-Instruct,qwen7b
ECSC_1039_3_82F_1039_YR3,82,6-8yr,618,556,0.8996763754045307,7.548881807254871,7.870237700477071,0.2990595280513767,11.798645896306663,0.6992499061028927,21,31,15.51045865436865,0.5153848264939798,4.848038724715218,15,Qwen2.5-7B-Instruct,qwen7b
ECSC_1058_2_86F_1058_YR2,86,6-8yr,737,663,0.8995929443690638,10.654469604936232,11.370524022381543,0.5505890231448062,6.552862994817537,0.7941124203772786,20,31,13.340042579804745,0.6330795405302629,3.71764279776824,15,Qwen2.5-7B-Instruct,qwen7b
ECSC_1058_3_86F_1058_YR3,86,6-8yr,1194,600,0.5025125628140703,51.09828473984456,24.4366316883207,0.14885352286394216,11.38957638758858,0.7092267613835542,15,31,17.024831874311484,0.3604206372961562,5.989517928931457,15,Qwen2.5-7B-Instruct,qwen7b
ECSC_1002_2_89F_1002_YR2,89,6-8yr,579,521,0.8998272884283247,14.158200932683034,17.871292988585548,0.22217516369203225,10.80860910104043,0.729527850490232,20,31,19.418154617326746,0.2656699789189421,6.614819380657875,15,Qwen2.5-7B-Instruct,qwen7b
ECSC_1044_1_90F_1044_YR1,90,6-8yr,662,595,0.8987915407854985,27.552318605681524,35.81369747912641,0.29379983259881215,10.609055073715078,0.7357285231031004,19,31,17.964254354747286,0.24460046644083655,7.870855049440602,15,Qwen2.5-7B-Instruct,qwen7b
ECSC_1044_2_90F_1044_YR2,90,6-8yr,777,699,0.8996138996138996,7.661145601320872,13.351314745741893,0.15752656878247953,12.32515387794798,0.6835913497098784,15,31,22.486286826744493,0.30403645206418245,5.776878354535043,15,Qwen2.5-7B-Instruct,qwen7b
ECSC_1060_2_90M_1060_YR2,90,6-8yr,629,517,0.821939586645469,23.665634168483283,22.71154871117137,0.08774468347402503,24.58227490356299,0.36210980900011064,30,31,26.521041890616434,0.1872651173153942,10.548243941882435,15,Qwen2.5-7B-Instruct,qwen7b
ECSC_1040_1_91F_1040_YR1,91,6-8yr,688,523,0.7601744186046512,63.212808987490675,17.242116971911674,0.3790133318254302,8.790593748259644,0.7505227617686837,23,31,22.345122686257625,0.3988662134850474,5.116343946446818,15,Qwen2.5-7B-Instruct,qwen7b
ECSC_1034_2_93F_1034_YR2,93,6-8yr,752,676,0.898936170212766,27.90138483919335,30.557953616523086,0.36656461467473583,7.415645696163137,0.8169824562840472,15,31,25.442685251904752,0.3023254656675869,6.703020130806717,15,Qwen2.5-7B-Instruct,qwen7b
ECSC_1008_1_94F_1008_YR1,94,6-8yr,604,543,0.8990066225165563,23.5123786899005,16.52411321987791,0.2754262809338319,14.264443384400138,0.6298565689815192,26,31,9.22802496072,0.33542475292002016,7.899959464308329,15,Qwen2.5-7B-Instruct,qwen7b
ECSC_1008_3_94F_1008_YR3,94,6-8yr,654,588,0.8990825688073395,25.75322673168798,18.454942221835754,0.3312776695620734,10.667240999892195,0.7216110940830637,22,31,10.63770667775177,0.32097568323758596,8.329427883273777,15,Qwen2.5-7B-Instruct,qwen7b
ECSC_1009_1_94F_1009_YR1,94,6-8yr,654,588,0.8990825688073395,11.808039758046299,7.157243835965227,0.4151051805417699,8.161799371810682,0.7843240013414993,18,31,11.351952527511465,0.3711276949432308,6.074056607032584,15,Qwen2.5-7B-Instruct,qwen7b
ECSC_1009_2_94F_1009_YR2,94,6-8yr,1405,1264,0.899644128113879,8.847458883868832,20.012121358718062,0.2928519938296222,14.254900953124027,0.6234556603369367,25,31,8.446256558072104,0.43211936487072444,6.022800074255598,15,Qwen2.5-7B-Instruct,qwen7b
ECSC_1009_3_94F_1009_YR3,94,6-8yr,684,577,0.8435672514619883,43.9423384043104,28.15357112530354,0.2444797192173732,14.4898037764902,0.6298399485771834,29,31,21.835425064087254,0.3344723805977712,9.643598254804852,15,Qwen2.5-7B-Instruct,qwen7b
ECSC_1021_1_94F_1021_YR1,94,6-8yr,913,821,0.8992332968236583,10.083237105634964,14.531797968304229,0.2907285634491618,9.74837405441167,0.7458724811687696,20,31,11.712856672072931,0.3606982360981167,5.418693275342964,15,Qwen2.5-7B-Instruct,qwen7b
ECSC_1021_2_94F_1021_YR2,94,6-8yr,1328,799,0.6016566265060241,45.503028007204065,26.533487316884873,0.3311361792828147,12.387336502046956,0.6704782003200045,26,31,17.596073512080572,0.3143957446190087,6.741160091529603,15,Qwen2.5-7B-Instruct,qwen7b
ECSC_1021_3_94F_1021_YR3,94,6-8yr,899,809,0.899888765294772,23.063571652257224,29.299645267720855,0.34768376896902264,6.406917724472606,0.8371812319286693,16,31,22.197617781073077,0.31504067114526524,6.049747743976464,15,Qwen2.5-7B-Instruct,qwen7b
ECSC_1015_1_102F_1015_YR1,102,8-10yr,1006,905,0.8996023856858847,15.648298259596402,23.88484703717773,0.27404857113167835,10.38774346910046,0.7386019305662006,24,31,7.9446380785695405,0.31560189826974083,7.592332886136919,15,Qwen2.5-7B-Instruct,qwen7b
ECSC_1015_2_102F_1015_YR2,102,8-10yr,1049,762,0.7264061010486177,22.79481789298791,31.38248361191798,0.19163293551989782,18.39885574870445,0.5307620052102753,26,31,9.669960152301183,0.23967804688282432,8.52543724316974,15,Qwen2.5-7B-Instruct,qwen7b
ECSC_1015_3_102F_1015_YR3,102,8-10yr,731,657,0.8987688098495212,5.886127631678448,11.796936880104202,0.1387857860197661,12.425611650039226,0.6869952164315651,17,31,16.96456365644856,0.5016740870504225,3.8283017097103658,15,Qwen2.5-7B-Instruct,qwen7b
ECSC_1059_1_104F_1059_YR1,104,8-10yr,653,587,0.8989280245022971,16.3495456501499,5.8182929300057635,0.40253975107322637,10.52229139764152,0.6977641372329596,24,31,9.820380049708666,0.39373752056794986,6.957532896367491,15,Qwen2.5-7B-Instruct,qwen7b
ECSC_4015_1_104F_4015_YR1,104,8-10yr,741,601,0.8110661268556005,25.381634861102118,18.57193123372022,0.36777593454749535,13.486501551350283,0.5991638072353382,29,31,13.602257235976314,0.48786333783763386,5.585941493552797,15,Qwen2.5-7B-Instruct,qwen7b
ECSC_1022_1_106M_1022_YR1,106,8-10yr,586,512,0.8737201365187713,8.232967742835342,9.923865150601017,0.290035527307214,13.378087935665217,0.638457458851682,27,31,16.385437429879754,0.25312190590516126,7.764556304328413,15,Qwen2.5-7B-Instruct,qwen7b
ECSC_4062_1_96F_4062_YR1,96,8-10yr,605,528,0.8727272727272727,10.375792425883072,9.876210541014675,0.37453364573889086,10.078436401586552,0.7309520531103094,23,31,15.983540838800307,0.2988853267308064,9.056480156332702,15,Qwen2.5-7B-Instruct,qwen7b
ECSC_1006_2_97F_1006_YR2,97,8-10yr,598,538,0.8996655518394648,5.4859561655682505,5.255701003149248,0.2059541866972652,13.822415900176123,0.6568342803139252,22,31,10.22842155577831,0.22475472415573516,7.408078182973006,15,Qwen2.5-7B-Instruct,qwen7b
ECSC_1099_1_97F_1099_YR1,97,8-10yr,761,638,0.8383705650459922,18.070109073234885,33.79508069140412,0.2598220665197081,11.312265532433477,0.7185803680085292,20,31,21.810288563124754,0.1898556096516386,10.17444723945548,15,Qwen2.5-7B-Instruct,qwen7b
ECSC_1099_2_97F_1099_YR2,97,8-10yr,829,746,0.8998793727382388,13.571944689427044,18.908188155427442,0.2549330443509724,13.246053233302176,0.6543337627816876,21,31,14.61500154343121,0.3055704497656399,7.454592376793396,15,Qwen2.5-7B-Instruct,qwen7b
ECSC_1099_3_97F_1099_YR3,97,8-10yr,755,679,0.8993377483443709,7.405342206532154,22.810167916553727,0.41598928420432685,6.150103616955509,0.8484447022626044,13,31,19.489030382997097,0.339401102778907,8.30745566678301,15,Qwen2.5-7B-Instruct,qwen7b
ECSC_1056_1_97M_1056_YR1,97,8-10yr,682,575,0.843108504398827,15.554668318880681,11.488619594497385,0.46932563787672843,6.387594504013989,0.8342475962332033,15,31,8.162303573311961,0.4440915722447958,5.751450907535391,15,Qwen2.5-7B-Instruct,qwen7b
ECSC_4042_1_98F_4042_YR1,98,8-10yr,699,530,0.7582260371959942,6.983341003228272,21.148837746744043,0.2720316305897407,9.330667556186993,0.7735324498700943,19,31,6.382007863010575,0.3194720488288066,6.8771175929486805,15,Qwen2.5-7B-Instruct,qwen7b
ECSC_1091_1_98M_1091_YR1,98,8-10yr,1093,983,0.8993595608417201,14.289367865781852,40.749911786488596,0.34338627745994565,8.717671546563063,0.7827558186535024,17,31,30.802138969053463,0.4607217842404065,4.211621679214288,15,Qwen2.5-7B-Instruct,qwen7b
ECSC_1010_1_99M_1010_YR1,99,8-10yr,759,638,0.8405797101449275,110.2455083547896,33.42151419073139,0.1821014227472026,12.83859671932596,0.6881495794499183,21,31,23.935366473260974,0.2747943273186822,7.475436684351608,15,Qwen2.5-7B-Instruct,qwen7b
ECSC_3003_1_108F_3003_YR1,108,8-10yr,715,622,0.8699300699300699,9.878912675480471,20.342658724439342,0.33773587990402115,11.557830032184592,0.6825012058513222,29,31,9.03322055385873,0.5312752399282277,4.342508376866534,15,Qwen2.5-7B-Instruct,qwen7b
ECSC_4044_1_113M_4044_YR1,113,8-10yr,665,598,0.8992481203007519,10.739923756015628,22.713146646987664,0.21605479020544177,13.911993260484012,0.6540663709324335,24,31,13.207095284478552,0.19441668127311798,10.482820104860599,15,Qwen2.5-7B-Instruct,qwen7b
ECSC_4060_1_115F_4060_YR1,115,8-10yr,570,513,0.9,14.798275371679845,15.626510962260685,0.19913488091626053,16.686121948602114,0.5777415350824425,28,31,7.240425591170302,0.3528174005503782,7.814195119128151,15,Qwen2.5-7B-Instruct,qwen7b
