essay_id,score,score_bin,grade,ell,prompt_id,word_count,token_count,regime,half_life,delta_max,delta_128,delta_late,ppl_W32,ppl_W64,ppl_W128,ppl_W256,ppl_W384,ppl_W512,auc,log_slope,ratio_128_32,ratio_512_128,slope_early,slope_late
B7C17E1993BA,1,low,9,non_ELL,Does the electoral college work?,610,859,extended,183.0500565303217,0.8918396734709688,0.223976669175677,0.6678630042952918,9.538662075730702,9.36475044746198,9.314685406555023,8.798632794837765,8.590392516378126,8.646822402259733,303.0295090513316,0.3657720407454066,0.7764720714384454,2.981841844301397,0.16156501494728992,0.5194345776839698
FFBA3014CDC7,2,low,10,non_ELL,Car-free cities,720,980,extended,74.44836486432659,1.9448207638271209,1.088817255740178,0.8560035080869426,15.367139025670786,14.417440583128911,14.278321769930608,14.12509501206943,13.559550757245145,13.422318261843666,664.9334427774586,0.6190398614863657,0.8722294191565414,0.786177389799936,0.7854156276453426,0.6544982696062467
1909DEE8C6B8,2,low,10,non_ELL,Car-free cities,673,826,extended,226.0535596550276,7.543444299818496,2.058592170986038,5.484852128832458,19.30371860062562,19.286102130141785,17.24512642963958,15.008791123979645,11.995734998556609,11.760274300807122,2166.423492261785,3.0230664011077124,0.008557533022869443,2.6643704402146278,1.484960358147202,4.257003932562373
451E8369BB76,2,low,11,ELL,Distance learning,901,1035,extended,99.36010773146704,4.419724878847301,3.2940586084833434,1.1256662703639575,14.941555402353927,14.070290642716811,11.647496793870584,10.795433132489354,10.5695148397969,10.521830523506626,1731.2375696731747,1.7328719948651767,0.264495828153545,0.3417262423519049,2.37616100942826,0.837100222248764
767FE7E8D2C6,2,low,10,non_ELL,Car-free cities,1040,1322,extended,86.98369128308423,2.42653620265137,1.6668423453791394,0.7596938572722305,10.26192295324776,9.302817421041404,8.59508060786862,8.424701176255374,8.250254249197798,7.83538675059639,854.0102292454108,0.7835610712406486,0.5754026677239223,0.4557682730932965,1.2023725928111069,0.49544287835974776
BFC4CADADD49,1,low,10,non_ELL,Car-free cities,588,808,extended,311.00555983276365,1.5774763579933992,0.6386394819010288,0.9388368760923704,11.348700251461567,11.030373652667588,10.71006076956054,10.660863667471563,10.426061872887084,9.77122389346817,383.6883491244413,0.46428595038261505,0.4984449095543255,1.4700576815228383,0.46068100672725437,0.5874913650692132
A2403E2ED72A,2,low,10,non_ELL,Car-free cities,612,828,extended,183.28167913414944,4.988436815884443,1.898676805924966,3.089760009959477,17.056068812808864,15.255109007432134,15.157392006883898,13.778466361857332,12.658107579821976,12.06763199692442,1570.4511517876017,1.6822498107002424,0.9485341579760689,1.6273227756918107,1.3696058060794227,2.2585288328109496
CC82A1D80D1A,2,low,10,non_ELL,Car-free cities,698,941,extended,212.2971955374269,1.4675515086621722,0.4721674542868737,0.9953840543752984,13.028732897121584,12.920291538389169,12.55656544283471,12.159329660645588,11.887102826493193,11.561181388459412,401.8688206944364,0.5288656428076,0.22966716097829537,2.1081166127357336,0.3405968223844196,0.6939315273872129
CF165F9553A4,2,low,10,non_ELL,Car-free cities,587,826,extended,369.7999051096366,9.193439946710328,1.3515145092629446,7.841925437447383,24.74602966720007,24.466396765230467,23.394515157937125,21.52411447519086,19.97775982891286,15.552589720489742,1754.2916126511864,2.8531479213892466,0.20690336659582123,5.802324269329537,0.9749116401015658,5.063733190230048
B25D365F5C1C,1,low,9,non_ELL,Does the electoral college work?,703,826,extended,193.802183185444,3.1511128063946217,0.5895858146467869,2.5615269917478347,15.198699976186422,15.233443018414386,14.609114161539637,12.691180299394093,12.299226989888464,12.0475871697918,948.6988526639617,1.3161629789175329,-0.058927880157323975,4.344621135911184,0.42529626548469834,1.8666933625044424
47DAF3375BF3,2,low,10,non_ELL,Car-free cities,692,947,extended,266.9428448429435,2.942985292245492,0.4830145776544992,2.459970714590993,11.661436549544636,11.58139445951045,11.178421971890137,10.260289413594418,9.437448056404753,8.718451257299144,702.5798390037172,1.055558218419412,0.16571361142528362,5.092953356680288,0.34842136792961165,1.7451679289288742
754CED955EFD,2,low,9,non_ELL,Does the electoral college work?,592,874,extended,75.59879662427949,3.793060210302579,3.4374834088754067,0.3555768014271727,14.255651293119088,12.700205033872164,10.81816788424368,10.441709491090226,10.440400585565666,10.462591082816507,1623.9523223817891,1.378511734192384,0.452495641209741,0.10344102331056824,2.479620133561321,0.26484042103474903
4801AC90F66F,1,low,8,non_ELL,Mandatory extracurricular activities,535,785,extended,103.68015448885852,6.33910170361626,4.210340546431635,2.128761157184625,17.375772901545695,15.9043700027808,13.16543235511406,12.702210179842645,12.13846590875238,11.036671197929437,2149.113864085127,2.19358913955511,0.3494736073099703,0.5056030821518226,3.0371187133953246,1.4066536147785735
392CC0403D93,2,low,10,non_ELL,Car-free cities,845,1114,extended,97.5527881463673,2.524410452934543,1.5313217531244303,0.9930886998101124,19.05484318360997,18.089204022010037,17.523521430485545,17.012985580825724,16.837059821664923,16.530432730675432,900.1538805299024,0.8575542546155933,0.6305919442662499,0.6485173333323759,1.1046151496190022,0.6868537499966214
F359E262A14A,2,low,11,ELL,Distance learning,664,845,extended,182.60090526749505,8.921776319506716,2.232232800795249,6.689543518711467,30.174716826454528,30.33226138170004,27.94248402565928,22.717884093678595,22.04607358425992,21.25294050694781,2772.666819469219,3.736301690894884,-0.07057711686226684,2.9967947412690443,1.6102155959084936,4.816640190140085
D43178C538DF,2,low,8,non_ELL,Seeking multiple opinions,1089,1454,extended,340.4520196542716,40.56705740504426,1.9731086590559528,38.59394874598831,46.922703747518135,45.36921615616109,44.94959508846218,41.27235160925037,19.093526189889065,6.355646342473877,7145.657310652137,12.985045321383469,0.7873299750761441,19.55997130155713,1.4232970387775479,27.973624878678056
D075A0757295,2,low,10,non_ELL,Car-free cities,642,936,extended,120.78065750453962,5.134915332405704,2.720941510022122,2.413973822383582,30.944406402385457,29.584110409681585,28.22346489236333,26.58795618144525,26.62730794705035,25.809491069979757,1765.3534044491148,1.8350890706232148,0.49993577138407885,0.8871832832466676,1.9627444115289245,1.6123736948960088
134A4DA02013,2,low,9,non_ELL,Does the electoral college work?,541,794,extended,62.132957201494094,1.624562008687029,1.0768570615698128,0.5477049471172162,11.257957787720995,10.39534772375742,10.181100726151184,10.098983396171386,9.972108244651364,9.633395779033966,561.6929931681861,0.476731334530072,0.8010441633786456,0.5086143432247077,0.7767881712365139,0.3498885334619115
F4302FD22CF0,2,low,10,non_ELL,Driverless cars,781,941,extended,94.39950155002512,1.722428904116775,0.993271582800748,0.729157321316027,13.760117072032193,13.018379149664908,12.766845489231445,12.568070769138002,12.232258351079253,12.037688167915418,589.3407851384079,0.5588957351681891,0.7467624516909985,0.7340966297052486,0.7164939933812854,0.5293448463286831
D50B2015BE66,2,low,9,non_ELL,Does the electoral college work?,699,954,extended,97.09835524365148,4.592604213473646,2.6872296831015845,1.905374530372061,22.26681163274533,20.38922703761936,19.57958194964375,18.592757954383934,18.55940309230456,17.67420741927169,1586.8519438127887,1.4898695861523907,0.698706406427781,0.7090478876271162,1.9384264687701358,1.2338678647796752
4548C04F9AC7,1,low,12,ELL,Distance learning,959,1066,extended,61.37380626988311,3.239973928725977,2.471969830409748,0.7680040983162293,20.92179629172888,19.156972816578275,18.44982646131913,17.646084277426915,17.719189460683165,17.6818223630029,1358.6037741695313,1.1190507656169228,0.7139340672527833,0.3106850613095572,1.7831493077796405,0.548975789125209
7263826C2217,2,low,9,non_ELL,Does the electoral college work?,982,1250,extended,277.0982723943262,5.191525941164912,1.5453174085254489,3.646208532639463,13.743295093993204,12.28137888764417,12.197977685467755,11.649175386647658,8.605782236050556,8.551769152828292,1476.4290777146398,1.7992106939799557,0.9460297271510087,2.3595207771060425,1.1147108809395248,2.946400012093531
F296C5CF54D7,1,low,6,non_ELL,"""A Cowboy Who Rode the Waves""",667,808,extended,203.9903289555591,3.043384593212945,0.6492005426512257,2.39418405056172,17.932453536473457,17.33123819960543,17.28325299382223,15.813606184271192,15.394656789096471,14.889068943260511,882.0086469759555,1.1049612025588498,0.9260856967444365,3.6878959478134057,0.4682992017126737,1.6991025101156845
D88A1D12032B,2,low,11,non_ELL,Summer projects,803,900,extended,241.00320945995264,1.0545214298993315,0.35501044320951,0.6995109866898215,11.05270864251704,11.000281576269764,10.697698199307531,10.502588388815347,10.109813355143451,9.99818721261771,295.192862499175,0.39613409234935354,0.14767753245032353,1.9703955195397094,0.25608590294107536,0.5284549185629228
86B8E74548F4,2,low,8,non_ELL,Mandatory extracurricular activities,945,1020,extended,104.02240229230492,5.528198185386106,3.4498996136988467,2.0782985716872595,26.82505766726001,25.20566809378446,23.375158053561165,22.141418494890207,21.64968807408341,21.296859481873906,2024.6788682965648,2.018440006385858,0.4694019405797445,0.6024229120855467,2.488576532124036,1.5029883436899878
3EC88BE82F4F,2,low,8,non_ELL,The Face on Mars,666,841,extended,74.28775033543985,4.277419703331718,2.7985088471222728,1.4789108562094455,18.05710651892039,16.04477095578686,15.258597671798116,14.425295166698762,14.240581493594066,13.77968681558867,1592.3908736935152,1.4142581539341506,0.7190742188300847,0.5284638845184357,2.018697417813597,1.0148426079051838
305B4157DD19,1,low,9,non_ELL,Does the electoral college work?,673,920,extended,124.06783498845292,0.8897920755104041,0.4655466106270713,0.4242454648833327,7.014974472901285,6.8855370184054,6.5494278622742135,6.174816888868338,6.198511442371692,6.125182397390881,319.8996039326723,0.3524637538578003,0.27803328719660964,0.9112846172629036,0.33582089322717057,0.2949626523607721
EA04020F5ECD,2,low,8,ELL,Seeking multiple opinions,843,954,extended,112.29582439879272,3.948306906575709,2.593885230190184,1.3544216763855257,14.30793905712243,14.239677248941096,11.714053826932249,11.061172372094086,10.655740281531424,10.35963215054672,1388.048769871084,1.5860458455382607,0.026316433505552583,0.5221594466175452,1.8710926791152516,0.9750648650265876
43CBE96B374E,1,low,9,non_ELL,Does the electoral college work?,699,829,extended,71.28148846272452,3.4279849304436105,3.1370912126526846,0.2908937177909259,28.750633781689405,27.21933787936886,25.61354256903672,25.85923459489094,26.163276970351237,25.322648851245795,1295.334763035924,1.0415631491928532,0.48812603731266685,0.09272721067773794,2.2629329676551873,0.027556205286754707
408959B1EA22,2,low,11,ELL,Summer projects,698,790,extended,92.42438834095346,1.7904806469483887,1.2000666618729865,0.5904139850754024,10.017717725800852,9.36602914508341,8.817651063927867,8.544413885303928,8.323447791994058,8.227237078852465,666.5276559298163,0.6309615658462894,0.5430436503421651,0.4919843237324195,0.8656651109101637,0.43532748689818956
7F2C6238F4AA,2,low,9,non_ELL,Does the electoral college work?,631,851,extended,124.69036714981247,1.4226111113428723,0.7526213592265734,0.6699897521162992,13.095166407663942,13.141489084595008,12.342545048437367,11.68475143876722,11.609614144697668,11.67255529632107,531.7590787974675,0.6357432039732064,-0.06154844845045182,0.8902082619669559,0.5429015513116456,0.509766337282231
BD7F5D94AFED,2,low,10,non_ELL,Car-free cities,564,804,extended,161.37126487831534,6.631018309528994,2.580085705828907,4.050932603700087,27.09166823490981,25.58174814408249,24.511582529080908,21.690766422559165,21.015968130179186,20.46064992538082,2213.5546093155444,2.4955547998468526,0.5852209046451929,1.570076759290694,1.8611384264339301,2.927798601128598
B6D776FC5087,2,low,9,non_ELL,Does the electoral college work?,726,821,extended,266.2764414188973,2.340917624270923,0.6829870589194673,1.6579305653514558,10.19577457506712,9.903842302244731,9.512787516147654,9.115808746655464,7.988657679035232,7.854856950796198,650.1448234338557,0.8617736987242891,0.42743455971807964,2.4274699552498413,0.49267102144722563,1.2953032502110717
2E57A0350FFD,1,low,6,non_ELL,"""A Cowboy Who Rode the Waves""",693,811,extended,178.58025907875435,1.4247152099741482,0.64344654031696,0.7812686696571882,9.35376223364528,9.09881174047488,8.710315693328319,8.53592717815601,7.999406485874851,7.929047023671131,443.2306877981948,0.5214942880947674,0.396226379653565,1.2141935976100442,0.4641485663962207,0.6095230182361328
8FFBD4C432B4,2,low,10,non_ELL,Car-free cities,498,792,extended,160.3838023939013,5.481528603001936,2.273243301115368,3.208285301886568,13.691001990283482,12.860237927111283,11.417758689168114,9.569838320785848,9.220354959584604,8.209473387281546,1708.677632156618,2.0043718640556336,0.3654532107340132,1.411325087953595,1.6397984186265995,2.1947026626697683
057DACBB2B12,1,low,9,non_ELL,Does the electoral college work?,902,1218,extended,254.89960936660088,3.2830339818321868,1.112234365771883,2.170799616060304,15.991708550699329,15.529103238419829,14.879474184927446,14.345601966119103,13.192854539867126,12.708674568867142,908.0486851535676,1.1605347693117083,0.4159243110227538,1.9517465768590812,0.8023075019026886,1.6080134036497442
961D937626F7,1,low,9,non_ELL,Does the electoral college work?,734,966,extended,145.3691527948309,0.9276087005789186,0.4097731593940015,0.5178355411849171,9.896232645306128,9.629436384853795,9.486459485912128,9.088282757529797,8.986509613347927,8.96862394472721,331.3735343666069,0.3532047569195163,0.6510828109066226,1.2637126891149464,0.2955888524735631,0.3856435842175424
129497C3E0FC,1,low,10,non_ELL,Car-free cities,762,1007,extended,89.1514822304105,3.3267964764253843,2.167130315738593,1.1596661606867915,17.708933218433685,16.371663469135907,15.541802902695093,15.268225280929236,14.440295726464146,14.3821367420083,1215.9446477410934,1.148220680160176,0.6170693749175926,0.53511602521769,1.5632540797381012,0.9163410087739636
57E6768B4C73,1,low,10,non_ELL,Car-free cities,674,835,extended,345.0551752233258,1.7325283364248565,-1.5631887183209052,3.295717054745761,15.984589230080342,16.48194429103754,17.547777948401247,15.825464672820363,14.809084996120724,14.252060893655486,107.77513892254683,0.6822242233820415,,,-1.1276023059475726,2.405988958322375
B01B2F50425E,2,low,6,non_ELL,"""A Cowboy Who Rode the Waves""",794,1078,extended,75.25941904469346,1.5492759733128176,1.1493675341185696,0.399908439194248,7.121745546860932,6.427107380587244,5.972378012742363,5.544531614883813,5.587268875225165,5.572469573548115,641.1319748109895,0.5600772597903939,0.6043655711977236,0.34793782434522214,0.8290934208158184,0.28629226552552833
2BC448B88B54,2,low,8,non_ELL,The Face on Mars,745,1007,extended,77.43734402303278,2.125257615313158,1.742334183094849,0.382923432218309,13.009820146585144,12.127827319922703,11.267485963490296,10.706446841944294,10.927929543088151,10.884562531271987,906.9300048785883,0.7824076657642693,0.506213351732437,0.2197761118008576,1.25682844276113,0.2517922444853331
09601E40B377,1,low,10,non_ELL,Car-free cities,522,804,extended,394.10450599172106,5.376980324187256,1.3538750006162008,4.023105323571055,14.708999329521918,13.959718842551972,13.355124328905717,12.386927703820056,12.250932434916788,9.33201900533466,1121.9219347809922,1.5489392919978244,0.5534340220691861,2.971548571131003,0.9766143746862678,2.4150708204967137
6D7E6399624E,2,low,10,non_ELL,Facial action coding system,742,903,extended,156.21063977341208,11.673201573377447,4.8424405483456,6.830761025031848,26.41898596078476,22.82670639181992,21.57654541243916,17.065746950227304,15.628753912761171,14.745784387407312,3962.75290814602,4.244146862231753,0.7418324568160426,1.4106029711331303,3.4930824824489153,4.97486649077083
64183B7D3207,2,low,10,non_ELL,Car-free cities,586,919,extended,121.7879092260538,1.774933699100511,0.9476592214440772,0.8272744776564336,9.003965716315635,8.676437774562665,8.056306494871558,7.367791371941647,7.285190093725736,7.229032017215125,649.7259789765843,0.7027411425838984,0.34561784905535115,0.8729662086713018,0.6835916296150332,0.6034533273884051
5B75C046C9CD,1,low,6,non_ELL,"""A Cowboy Who Rode the Waves""",637,789,extended,118.57197800112776,4.40320120955235,2.354202745336149,2.0489984642162007,22.027881060760254,20.709583513461048,19.67367831542411,18.99991473121969,18.440262436766776,17.624679851207908,1417.8814972863395,1.4698985581213457,0.5599762169638336,0.870357690422128,1.6981983129718208,1.4013383902537369
86A511A55117,2,low,12,ELL,Distance learning,697,871,extended,98.6990426885989,8.867909312986537,4.9030363307715845,3.9648729822149527,28.35658685876553,24.47813231331776,23.453550527993947,20.18905138215081,19.02182963783847,19.488677545778994,3464.6969672520518,3.284746102701396,0.791031165954551,0.8086566598194074,3.5367930998512924,3.1019036063933756
8A7B4B823C6E,2,low,10,non_ELL,Car-free cities,586,785,extended,180.102597760712,1.7600111791865896,0.8179550626515883,0.9420561165350012,9.444244121705983,8.987904917165572,8.626289059054395,8.473850067720122,8.285178688001555,7.684232942519394,485.6394977247911,0.5376771556238458,0.557902536920651,1.1517211147041635,0.590029856278734,0.5956146917632895
7A86EA9E70AC,1,low,10,non_ELL,Car-free cities,439,945,extended,97.83643115234833,1.5329294251612715,1.125581000379107,0.4073484247821648,8.682229728606275,8.318609043174831,7.556648728227168,7.291089946888827,7.129859839014108,7.149300303445004,600.3862900750557,0.5938475705738867,0.3230515487636812,0.36190058702569233,0.8119350636828883,0.3172163246809405
26432FDB0644,2,low,9,non_ELL,Summer projects,848,957,extended,109.40533397389376,4.363574139198457,2.397933912494148,1.9656402267043087,16.484693392272572,14.830703895120614,14.086759479778424,13.11358017774927,12.948947589405645,12.121119253074117,1472.9398505973827,1.4316380613797681,0.6897560806551187,0.8197224354109903,1.7297436819673886,1.3010314550301385
C278EDC82048,2,low,6,UNK,"""A Cowboy Who Rode the Waves""",1656,1860,extended,63.66851522716285,3.769940739562207,3.396207367273992,0.3737333722882145,4.772008241227125,2.867307266131892,1.375800873953133,1.00826942384752,1.0029128993292342,1.0020675016649183,1622.940533782375,1.310674669933595,0.56083176588362,0.11004433236012809,2.449845763298376,0.27421667623784174
7A2D0B189298,4,mid,9,non_ELL,Does the electoral college work?,689,825,extended,101.43264709427255,1.470010986780732,1.0175335386400397,0.4524774481406926,10.232152106688051,9.89522061975189,9.214618568048012,8.795214788707183,8.81001616788602,8.76214111990732,573.8980111045574,0.5717481742119165,0.3311256819961713,0.4446806232504539,0.7339952950670917,0.3212422276311115
E4B55CAC7F65,4,mid,10,non_ELL,Car-free cities,626,823,extended,124.33246643572204,4.010974932224837,2.1135948643680127,1.897380067856824,14.587828847029655,14.360753456061513,12.474233982661644,11.581093479655568,11.046726253600673,10.576853914804818,1308.6303803909823,1.551632438301837,0.10743562770533159,0.8977028189478329,1.5246364146360556,1.3525108469896394
453D762EF267,4,mid,8,non_ELL,Seeking multiple opinions,761,922,extended,103.40387383818594,2.526496448692951,1.4305892069631376,1.0959072417298137,12.256803495332,11.26164151040408,10.82621428836886,10.119993554649431,9.75250223071307,9.730307046639048,940.8623461399428,0.910189021839587,0.6956308492222255,0.7660530614908012,1.0319519772174994,0.8332949167322865
9278F35CE330,4,mid,10,non_ELL,Facial action coding system,663,832,extended,195.4030155129404,3.891147429053492,1.1005621001505477,2.790585328902944,15.548155698583832,15.03623596595566,14.447593598433285,12.842895562046648,11.687423046966224,11.65700826953034,1219.7066211238416,1.539684187122436,0.4651438865268447,2.5356000615696432,0.7938877420387689,2.147298828304725
8A8B13591181,4,mid,10,non_ELL,Car-free cities,772,977,extended,91.10897376448293,1.8724184817920169,1.3448335695612448,0.5275849122307719,8.87031393012401,8.234377881266516,7.5254803605627645,7.4560731359865695,7.425612375704987,6.997895448331993,645.4083564729553,0.6012344253809238,0.4728734196194767,0.3923049841794905,0.9700923608135056,0.30948767984077036
B49ED6AC9AF3,4,mid,9,non_ELL,Does the electoral college work?,672,841,extended,115.32708544042244,2.375032773956708,1.3184086465511786,1.056624127405529,13.61542609725106,12.958041761506884,12.29701745069988,11.340829477398666,11.24722437724856,11.240393323294352,904.4019632192894,0.9239498561910199,0.4986195573457629,0.8014390152624877,0.9510308081222592,0.7817743537144035
0F2E9FA7DAF4,4,mid,8,non_ELL,Mandatory extracurricular activities,607,815,extended,204.95488709572152,2.5242174574210194,0.9400970561310178,1.5841204012900016,8.227884877219722,7.452125203784583,7.287787821088704,6.752181888239943,6.15180188483079,5.703667419798703,743.6643046036047,0.832755530301583,0.8251910463668389,1.6850604849348967,0.6781366804172666,1.1331888277809998
5BCE3F6D4C83,4,mid,8,non_ELL,Seeking multiple opinions,723,879,extended,174.7922117767826,2.2342085909002414,0.7484966187179403,1.485711972182301,13.042942070742477,12.978582147486758,12.294445452024537,11.286119903174765,11.24757112242728,10.808733479842234,672.6150203638247,0.8664710850336191,0.08598558984268662,1.9849281012479378,0.539926179973265,1.0102854233179464
CA30B3FFF4BE,4,mid,9,non_ELL,Does the electoral college work?,577,819,extended,187.0797164603072,0.791210328200525,0.2241644541071643,0.5670458740933606,7.740496642794806,7.530803797826957,7.516332188687642,7.144894880015724,6.956337627750259,6.949286314594281,258.8318847190026,0.3009953197294346,0.9354419986123357,2.5295976400534848,0.16170047314199384,0.4318448238843993
5FBEBF4F7E1D,3,mid,9,non_ELL,Does the electoral college work?,675,858,extended,268.4101654698455,2.862412138048178,1.3497278883302233,1.512684249717955,15.316623506066453,14.813406253318748,13.96689561773623,13.954382683895432,13.243066495675208,12.454211368018274,776.7048048146446,0.920623429268532,0.3728286694662918,1.1207327512431624,0.973622865521773,1.0275015247453787
7B000D776D89,4,mid,8,non_ELL,Seeking multiple opinions,968,1097,extended,71.48196566077588,2.5480678656480737,1.7157198202876778,0.832348045360396,12.74116130456546,11.525598595687702,11.025441484277785,10.87606389431198,10.608713786214585,10.193093438917389,897.8182070365837,0.7899889547391831,0.7084855548698763,0.48513051811736696,1.237630238141967,0.5572293475087223
DD1D41CC5388,4,mid,8,non_ELL,Seeking multiple opinions,700,875,extended,97.7826242366134,1.9079409469488715,1.1185033361421572,0.789437610806714,6.746027190194655,5.976002269027671,5.627523854052497,5.074546092956377,4.91830517361343,4.838086243245783,714.3437356592868,0.6784332479470206,0.6884422212122191,0.70579817269886,0.8068296081350265,0.5781120138774511
A143BE759AD2,4,mid,10,non_ELL,Facial action coding system,734,882,extended,115.44357231643248,2.9019101296420637,1.626175324832765,1.2757348048092982,12.107686173715573,11.37460695259602,10.481510848882808,9.65830884405132,9.52381416562278,9.20577604407351,1021.278797327678,1.0612656613031284,0.4507996216182547,0.7845001614081766,1.173037538376115,0.8879711871439098
D84C48045B90,3,mid,9,non_ELL,Does the electoral college work?,651,901,extended,277.96876641979617,1.8698885914554788,0.3772729969922697,1.4926155944632091,8.982119817777955,8.807564690377596,8.604846820785685,8.245728026919092,7.088871053815909,7.112231226322476,500.86371469670195,0.711954476848852,0.4626759105262313,3.956327662893384,0.2721449409110322,1.2063238234304547
F4A3B4B14952,4,mid,11,non_ELL,Summer projects,993,1073,extended,64.3321436774583,1.4768551902905696,1.0872992764696816,0.3895559138208879,8.346099735906174,7.609492141148669,7.258800459436492,6.8054347452874895,6.7802678161963925,6.869244545615604,631.8882317900898,0.5424392422587019,0.6774653590768249,0.35827846320814727,0.784320637062484,0.3044592253597068
5A9C20C851FD,4,mid,12,ELL,Distance learning,723,823,extended,163.068430566946,4.338996769462265,1.7928601359666914,2.546136633495574,11.679380723364304,10.329089017209188,9.886520587397614,8.511788526040727,7.729862239717132,7.34038395390204,1425.6145353580882,1.5387478285157241,0.7531494950815298,1.420153520298295,1.293275213583328,1.8661011491566242
544FF2EE0ACC,4,mid,10,non_ELL,Car-free cities,821,1044,extended,223.85493939460895,2.448228015314898,0.8617853511726281,1.58644266414227,11.46948468282046,10.966529756687336,10.607699331647831,10.123863356966018,9.776212462589838,9.021256667505565,652.5381970460036,0.7888920959949558,0.5836197209070149,1.840879126088184,0.6216467262237523,1.05389052722011
8FFFA9711FA2,4,mid,10,non_ELL,Car-free cities,725,975,extended,108.68482296322752,3.469687992041006,2.2646760931362118,1.2050118989047949,13.763243916300487,13.254143459403512,11.498567823164276,11.007186325795724,10.85210907359004,10.29355592425948,1189.3063898143027,1.2709837894143061,0.22480056129879192,0.5320901750837355,1.6336184843937025,0.7930962225862386
2B9C5C3BB7B9,4,mid,11,ELL,Distance learning,721,868,extended,127.94387002091732,3.103563084811583,1.552558268957771,1.551004815853812,13.077035251897994,12.41010887055353,11.524476982940223,10.906355988863476,10.091418571204482,9.973472167086411,1039.6919783496096,1.15415654792087,0.4295660875853438,0.9989994236383785,1.119934057658265,1.1907220742318705
4DE2EAF8914F,4,mid,11,non_ELL,Summer projects,664,786,extended,173.99809736724072,5.975079660009191,2.005514413700176,3.969565246309015,18.47647232749871,17.531831097137722,16.470957913798532,13.73825242201688,12.958586943668733,12.501392667489515,1933.0587380450438,2.3170151329196,0.4710219103427545,1.979325214115597,1.4466728495382908,2.8963244139632516
D6CD89424182,4,mid,8,non_ELL,Seeking multiple opinions,779,905,extended,157.98232281803544,1.8873421417517893,0.8088744169087398,1.0784677248430494,11.045102870644236,10.623093123351854,10.236228453735496,9.660756973006295,9.2144354056919,9.157760728892448,630.2200193769431,0.711667568753753,0.5217246811997943,1.333294393169965,0.5834795549880955,0.821438036684272
FCEF76504A79,4,mid,8,non_ELL,Mandatory extracurricular activities,688,922,extended,103.80773473153164,4.05382393560629,2.639150357318848,1.4146735782874416,10.34614226703631,9.32665242906848,7.706991909717462,6.706905893567308,6.353181655332596,6.29231833143002,1538.6598925059754,1.551160426302683,0.38629471607807336,0.5360337179593774,1.9037445663321197,1.0583711468520185
CD53BFFA5474,4,mid,8,non_ELL,Seeking multiple opinions,778,954,extended,165.17489729112896,1.3007131318427874,0.5908584707876514,0.709854661055136,8.45303793410105,8.168252684171835,7.862179463313399,7.657316592611229,7.222567710421185,7.152324802258264,412.9902659718754,0.4715126248237399,0.48198555831750917,1.2013954206476083,0.4262142928362913,0.5476972224282608
3CB7F7FC1F29,4,mid,6,non_ELL,"""A Cowboy Who Rode the Waves""",684,808,extended,88.90581961875827,3.7311586923507134,2.6569111208354164,1.074247571515297,8.565019556628446,7.203575768382115,5.90810843579303,5.193147818247184,5.021076951362242,4.8338608642777325,1444.431161733345,1.337993910316387,0.5124160072837702,0.4043219824295514,1.9165562490559964,0.7682953172676825
05F9DC51226B,4,mid,8,non_ELL,Seeking multiple opinions,1098,1395,extended,194.9113839815,2.160131362956596,0.4962879805367315,1.6638433824198646,10.66510688341266,10.23343665519522,10.168818902875929,9.052065052123412,8.70601258591681,8.504975520456064,663.8456487996781,0.8168613190180688,0.8697978696775854,3.3525764227060892,0.3579961041865705,1.214036297712156
762F8D750987,4,mid,10,non_ELL,Car-free cities,1164,1507,extended,211.9482604154977,2.0126107428970794,0.2208431164238344,1.791767626473245,10.829480229971058,10.770881987389208,10.608637113547225,9.411004570054972,9.122402125128108,8.816869487073978,552.8916242551862,0.794467022247255,0.2653387777293923,8.113305297841219,0.15930463443956377,1.28286941759446
EBFCCFB520CF,4,mid,10,non_ELL,Facial action coding system,749,864,extended,127.62745383835674,4.506585508853975,2.2554741394035247,2.2511113694504505,14.790369786322556,12.90963749872746,12.534895646919033,11.17042750977132,10.782441056907007,10.28378427746858,1571.5896285177055,1.527790068125905,0.8338522950622125,0.998065697195613,1.6269806778853828,1.592659217048171
E50573E4631B,4,mid,8,non_ELL,Mandatory extracurricular activities,747,916,extended,146.9930550578261,1.414486003079956,0.6492783850385591,0.7652076180413969,5.033197478739472,4.862154078186836,4.3839190937009125,3.9932778361679686,3.62483553812904,3.618711475659516,474.4479550346333,0.5598509274110397,0.26343615388101727,1.1785508892244296,0.46835535312576276,0.5940503377941428
58A8BDB13078,4,mid,10,non_ELL,Driverless cars,819,1000,extended,81.76232716692238,1.4043509887751782,1.0687460898103731,0.3356048989648048,10.675677833463066,10.114321425476708,9.606931743652693,9.290407922095776,9.226939824884449,9.271326844687888,582.1762092398286,0.5223482982385299,0.5252476835596737,0.31401742861520165,0.7709373418694484,0.2601668306390191
83F0695E035E,3,mid,9,non_ELL,Does the electoral college work?,746,959,extended,150.52839355771894,0.9227160135304526,0.3922594240627077,0.5304565894677449,8.803371860135183,8.835748041236748,8.411112436072475,8.018513711122909,7.99306597315864,7.88065584660473,299.33766948966235,0.3801695901639381,-0.08253767561844298,1.3523106315042785,0.2829553629186148,0.37008160512810245
FD05FDCEA11B,4,mid,8,non_ELL,Seeking multiple opinions,854,1099,extended,135.0424985514309,2.6543612039857862,1.2695587226334943,1.384802481352292,10.085073374924262,9.248263618890604,8.815514652290767,7.768215813087675,7.491338926586309,7.430712170938476,960.4794000198624,0.995519304631175,0.6591343441741955,1.0907746578903754,0.9157930366303348,1.029340948701076
50D262EA8ADB,4,mid,10,non_ELL,Facial action coding system,722,955,extended,105.09452954807064,4.438775644033836,2.836570489401362,1.6022051546324736,15.048387067372746,13.936281953851816,12.211816577971383,11.193973005840627,10.808926175686862,10.60961142333891,1645.7894476616052,1.6684160327061834,0.39205974879743993,0.5648388293606649,2.0461530890956627,1.1728352182858057
2F523DD862F0,3,mid,10,non_ELL,Car-free cities,552,798,extended,121.14479270001844,2.4665049385528075,1.3366172945660375,1.1298876439867698,9.533024391704457,9.161417858892378,8.196407097138417,7.381027138152581,7.089341784034318,7.066519453151647,892.2557121571173,0.9865469938207431,0.27802014407776204,0.8453337006638173,0.9641655712184242,0.8509913217060051
E743F9AC8BBE,3,mid,10,non_ELL,Facial action coding system,661,791,extended,59.365506905496936,6.629450936490194,4.301737456819868,2.327713479670326,17.550234010945147,13.674142281669104,13.248496554125278,12.314654960201867,11.161551835465454,10.920783074454953,2511.2094957518702,2.118938140003647,0.9010526021598512,0.5411100754138369,3.1030476480801625,1.7685487343133028
00C819ADE423,4,mid,10,non_ELL,Exploring Venus,714,887,extended,197.7104095562109,2.2069561753571296,0.7440206487708121,1.4629355265863175,11.26028854898867,10.696507698153471,10.51626790021786,9.85624377364761,9.75900842815523,9.05333237363154,611.61424505528,0.7083450356005657,0.7577489304451648,1.966256620704309,0.5366974501503187,0.9491862452119088
EA03135D3C88,4,mid,11,ELL,Summer projects,1027,1234,extended,182.55435473249435,1.708595532605699,0.6371153015755553,1.0714802310301437,9.64108710445517,9.498363833102138,9.003971802879615,8.494400099183238,8.069270106936655,7.932491571849471,525.332412420141,0.6605362183172642,0.2240148227488571,1.6817681640676747,0.45958154302876514,0.7993579193015007
3C9ABAD0EB27,4,mid,10,non_ELL,Distance learning,900,1026,extended,116.50134040505402,2.5710229728644087,1.433568669831601,1.1374543030328077,17.533405602206326,16.923903395019323,16.099836932374725,15.354406681976972,15.137631496257628,14.962382629341915,916.9951158629228,0.9640798602959042,0.4251642910545749,0.7934424956192886,1.0341012053699195,0.8210308449534861
883D374AC02F,4,mid,8,non_ELL,Mandatory extracurricular activities,763,875,extended,102.60303413570672,2.1124653845366925,1.2516880640920958,0.8607773204445968,6.735621142542318,5.9764778912267404,5.483933078450222,5.305878000169716,4.944993245047539,4.623155758005625,704.006207929362,0.6911646576483973,0.6064955583532045,0.687693160251517,0.902902081402787,0.6043435204779702
CBCA3CFF320B,4,mid,11,ELL,Distance learning,721,957,extended,178.81676504705624,4.478304686853855,1.9633764005663876,2.514928286287468,13.86639171545362,13.213560985929476,11.903015314887233,11.208376042720618,10.811904744896989,9.388087028599765,1237.631847771252,1.4816467553730368,0.33250411349337694,1.2809200953836313,1.4162766982477755,1.613786103195717
5ED9F80F1134,4,mid,12,ELL,Distance learning,871,1078,extended,124.738686898017,5.032652603082289,2.576315664031068,2.456336939051221,18.84450046868825,17.44541590124235,16.268184804657178,14.888546640082918,14.200605916328785,13.811847865605955,1737.352722345147,1.82895602524413,0.5430563447558291,0.9534301146963793,1.858418916131092,1.7916430609239329
3FDCA0372760,3,mid,9,non_ELL,Does the electoral college work?,689,880,extended,285.79894300193047,3.61127333756998,1.1407343336318192,2.4705390039381605,12.426395097169555,11.919168284871082,11.285660763537736,10.73756671620327,10.235822045601177,8.815121759599576,861.5422599878971,1.1287843216575244,0.4446493783382385,2.165744407878536,0.822865883051201,1.5916826701594553
0A1C9CA990BD,4,mid,10,non_ELL,Car-free cities,592,843,extended,142.88944135751467,2.2380839011164007,0.996862443580433,1.2412214575359677,12.237969761904695,11.720169547734193,11.241107318324264,10.190767247287196,10.011203905988662,9.999885860788297,810.8585259636473,0.8845274516916488,0.5194299549602046,1.2451281172534419,0.7190842519009712,0.9242458563314838
0E0FF9B702E0,4,mid,9,non_ELL,Does the electoral college work?,632,794,extended,258.48364145273456,5.22633081285972,1.6580636854394388,3.568267127420281,15.694613548656372,14.917813699056335,14.036549863216932,13.09412338810035,12.440876330210912,10.468282735796652,1280.2867831181998,1.6538179430924704,0.4684981984839502,2.152068800948724,1.1960401282307798,2.3070718043268634
C695BEF42436,4,mid,10,non_ELL,Car-free cities,624,809,extended,100.35626498204186,3.845784507478614,2.537447193105768,1.3083373143728458,13.27944778179621,12.164800948117364,10.74200058869044,10.159483448057896,9.94616505557203,9.433663274317595,1369.2438107085688,1.347408400327871,0.4392788298047482,0.5156116422550938,1.8303812410056575,0.8828698431646871
87A9DEE6758F,4,mid,9,non_ELL,Does the electoral college work?,666,843,extended,180.07402550372507,1.7875294338864132,0.6902327750805632,1.09729665880585,7.727222411269801,7.602143541423101,7.0369896361892375,6.536700128965434,6.222387273925476,5.939692977383388,531.6737656441385,0.6711626586939232,0.18121259140744328,1.5897487027876556,0.4978977008338781,0.7806313411717638
153972503B34,3,mid,9,non_ELL,Distance learning,966,1136,extended,119.66505643166558,1.891754396825874,1.0064116708640718,0.8853427259618023,12.556685661752756,12.015088923960487,11.550273990888686,11.297318657495746,10.906832043854452,10.664931264926883,616.0646848497156,0.6488602813093145,0.5381463207071836,0.8797023639458372,0.7259725633241849,0.6400598835405976
A44F6859B4D8,3,mid,8,non_ELL,Mandatory extracurricular activities,763,939,extended,127.28265115021392,2.6472062827406697,1.339336595036647,1.3078696877040228,9.660109486285704,9.724470736369026,8.320772891249058,7.798954857049235,7.494726040075316,7.012903203545036,810.3050488721187,1.0202470935588672,-0.04805457442276627,0.9765056017664018,0.9661271318702391,0.8967632505660392
66E18A122E84,3,mid,10,non_ELL,Driverless cars,704,974,extended,210.79111046494725,7.327576734876466,1.2141008635024129,6.113475871374053,15.749264435585506,15.074605728918604,14.535163572083093,10.74780042714083,8.3731491295515,8.42168770070904,2202.2323641016083,2.978646467947842,0.5556858799364169,5.03539372646357,0.8757886474569698,4.711080484118769
32E2949B0C66,3,mid,8,ELL,Mandatory extracurricular activities,1109,1290,extended,251.6464301761852,1.585807922108021,0.3160341301369929,1.269773791971028,10.105625127372056,9.893001324497238,9.789590997235065,9.29593066049584,8.574455976175324,8.519817205264035,441.66746915939314,0.598699410509899,0.6727874700832219,4.017837539953745,0.22797043615014723,0.9877339140476841
CA92495BE92E,4,mid,8,non_ELL,Seeking multiple opinions,748,919,extended,60.98614039576171,2.396075591331437,1.6096391110720436,0.7864364802593933,9.701111782382098,8.378506946489267,8.091472671310054,7.882066890258337,7.540819991941886,7.305036191050661,880.7143199991725,0.7460593557864477,0.8216778697753909,0.48857938083749397,1.1611091815822783,0.5641210251523006
8DFFA4FB6135,5,high,8,non_ELL,Seeking multiple opinions,1145,1319,extended,163.56788098344646,2.323336799968626,1.0205960541779042,1.3027407457907216,7.873273319792097,7.34071720489576,6.852677265614193,6.344992810877508,5.91367801790328,5.549936519823471,718.6815736969311,0.811558864847152,0.521808910309098,1.27645089402201,0.7362044330566533,0.9269660949570512
0C06B988433C,5,high,11,non_ELL,Distance learning,657,807,extended,243.60510479889103,0.9805872816498856,0.3018389894736621,0.6787482921762233,10.17518137963492,10.163700354525307,9.87334239016126,9.664682094277897,9.285188836966022,9.194594097985036,271.548172207643,0.37686084608028064,0.03803691872157545,2.248709795112335,0.21773080663029168,0.5159307344402063
158F2C1BBEF3,6,high,8,non_ELL,Mandatory extracurricular activities,790,952,extended,268.4362003960228,2.392224689175718,1.117393518362224,1.2748311708134938,11.348147115987103,10.838702396867175,10.23075359762488,10.268517029677144,9.069619570261851,8.955922426811386,714.6696812882832,0.8371283093107352,0.45592238611391533,1.1408972308001462,0.806029043831326,1.0250327432645243
45C70D14F6F3,5,high,9,non_ELL,Does the electoral college work?,717,942,extended,113.72566273229148,5.802437901737351,3.514453482920768,2.287984418816583,15.053007376839886,14.28803425964641,11.53855389391912,10.757950247347932,10.546626003635565,9.250569475102536,1872.0463980419943,2.062527930388146,0.2176648861369272,0.6510213977608557,2.535142305622368,1.4540599681404187
229CBC81F9B7,6,high,11,non_ELL,Summer projects,974,1147,extended,59.75672922471723,2.2982810971536445,1.819597828555376,0.4786832685982682,8.413032458398272,7.088218671559418,6.593434629842895,6.346943698517963,6.149893352140583,6.114751361244627,939.5036103930779,0.7567500297330658,0.7280805494754057,0.26307091659826104,1.3125623818345842,0.3626336616365711
0B1B547521F1,5,high,10,non_ELL,Exploring Venus,766,966,extended,118.93719686936848,2.5322025829556605,1.3991929828676373,1.1330096000880232,12.581410428832164,12.12208871163926,11.182217445964527,10.94817907211878,10.652159856728137,10.049207845876504,774.4286209783437,0.8583556213437749,0.32827617263454834,0.8097593498260169,1.0093043888148885,0.7452076696861784
457D9B0CF71F,6,high,10,non_ELL,Car-free cities,717,956,extended,91.49564694543096,2.049693135679197,1.2969687586631142,0.752724377016083,11.736003485730974,10.916123587858538,10.43903472706786,10.024075798120734,9.787223300944769,9.686310350051777,763.6142042797495,0.7172696489207286,0.6321508458827872,0.5803720189775227,0.935565198155595,0.554875488969224
CC5894978F31,5,high,9,non_ELL,Does the electoral college work?,628,871,extended,237.27661664742595,2.8879188194904426,0.9299142364632688,1.958004583027174,14.384264480276672,14.007463198516644,13.454350243813405,12.852228909910998,12.352199860147463,11.496345660786227,748.3898570556883,0.9665669079504067,0.40520003564319185,2.105575445832549,0.6707913286988011,1.321552909004742
F612D53B4DD9,5,high,11,non_ELL,Distance learning,717,877,extended,73.35728053711307,4.32157975424551,2.967604080917411,1.3539756733280992,12.821393783403805,10.798766628057033,9.853789702486392,8.91580715651779,8.685438552983465,8.499814029158292,1687.8745572316427,1.490886058859139,0.6815690706024005,0.4562521267693929,2.140673845430701,0.9790297283323759
A16CBD1B02FC,5,high,8,non_ELL,The Face on Mars,628,855,extended,165.92164952326186,5.745695441161158,1.832483580240483,3.9132118609206743,12.652584923324786,11.659075079263436,10.820101343084303,7.30847641015924,6.957196794231924,6.906889482163629,2004.3869746614216,2.3487524507316855,0.5421657551392457,2.1354689903454034,1.321857486861699,2.8910595825852843
B6113C09A9DE,5,high,11,non_ELL,Summer projects,977,1141,extended,88.54306425906283,2.016121263162284,1.3883485825275592,0.6277726806347248,8.871502052305239,8.099988720755348,7.48315346977768,7.341717965043434,7.101438323073625,6.855380789142955,721.7263851905843,0.6705833659759405,0.555705779700737,0.45217223436194437,1.0014818075188658,0.43649045636298683
FBE8983EF69C,5,high,8,ELL,Mandatory extracurricular activities,712,826,extended,173.29798957889204,1.327113491400329,0.4617842901213755,0.8653292012789535,6.462250718105012,6.180636533628758,6.000466427983636,5.430311448608574,5.218007853943012,5.135137226704683,434.1353492644133,0.5044312707872475,0.6098392485422891,1.873881853043355,0.33310695265926954,0.638471465138746
FA5D64EC3C72,5,high,11,non_ELL,Distance learning,999,1141,extended,93.50303391966912,1.3560398221352177,0.9746225152319888,0.3814173069032289,9.652534264940094,9.22817946375336,8.677911749708105,8.338131923017738,8.085808522696425,8.296494442804876,569.5037353091393,0.5483412628926192,0.4354042663232801,0.39134875394546004,0.7030415347319593,0.3424908645116922
850401568E9C,5,high,9,non_ELL,Does the electoral college work?,702,913,extended,100.86632558772313,1.7397410943844545,1.125923379562611,0.6138177148218436,8.301089763501007,7.779116332725647,7.175166383938397,6.871624481702267,6.635411667977114,6.561348669116553,640.6651514531302,0.6339998460512657,0.4635958718417696,0.5451682822860417,0.8121820380579604,0.4580446737489519
EB793B72A8C4,5,high,8,non_ELL,Mandatory extracurricular activities,886,1080,extended,165.5814133161624,1.4892232458993284,0.6443816245866723,0.8448416213126562,6.378522608028665,6.3103874247802905,5.734140983441993,5.3927637264843495,5.154957451648067,4.889299362129337,443.23488934818846,0.5571291066855889,0.10573731566612983,1.3110889402759827,0.464823087115583,0.5916635287923132
B651AEF954C3,5,high,8,non_ELL,Seeking multiple opinions,844,1017,extended,91.43727728234288,2.011927778413357,1.2640970376029763,0.7478307408103806,9.059001476808406,8.246745009858143,7.79490443920543,7.505334129859206,7.279673000117075,7.0470736983950495,715.7284692679414,0.6710424652800153,0.6425586349687926,0.5915928275794733,0.9118532636761219,0.5256194678584113
E2F4E68CFEAD,6,high,11,non_ELL,Distance learning,735,991,extended,136.52066110324063,2.10792735710786,1.0147428417116036,1.0931845153962565,14.766185064945494,14.325308316804817,13.75144222323389,13.162254711256876,12.7054709367971,12.658257707837636,722.5592412451069,0.8035363957554326,0.4344714049887111,1.0773020222072625,0.7319822327574526,0.8349698990922797
839F4F7F7DD7,6,high,11,non_ELL,Distance learning,934,1152,extended,318.0090499537725,1.2525792140491578,0.5581097295053006,0.6944694845438573,10.26478502070434,9.970269916902716,9.70667529119904,9.75209321317358,9.517602951735151,9.012205806655183,309.1441849061258,0.36011484269687144,0.5277010742362047,1.244324275012059,0.4025910695145878,0.43633188763543995
F01079641FE1,5,high,8,non_ELL,Seeking multiple opinions,967,1277,extended,107.55450711835476,2.701143281979478,1.5828071346514712,1.118336147328007,13.87944000327915,13.023593655554665,12.29663286862768,11.452276662370002,11.266873496489149,11.178296721299672,1010.9887001694941,1.0051147264112177,0.5407142342158704,0.706552379531865,1.1417540019226724,0.820294415506493
77137A574A95,6,high,11,non_ELL,Distance learning,1032,1257,extended,104.10602585057822,2.3110413514004584,1.7226899802219575,0.5883513711785007,13.194967760177036,12.991440530462576,11.472277779955078,11.352523040803511,10.858025223084995,10.883926408776578,858.0157604448237,0.9235433615672276,0.11814501277138498,0.34153061661315015,1.2426581457276629,0.482222731120618
CE94B3F26D2F,5,high,11,non_ELL,Summer projects,897,1003,extended,224.90410863308625,1.4447891928214762,0.5049953690733666,0.9397938237481096,10.05757059644121,9.887883065547337,9.552575227367845,9.265414017263256,8.682834288489207,8.612781403619733,426.4533548071578,0.5438298166906972,0.3360179939971304,1.860994934414101,0.36427715731701765,0.7300547018509805
E5DADE9ABA43,5,high,8,non_ELL,The Face on Mars,604,782,extended,280.0261282730371,3.907664596562859,0.974209675191302,2.933454921371557,8.92204452317537,8.606073947555823,7.947834847984067,7.2620833909900115,5.696474948679704,5.01437992661251,984.1291810832972,1.3847979139707007,0.3243352880451539,3.011112490538061,0.7027437335922698,2.1684838557434576
939B172F88F0,5,high,11,non_ELL,Summer projects,905,1029,extended,62.59340388773707,2.7357984193073595,1.5232154675566338,1.2125829517507256,17.108061777642316,15.677270523764763,15.584846310085682,15.583306243380832,14.252666035846415,14.372263358334957,950.6571272425756,0.8865080359282971,0.9393229548624942,0.7960679086956824,1.0987677006246597,1.0353569728442649
1028F5A588AA,6,high,10,non_ELL,Facial action coding system,722,844,extended,128.47067555992322,7.859304956271716,3.9225646741016007,3.936740282170115,22.645223702058757,20.186951847766768,18.722659027957157,16.795134011504647,15.67421471786366,14.785918745787038,2638.6594052890578,2.74508188365173,0.6267001460861871,1.003613862165769,2.829532301446306,2.8235647297398403
8B537610A20A,6,high,11,non_ELL,Distance learning,835,961,extended,237.9414204829761,1.9067736209243435,0.2590405077706759,1.6477331131536674,6.816015548078509,6.791284214070272,6.556975040307833,5.748577928881812,5.221926730534968,4.909241927154166,488.7638884202886,0.7278358193863732,0.09547284407785114,6.360909061421302,0.18685822797505658,1.1982387351663222
AE6BE874B204,6,high,11,non_ELL,Distance learning,1028,1152,extended,242.5991920877377,1.1566089451861092,0.3160584258560153,0.840550519330094,5.844673206745794,5.725183761961627,5.528614780889779,5.235702646250631,4.898267202245953,4.688064261559685,309.18827504308905,0.4141073095643228,0.37806125389804507,2.659478281756102,0.22798796180682274,0.6082030415319555
C9F79E2B45C6,6,high,8,non_ELL,The Face on Mars,759,997,extended,111.67953064629096,2.80714325765166,1.620691868727512,1.186451388924148,10.657400998651838,9.888136564549525,9.036709129924326,8.377695752012608,7.950024255278298,7.850257741000178,1010.5147754460929,1.0409231404330188,0.47465187488495375,0.7320647507509811,1.1690820609111245,0.8907678174574162
943370C19A7A,6,high,8,non_ELL,Seeking multiple opinions,938,1091,extended,106.48410139360202,2.7458303819843684,1.8013843208721134,0.9444460611122548,9.969557968968902,9.442674184372844,8.168173648096788,8.067033464952779,7.86098204597831,7.223727586984533,887.3773155681926,0.93162488081905,0.2924882705434975,0.5242890426930192,1.299424113228666,0.5922017240018838
DB7C2E4235B4,5,high,11,non_ELL,Distance learning,812,935,extended,249.62208931563785,2.3816930849863107,0.7425710570691546,1.639122027917156,10.00813214604194,9.799144384710612,9.265561088972785,8.793777858992584,8.238764447865005,7.6264390610556285,615.6630055706314,0.8236710080941176,0.2814380648717697,2.2073605109073178,0.5356517907706725,1.1385513115262433
95AF348EDA56,5,high,8,non_ELL,Seeking multiple opinions,714,870,extended,410.56119109541737,2.4373704910198537,0.4538269301745279,1.9835435608453256,7.548873183908045,7.346014230961941,7.095046253733517,6.747821120447934,6.649293929889038,5.111502692888191,426.9771351007653,0.6718941281830414,0.44699628747921594,4.370704841342306,0.3273669307923267,1.1752169673615809
25FA1DF1C205,5,high,11,non_ELL,Distance learning,724,870,extended,113.1238164234762,1.5374514648033797,0.8466353551449668,0.6908161096584129,8.682162368473637,8.170708132190267,7.8355270133286705,7.769475980848022,7.178706580144377,7.144710903670258,513.4898897051589,0.5315727286616666,0.6041021476073315,0.8159547146954742,0.6107183141544551,0.5551103123686535
A42A600EEB0D,5,high,11,non_ELL,Distance learning,887,1070,extended,245.07763523745223,1.114933631221966,0.2449722882612626,0.8699613429607034,8.658386491014534,8.575553391710944,8.413414202753271,8.071766548018537,7.796735861668666,7.543452859792568,284.227714097618,0.3979289359260971,0.33813252875055316,3.551264304772672,0.17671015271487264,0.615865621286152
2E62A47405BC,5,high,10,non_ELL,Summer projects,713,820,extended,112.42289726353847,3.227740242902432,1.7919950545960877,1.4357451883063446,11.187352471980212,10.127200553693914,9.395357417384124,8.94826082356211,8.295452369018692,7.95961222907778,1086.261137041314,1.1042623987548066,0.5916042656296584,0.8011993027681423,1.2926511892816615,1.0503579012165258
D7B12358DBA3,6,high,11,non_ELL,Distance learning,893,1043,extended,127.91657523688905,2.390586124900782,1.1961774872718731,1.194408637628909,9.272877176157884,8.755193537284137,8.076699688886011,7.624962189967394,7.40951728317341,6.882291051257102,742.1225499720852,0.8175328940372043,0.43278162679221616,0.9985212481744675,0.8628596644550763,0.7968277929947295
FD9C10176D2A,6,high,11,non_ELL,Distance learning,739,862,extended,81.5277477378282,0.5727313925035178,0.4917356108614168,0.0809957816421009,6.442818622118724,6.233911449630995,5.951083011257307,5.858349708913438,5.793512069997579,5.870087229615206,251.81223160411523,0.22521402830662302,0.4248363711584112,0.16471408588898714,0.3547122636091356,0.07973461428244967
BD0D555216AB,5,high,11,non_ELL,Summer projects,688,787,extended,172.00077763988037,1.7179994123732332,0.6366578853278018,1.0813415270454314,9.538480284616892,9.030710042164378,8.901822399289092,8.255021260844353,7.846039858567416,7.82048087224366,576.3592205982941,0.6384579523971193,0.7975558838654375,1.6984656154673627,0.4592515869526357,0.8258711405338619
D6DA25B584B2,5,high,11,non_ELL,Summer projects,754,850,extended,198.59017763903432,2.664742434901345,1.064542721273071,1.6001997136282746,9.782266598771722,9.435097765694596,8.717723877498651,8.232074901149057,8.018058240986154,7.117524163870376,713.6469281558568,0.8799668451599129,0.3261201510653808,1.5031803624702065,0.7679052523975509,1.0242566232089947
ED969486C983,6,high,11,non_ELL,Summer projects,628,779,extended,114.3048520524699,3.7151347140286006,1.9600117944057176,1.7551229196228828,12.888569650380456,11.407299963629963,10.928557855974738,10.579128215346406,9.725435814400203,9.173434936351857,1197.5203336146335,1.1853009133839079,0.7557452924407622,0.8954654888467343,1.413849647936504,1.2627618425797764
6461A204CC58,6,high,11,non_ELL,Summer projects,638,783,extended,269.98272766381854,2.5655388926488696,1.235716528442845,1.3298223642060245,10.163603022522317,9.909045241812244,8.927886494079472,8.923755950332767,8.530838057532659,7.598064129873447,662.7363900930628,0.8200423775995211,0.20600014230678526,1.076154873384889,0.8913810537645093,0.8368202151951173
BA0183CB23C5,6,high,8,non_ELL,Seeking multiple opinions,727,859,extended,201.92175167120388,2.7632602543958047,0.813092116713845,1.95016813768196,12.11292926796732,11.675216714913986,11.299837151253474,10.315379076373898,10.013465956570732,9.349669013571514,774.7334304151425,0.9691755968668333,0.5383308287655915,2.3984590399961863,0.5865219822844885,1.3331999624139672
C0BB113BE4C6,6,high,11,non_ELL,Summer projects,927,1158,extended,119.81765562671607,5.466139492629546,3.063564343209853,2.402575149419693,15.423525463941605,14.94499705130772,12.35996112073175,12.076737563573444,10.152270427872883,9.957385971312055,1770.0139641467847,2.0875719139631252,0.15619988974427942,0.7842417786147728,2.2098945426965564,1.9041050233480306
CC0AC8356D9E,5,high,11,non_ELL,Distance learning,753,858,extended,112.52609570576728,4.682015385957829,2.851751589884662,1.830263796073167,17.047336210228544,16.308019128172063,14.19558462034388,13.48070872789338,12.987607267009864,12.365320824270714,1585.077979739832,1.7209448244919403,0.25925016915178833,0.6418033753589275,2.0571039382869114,1.270970146288477
F3CB6601CF24,5,high,8,non_ELL,Seeking multiple opinions,738,893,extended,78.14692207695896,2.149925024109629,1.7309299931009343,0.4189950310086949,11.644398211174352,10.755581093265594,9.913468218073415,9.518437692640036,9.547182598257889,9.494473187064722,886.9942473660261,0.7736869189755423,0.5134910836667951,0.24206353386832796,1.2486020585863442,0.294498530184164
6DFB980B835D,5,high,11,non_ELL,Summer projects,883,1116,extended,177.69178084503113,2.269838469258436,0.9540371468421308,1.3158013224163048,9.515150869663746,8.929310339811325,8.561113722821615,8.095183405110689,7.604511718111977,7.24531240040531,691.2952204237184,0.7773203889333862,0.6140646952705737,1.3791929661980307,0.6881923302864992,0.9429357679133245
5847329FD197,5,high,11,non_ELL,Distance learning,740,882,extended,192.892049519412,1.4160991316402392,0.3104089337108693,1.1056901979293698,7.954304177055699,7.844948763475716,7.643895243344829,6.859546447353138,6.566729889347341,6.538205045415459,443.4171601416555,0.5817053545737579,0.3522946722978076,3.5620437360197434,0.2239127146561511,0.8322987598428446
5AD3EAC6A195,6,high,11,non_ELL,Distance learning,927,1123,extended,121.47166664019704,1.5466627253834453,0.8313331463209099,0.7153295790625354,9.201156204104157,8.938438958301541,8.369823057783247,8.091823755315117,7.660519410481387,7.654493478720711,530.6008872985851,0.5945947787260851,0.3160192119913407,0.8604607938805868,0.5996801037618981,0.5633949628088566
C29C7F7833BC,5,high,8,non_ELL,Seeking multiple opinions,699,817,extended,227.4200397001452,5.511522158594632,2.1894815209475684,3.3220406376470635,13.330196339059508,12.33309083584503,11.140714818111938,10.411648689317564,8.866082718942247,7.818674180464875,1555.7693508572966,1.8815384701237594,0.4554071334582204,1.5172727451060382,1.5793770661945428,2.3830590265287745
1C088E6CD17E,6,high,11,non_ELL,Distance learning,851,1039,extended,211.287969494164,1.5782021603693988,0.6024724089961655,0.9757297513732331,11.10944888109868,10.862294289585227,10.506976472102512,10.220158699293124,9.78940599812102,9.53124672072928,453.5003422121713,0.5566110194110333,0.41023387597991234,1.619542632664255,0.43459197836560026,0.7070205022385114
31998D3364B9,5,high,11,non_ELL,Distance learning,710,840,extended,181.5089691934865,1.3164643715239626,0.3414705258579795,0.974993845665983,8.132928251472148,7.845900133882239,7.791457725614168,7.0337250860430105,6.8114838701936495,6.816463879948185,440.65512588279256,0.5232700244657099,0.8405648389966347,2.8552796561759215,0.24631891713252682,0.7361903613101187
D7F4D3366332,6,high,10,non_ELL,Facial action coding system,688,812,extended,140.4868533098712,4.891299147436552,2.284371658510077,2.606927488926475,13.648445330264597,12.530721510709848,11.364073671754518,9.710849065493614,9.467446282128437,8.757146182828043,1625.1737680436493,1.7767684660322605,0.48929158063699457,1.1412011172589906,1.6478258316398937,1.8003111634424627
