doc_id,domain,model,population,token_count,ppl_W4,rank_W4,top1_W4,top5_W4,top10_W4,top50_W4,top100_W4,ppl_W8,rank_W8,top1_W8,top5_W8,top10_W8,top50_W8,top100_W8,ppl_W12,rank_W12,top1_W12,top5_W12,top10_W12,top50_W12,top100_W12,ppl_W16,rank_W16,top1_W16,top5_W16,top10_W16,top50_W16,top100_W16,ppl_W24,rank_W24,top1_W24,top5_W24,top10_W24,top50_W24,top100_W24,ppl_W32,rank_W32,top1_W32,top5_W32,top10_W32,top50_W32,top100_W32,ppl_W48,rank_W48,top1_W48,top5_W48,top10_W48,top50_W48,top100_W48,ppl_W64,rank_W64,top1_W64,top5_W64,top10_W64,top50_W64,top100_W64,ppl_W96,rank_W96,top1_W96,top5_W96,top10_W96,top50_W96,top100_W96,ppl_W128,rank_W128,top1_W128,top5_W128,top10_W128,top50_W128,top100_W128,hl_ppl,hl_rank,hl_top1,hl_top5,hl_top10,hl_top50,hl_top100,top10_min,top10_max,top10_delta,top10_auc,top10_auc_early,top10_auc_benefit,top10_early_fraction
shuffled_000,shuffled,shuffled,shuffled,405,5630.270118560279,2626.1746031746034,0.0,0.07936507936507936,0.07936507936507936,0.19047619047619047,0.30158730158730157,5872.733027139966,2608.6349206349205,0.0,0.07936507936507936,0.1111111111111111,0.2222222222222222,0.30158730158730157,4403.385554559452,2415.222222222222,0.015873015873015872,0.07936507936507936,0.09523809523809523,0.20634920634920634,0.30158730158730157,3877.3097370852333,2459.9206349206347,0.0,0.06349206349206349,0.1111111111111111,0.2698412698412698,0.3492063492063492,3429.360118056214,2186.126984126984,0.015873015873015872,0.047619047619047616,0.1111111111111111,0.2857142857142857,0.36507936507936506,2756.935456562909,1941.7460317460318,0.0,0.09523809523809523,0.09523809523809523,0.3333333333333333,0.38095238095238093,2600.1989855066486,1823.7777777777778,0.0,0.07936507936507936,0.1111111111111111,0.31746031746031744,0.38095238095238093,2299.2249823867505,1716.857142857143,0.015873015873015872,0.09523809523809523,0.1111111111111111,0.3333333333333333,0.36507936507936506,2104.4000934965206,1581.1746031746031,0.0,0.09523809523809523,0.15873015873015872,0.31746031746031744,0.38095238095238093,2054.887108687686,1438.904761904762,0.0,0.09523809523809523,0.15873015873015872,0.3333333333333333,0.3968253968253968,16.620268387083964,29.027799428422966,,30.666666666666668,69.33333333333333,15.499999999999998,16.0,0.07936507936507936,0.15873015873015872,0.07936507936507936,15.746031746031745,0.6984126984126984,5.904761904761904,0.11827956989247312
shuffled_001,shuffled,shuffled,shuffled,461,2941.3005982165128,1571.063492063492,0.031746031746031744,0.12698412698412698,0.15873015873015872,0.30158730158730157,0.3492063492063492,2712.174396212715,1489.079365079365,0.031746031746031744,0.12698412698412698,0.14285714285714285,0.2857142857142857,0.3968253968253968,2506.4856329294225,1635.7142857142858,0.031746031746031744,0.15873015873015872,0.15873015873015872,0.31746031746031744,0.38095238095238093,2540.910544291474,1722.6825396825398,0.031746031746031744,0.15873015873015872,0.1746031746031746,0.2857142857142857,0.3333333333333333,2036.621566303041,1405.7301587301588,0.047619047619047616,0.14285714285714285,0.1746031746031746,0.2698412698412698,0.38095238095238093,1882.1660962440649,1362.3015873015872,0.047619047619047616,0.12698412698412698,0.1746031746031746,0.30158730158730157,0.38095238095238093,1809.8369973504493,1337.7936507936508,0.047619047619047616,0.15873015873015872,0.1746031746031746,0.2857142857142857,0.4126984126984127,1470.9309720752503,934.6984126984127,0.047619047619047616,0.1746031746031746,0.20634920634920634,0.31746031746031744,0.3968253968253968,1461.4763186320417,967.5238095238095,0.047619047619047616,0.1746031746031746,0.1746031746031746,0.30158730158730157,0.4126984126984127,1307.1379277608671,885.4920634920635,0.047619047619047616,0.14285714285714285,0.19047619047619047,0.3333333333333333,0.4444444444444444,22.610357148235618,52.34699744044103,20.0,9.0,16.0,12.0,8.0,0.15873015873015872,0.19047619047619047,0.031746031746031744,22.444444444444443,0.2222222222222222,2.761904761904762,0.08045977011494253
shuffled_002,shuffled,shuffled,shuffled,326,3053.5420989537943,2076.5079365079364,0.031746031746031744,0.031746031746031744,0.09523809523809523,0.36507936507936506,0.4444444444444444,2447.5122535562086,1948.984126984127,0.031746031746031744,0.031746031746031744,0.09523809523809523,0.38095238095238093,0.4603174603174603,2381.0518410315135,1921.8253968253969,0.031746031746031744,0.031746031746031744,0.09523809523809523,0.3968253968253968,0.4603174603174603,2154.0373692793596,1776.968253968254,0.031746031746031744,0.047619047619047616,0.09523809523809523,0.36507936507936506,0.47619047619047616,1843.359936967218,1674.3650793650793,0.031746031746031744,0.031746031746031744,0.14285714285714285,0.4126984126984127,0.49206349206349204,1872.3886320749489,1786.6349206349207,0.031746031746031744,0.031746031746031744,0.1111111111111111,0.38095238095238093,0.5079365079365079,1926.0836966511577,1816.4761904761904,0.031746031746031744,0.047619047619047616,0.12698412698412698,0.4126984126984127,0.47619047619047616,1883.0999419685215,1789.142857142857,0.031746031746031744,0.031746031746031744,0.12698412698412698,0.4126984126984127,0.49206349206349204,1569.6861162215428,1685.3174603174602,0.031746031746031744,0.06349206349206349,0.1746031746031746,0.4444444444444444,0.49206349206349204,1439.5321050171917,1645.6190476190477,0.031746031746031744,0.09523809523809523,0.19047619047619047,0.4444444444444444,0.4444444444444444,14.37015266926029,13.677843523997371,,96.0,24.0,22.66666666666667,,0.09523809523809523,0.19047619047619047,0.09523809523809523,17.71428571428571,0.4444444444444444,5.904761904761904,0.07526881720430108
shuffled_003,shuffled,shuffled,shuffled,270,2434.043214180179,1933.6190476190477,0.06349206349206349,0.14285714285714285,0.19047619047619047,0.3492063492063492,0.3968253968253968,1901.8744626138885,1615.1746031746031,0.07936507936507936,0.15873015873015872,0.23809523809523808,0.38095238095238093,0.4126984126984127,1860.122858458113,1383.6507936507937,0.047619047619047616,0.12698412698412698,0.1746031746031746,0.38095238095238093,0.4126984126984127,1520.0718718364583,1177.936507936508,0.047619047619047616,0.14285714285714285,0.20634920634920634,0.38095238095238093,0.4444444444444444,1276.2249051774825,1079.3968253968253,0.06349206349206349,0.15873015873015872,0.23809523809523808,0.3968253968253968,0.4444444444444444,1360.4731159635364,1231.2857142857142,0.07936507936507936,0.1746031746031746,0.23809523809523808,0.3968253968253968,0.4603174603174603,1199.6459445484209,1007.6984126984127,0.06349206349206349,0.1746031746031746,0.2222222222222222,0.36507936507936506,0.4444444444444444,1110.454646165927,979.063492063492,0.06349206349206349,0.1746031746031746,0.2222222222222222,0.3968253968253968,0.4603174603174603,988.8843425502829,833.8253968253969,0.06349206349206349,0.15873015873015872,0.2222222222222222,0.38095238095238093,0.4444444444444444,986.8018368080835,849.7142857142857,0.06349206349206349,0.1746031746031746,0.2222222222222222,0.3968253968253968,0.4444444444444444,13.760916319652269,11.861511037981627,,8.0,5.333333333333333,7.0000000000000036,12.999999999999996,0.19047619047619047,0.2222222222222222,0.031746031746031744,27.587301587301585,0.7936507936507936,3.968253968253968,0.2
shuffled_004,shuffled,shuffled,shuffled,290,636.2586472468893,599.2222222222222,0.031746031746031744,0.15873015873015872,0.23809523809523808,0.49206349206349204,0.5396825396825397,553.0653623539604,422.44444444444446,0.015873015873015872,0.1746031746031746,0.23809523809523808,0.5238095238095238,0.6190476190476191,492.1505778567863,383.0,0.031746031746031744,0.20634920634920634,0.2857142857142857,0.5238095238095238,0.6031746031746031,492.9446152288488,366.76190476190476,0.06349206349206349,0.1746031746031746,0.2698412698412698,0.5238095238095238,0.6190476190476191,467.92755740359684,389.3492063492063,0.06349206349206349,0.19047619047619047,0.23809523809523808,0.5396825396825397,0.6031746031746031,412.0238966340048,416.1904761904762,0.06349206349206349,0.2222222222222222,0.30158730158730157,0.5555555555555556,0.6349206349206349,436.3728436077873,423.3492063492063,0.06349206349206349,0.20634920634920634,0.2857142857142857,0.5238095238095238,0.6666666666666666,387.2046532478885,371.93650793650795,0.06349206349206349,0.23809523809523808,0.30158730158730157,0.5714285714285714,0.6666666666666666,328.82013945774816,394.85714285714283,0.06349206349206349,0.23809523809523808,0.3492063492063492,0.6031746031746031,0.7142857142857143,307.1789741950135,396.5238095238095,0.047619047619047616,0.25396825396825395,0.3333333333333333,0.6349206349206349,0.6666666666666666,22.78762615689277,6.293256711861363,13.0,12.0,12.0,61.33333333333334,7.1999999999999975,0.23809523809523808,0.3333333333333333,0.09523809523809523,38.031746031746025,0.6349206349206349,8.507936507936506,0.0746268656716418
shuffled_005,shuffled,shuffled,shuffled,311,1202.9232566542312,1917.5238095238096,0.031746031746031744,0.15873015873015872,0.2857142857142857,0.42857142857142855,0.5238095238095238,1026.1115530927912,1894.111111111111,0.031746031746031744,0.14285714285714285,0.30158730158730157,0.42857142857142855,0.5555555555555556,937.3023907071536,1803.2063492063492,0.047619047619047616,0.1746031746031746,0.2857142857142857,0.4603174603174603,0.5873015873015873,901.9539739191027,1836.6984126984128,0.015873015873015872,0.20634920634920634,0.2857142857142857,0.47619047619047616,0.5873015873015873,939.8630066003918,1882.1746031746031,0.047619047619047616,0.19047619047619047,0.30158730158730157,0.49206349206349204,0.5396825396825397,864.7157097394128,1790.031746031746,0.031746031746031744,0.1746031746031746,0.2857142857142857,0.5079365079365079,0.5714285714285714,748.3026733785318,1773.7777777777778,0.047619047619047616,0.19047619047619047,0.31746031746031744,0.5079365079365079,0.5873015873015873,709.9738757237777,1665.047619047619,0.07936507936507936,0.19047619047619047,0.2857142857142857,0.49206349206349204,0.6031746031746031,685.575023515185,1611.7142857142858,0.07936507936507936,0.1746031746031746,0.25396825396825395,0.47619047619047616,0.6349206349206349,683.8767954435334,1640.5079365079366,0.06349206349206349,0.1746031746031746,0.2857142857142857,0.5079365079365079,0.6349206349206349,11.725360078715713,42.843749999999815,12.0,11.0,,14.000000000000007,10.99999999999999,0.2857142857142857,0.2857142857142857,0.0,35.11111111111111,0.19047619047619047,-0.31746031746031744,
shuffled_006,shuffled,shuffled,shuffled,365,6706.039980370549,3785.0793650793653,0.031746031746031744,0.07936507936507936,0.1746031746031746,0.2857142857142857,0.38095238095238093,5714.680395074591,3682.3174603174602,0.031746031746031744,0.07936507936507936,0.15873015873015872,0.31746031746031744,0.4126984126984127,4599.853627695689,3523.3015873015875,0.015873015873015872,0.12698412698412698,0.2222222222222222,0.3492063492063492,0.42857142857142855,4219.492917563447,3375.063492063492,0.015873015873015872,0.1111111111111111,0.2222222222222222,0.36507936507936506,0.42857142857142855,4166.457480039369,3262.063492063492,0.031746031746031744,0.1111111111111111,0.20634920634920634,0.3333333333333333,0.4126984126984127,3632.4718676649513,2970.031746031746,0.047619047619047616,0.1111111111111111,0.20634920634920634,0.36507936507936506,0.4444444444444444,2783.731628635801,2651.936507936508,0.06349206349206349,0.12698412698412698,0.20634920634920634,0.3968253968253968,0.47619047619047616,2518.9494841520805,2571.84126984127,0.031746031746031744,0.1111111111111111,0.19047619047619047,0.4126984126984127,0.5079365079365079,2486.67162084691,2627.7619047619046,0.0,0.12698412698412698,0.20634920634920634,0.42857142857142855,0.5079365079365079,2162.602118929545,2517.0,0.047619047619047616,0.1111111111111111,0.19047619047619047,0.4444444444444444,0.5238095238095238,13.74079576187657,27.041417545385357,28.0,9.333333333333334,9.5,16.0,36.000000000000014,0.1746031746031746,0.19047619047619047,0.015873015873015872,24.857142857142854,0.7936507936507936,3.206349206349206,0.24752475247524752
shuffled_007,shuffled,shuffled,shuffled,317,5136.600844561542,2441.1428571428573,0.0,0.031746031746031744,0.047619047619047616,0.2857142857142857,0.3333333333333333,4388.122535016372,2397.746031746032,0.0,0.031746031746031744,0.06349206349206349,0.30158730158730157,0.3492063492063492,3982.5696859898003,2387.7301587301586,0.0,0.047619047619047616,0.06349206349206349,0.2857142857142857,0.38095238095238093,3779.5158200524,2337.285714285714,0.0,0.047619047619047616,0.06349206349206349,0.2857142857142857,0.38095238095238093,3582.369607263245,2367.5238095238096,0.0,0.047619047619047616,0.07936507936507936,0.2857142857142857,0.3492063492063492,3346.182413094394,2401.6825396825398,0.0,0.031746031746031744,0.047619047619047616,0.31746031746031744,0.42857142857142855,3108.559400366489,2270.0158730158732,0.0,0.031746031746031744,0.06349206349206349,0.31746031746031744,0.3968253968253968,2356.3779506401925,2005.2857142857142,0.0,0.031746031746031744,0.1111111111111111,0.38095238095238093,0.4444444444444444,1952.5371738472822,1808.4285714285713,0.0,0.031746031746031744,0.1111111111111111,0.3968253968253968,0.4603174603174603,1764.18909683093,1669.3968253968253,0.0,0.031746031746031744,0.09523809523809523,0.4126984126984127,0.4603174603174603,28.470170773870503,60.97901427029619,,,20.0,56.0,28.8,0.047619047619047616,0.09523809523809523,0.047619047619047616,10.952380952380953,0.47619047619047616,5.0476190476190474,0.09433962264150943
shuffled_008,shuffled,shuffled,shuffled,288,4341.573259051589,3032.3809523809523,0.031746031746031744,0.07936507936507936,0.07936507936507936,0.3492063492063492,0.36507936507936506,4036.2664467549503,3178.5873015873017,0.015873015873015872,0.09523809523809523,0.09523809523809523,0.36507936507936506,0.38095238095238093,4083.5914716646403,3423.4603174603176,0.047619047619047616,0.1111111111111111,0.12698412698412698,0.36507936507936506,0.38095238095238093,3861.95407506877,3441.4603174603176,0.06349206349206349,0.1111111111111111,0.14285714285714285,0.36507936507936506,0.38095238095238093,4235.219671353831,3516.3650793650795,0.047619047619047616,0.1111111111111111,0.14285714285714285,0.3492063492063492,0.36507936507936506,4227.873238381582,3632.1428571428573,0.047619047619047616,0.12698412698412698,0.12698412698412698,0.36507936507936506,0.38095238095238093,3205.6451719399997,2944.968253968254,0.047619047619047616,0.14285714285714285,0.1746031746031746,0.36507936507936506,0.38095238095238093,2626.774389993999,2584.9206349206347,0.06349206349206349,0.14285714285714285,0.19047619047619047,0.36507936507936506,0.3968253968253968,1927.0393323034268,2075.809523809524,0.047619047619047616,0.15873015873015872,0.1746031746031746,0.4126984126984127,0.4444444444444444,1835.1489931707742,1906.2857142857142,0.047619047619047616,0.15873015873015872,0.1746031746031746,0.42857142857142855,0.47619047619047616,51.241733374333855,71.26519922678806,11.0,28.0,12.0,79.99999999999999,79.99999999999999,0.07936507936507936,0.1746031746031746,0.09523809523809523,20.317460317460316,1.3333333333333333,10.476190476190476,0.12727272727272726
shuffled_009,shuffled,shuffled,shuffled,358,2986.8784577629344,2237.3809523809523,0.031746031746031744,0.1746031746031746,0.20634920634920634,0.3492063492063492,0.4126984126984127,2603.4254387292376,2348.6984126984125,0.015873015873015872,0.15873015873015872,0.2698412698412698,0.3492063492063492,0.42857142857142855,2098.146308823537,1807.7936507936508,0.047619047619047616,0.1746031746031746,0.23809523809523808,0.36507936507936506,0.42857142857142855,2109.625817393824,1827.4761904761904,0.015873015873015872,0.1746031746031746,0.23809523809523808,0.3968253968253968,0.42857142857142855,2174.973643235736,1821.0,0.047619047619047616,0.1746031746031746,0.20634920634920634,0.3492063492063492,0.3968253968253968,1879.8335075029645,1618.984126984127,0.06349206349206349,0.1746031746031746,0.23809523809523808,0.36507936507936506,0.3968253968253968,1778.6873943969158,1628.8095238095239,0.06349206349206349,0.19047619047619047,0.25396825396825395,0.3492063492063492,0.3968253968253968,1503.9469244395273,1438.047619047619,0.06349206349206349,0.20634920634920634,0.25396825396825395,0.36507936507936506,0.42857142857142855,1520.6374799682912,1454.3174603174602,0.047619047619047616,0.19047619047619047,0.25396825396825395,0.38095238095238093,0.47619047619047616,1329.8645065740238,1389.3650793650793,0.06349206349206349,0.2222222222222222,0.2698412698412698,0.3968253968253968,0.4603174603174603,11.52323244891447,11.958740499457111,12.0,56.0,6.0,13.000000000000004,69.33333333333336,0.20634920634920634,0.2698412698412698,0.06349206349206349,30.984126984126984,0.6984126984126984,5.396825396825396,0.12941176470588237
shuffled_010,shuffled,shuffled,shuffled,353,4493.855372356688,2994.4761904761904,0.015873015873015872,0.1111111111111111,0.1746031746031746,0.30158730158730157,0.31746031746031744,3177.9388181824097,2725.0158730158732,0.015873015873015872,0.15873015873015872,0.2222222222222222,0.3492063492063492,0.3492063492063492,3268.2628653179677,2744.4761904761904,0.015873015873015872,0.14285714285714285,0.20634920634920634,0.3333333333333333,0.3492063492063492,3620.7788892231165,2848.0,0.031746031746031744,0.14285714285714285,0.2222222222222222,0.31746031746031744,0.3333333333333333,3274.7539513002034,2737.2063492063494,0.015873015873015872,0.12698412698412698,0.20634920634920634,0.3333333333333333,0.36507936507936506,3021.1500741869304,2624.5396825396824,0.015873015873015872,0.1111111111111111,0.2222222222222222,0.31746031746031744,0.36507936507936506,2664.8334128505217,2532.7619047619046,0.015873015873015872,0.14285714285714285,0.23809523809523808,0.3333333333333333,0.3968253968253968,2633.950473526543,2490.4603174603176,0.031746031746031744,0.12698412698412698,0.20634920634920634,0.31746031746031744,0.36507936507936506,2217.458642476893,2353.6031746031745,0.015873015873015872,0.14285714285714285,0.25396825396825395,0.3333333333333333,0.36507936507936506,2080.527994780492,2239.5555555555557,0.031746031746031744,0.14285714285714285,0.25396825396825395,0.3333333333333333,0.38095238095238093,7.667903363508531,33.3116568661363,14.0,5.333333333333333,7.333333333333334,5.333333333333333,8.0,0.1746031746031746,0.25396825396825395,0.07936507936507936,28.666666666666664,1.0476190476190474,7.015873015873016,0.14932126696832576
shuffled_011,shuffled,shuffled,shuffled,508,4295.517778571219,2836.3968253968255,0.015873015873015872,0.07936507936507936,0.14285714285714285,0.31746031746031744,0.38095238095238093,2908.656089482403,2514.15873015873,0.015873015873015872,0.12698412698412698,0.14285714285714285,0.36507936507936506,0.42857142857142855,2698.0852103367783,2392.904761904762,0.015873015873015872,0.1111111111111111,0.1746031746031746,0.36507936507936506,0.42857142857142855,2344.1370538206934,2125.5873015873017,0.015873015873015872,0.09523809523809523,0.15873015873015872,0.3492063492063492,0.42857142857142855,1938.5440106653448,1982.5714285714287,0.07936507936507936,0.12698412698412698,0.19047619047619047,0.4126984126984127,0.4603174603174603,1862.6619598129707,1962.4285714285713,0.06349206349206349,0.1111111111111111,0.1746031746031746,0.38095238095238093,0.4603174603174603,1762.4397770964608,1919.3809523809523,0.031746031746031744,0.1111111111111111,0.2222222222222222,0.42857142857142855,0.4603174603174603,1660.1820428121111,1769.6349206349207,0.015873015873015872,0.1111111111111111,0.2222222222222222,0.36507936507936506,0.47619047619047616,1279.2354287316934,1336.4126984126983,0.015873015873015872,0.1111111111111111,0.2222222222222222,0.3968253968253968,0.49206349206349204,1178.1216030760995,1261.888888888889,0.015873015873015872,0.12698412698412698,0.20634920634920634,0.4444444444444444,0.5079365079365079,11.264200621775556,20.27613762486126,,6.0,12.0,20.0,20.0,0.14285714285714285,0.20634920634920634,0.06349206349206349,25.428571428571427,0.7301587301587301,7.714285714285714,0.09465020576131687
shuffled_012,shuffled,shuffled,shuffled,394,2414.352726324719,1945.126984126984,0.0,0.06349206349206349,0.1746031746031746,0.38095238095238093,0.4126984126984127,2607.949200300481,1969.984126984127,0.015873015873015872,0.047619047619047616,0.12698412698412698,0.3492063492063492,0.3968253968253968,2163.13854510041,1871.904761904762,0.0,0.047619047619047616,0.14285714285714285,0.38095238095238093,0.4126984126984127,2332.538180691971,1649.6507936507937,0.0,0.06349206349206349,0.19047619047619047,0.36507936507936506,0.4126984126984127,2138.600123416877,1516.8412698412699,0.0,0.06349206349206349,0.1746031746031746,0.3492063492063492,0.4444444444444444,1763.7516041867173,1380.968253968254,0.0,0.06349206349206349,0.1746031746031746,0.36507936507936506,0.42857142857142855,1517.246985321031,1379.2857142857142,0.0,0.06349206349206349,0.1746031746031746,0.3968253968253968,0.47619047619047616,1405.6623425761913,1213.888888888889,0.0,0.06349206349206349,0.1746031746031746,0.3968253968253968,0.49206349206349204,1390.4061677795037,1214.4444444444443,0.0,0.06349206349206349,0.20634920634920634,0.4126984126984127,0.47619047619047616,1250.6871668126805,1068.7777777777778,0.0,0.047619047619047616,0.23809523809523808,0.4126984126984127,0.5079365079365079,30.532349173512234,24.58224299065421,,,96.0,48.0,42.666666666666664,0.1746031746031746,0.23809523809523808,0.06349206349206349,23.46031746031746,-0.2222222222222222,1.8095238095238093,-0.12280701754385966
shuffled_013,shuffled,shuffled,shuffled,305,624.9202289662339,677.8253968253969,0.015873015873015872,0.15873015873015872,0.20634920634920634,0.49206349206349204,0.6031746031746031,560.8004170361021,659.6190476190476,0.06349206349206349,0.15873015873015872,0.23809523809523808,0.5079365079365079,0.6190476190476191,518.0770663529709,602.031746031746,0.06349206349206349,0.14285714285714285,0.2222222222222222,0.5238095238095238,0.6349206349206349,471.86080044473596,576.9206349206349,0.07936507936507936,0.15873015873015872,0.25396825396825395,0.5079365079365079,0.6507936507936508,432.9232739465322,521.1428571428571,0.1111111111111111,0.14285714285714285,0.2698412698412698,0.5238095238095238,0.6666666666666666,386.4371517090459,485.1587301587302,0.1111111111111111,0.14285714285714285,0.25396825396825395,0.5238095238095238,0.6666666666666666,374.4548482090389,467.2857142857143,0.1111111111111111,0.15873015873015872,0.25396825396825395,0.5714285714285714,0.6666666666666666,359.52964193334714,408.9047619047619,0.1111111111111111,0.14285714285714285,0.2857142857142857,0.5714285714285714,0.6666666666666666,351.6805426674373,376.58730158730157,0.1111111111111111,0.1746031746031746,0.2857142857142857,0.5714285714285714,0.6825396825396826,326.2612408312126,340.41269841269843,0.09523809523809523,0.19047619047619047,0.2857142857142857,0.5714285714285714,0.6666666666666666,15.677175610734686,26.67313630348477,7.333333333333334,96.0,15.0,34.66666666666666,12.0,0.20634920634920634,0.2857142857142857,0.07936507936507936,33.61904761904762,1.1746031746031744,8.031746031746032,0.14624505928853754
shuffled_014,shuffled,shuffled,shuffled,3014,1805.577768136318,1845.2222222222222,0.06349206349206349,0.1746031746031746,0.20634920634920634,0.36507936507936506,0.38095238095238093,1644.405054149614,1784.8412698412699,0.06349206349206349,0.20634920634920634,0.2222222222222222,0.36507936507936506,0.3968253968253968,1731.2469742737749,1881.2380952380952,0.047619047619047616,0.20634920634920634,0.2222222222222222,0.36507936507936506,0.3968253968253968,1533.1342439003288,1604.5873015873017,0.047619047619047616,0.20634920634920634,0.2222222222222222,0.36507936507936506,0.42857142857142855,1425.851989756043,1657.1904761904761,0.06349206349206349,0.2222222222222222,0.25396825396825395,0.3492063492063492,0.4444444444444444,1389.3720241546184,1615.095238095238,0.06349206349206349,0.20634920634920634,0.25396825396825395,0.36507936507936506,0.4444444444444444,1216.122282878219,1368.1587301587301,0.09523809523809523,0.20634920634920634,0.25396825396825395,0.38095238095238093,0.4126984126984127,1117.0842065103782,1284.4920634920634,0.09523809523809523,0.20634920634920634,0.25396825396825395,0.36507936507936506,0.42857142857142855,1089.1790904933298,1214.857142857143,0.09523809523809523,0.2222222222222222,0.2698412698412698,0.38095238095238093,0.42857142857142855,1031.5977441969667,1135.063492063492,0.09523809523809523,0.23809523809523808,0.2698412698412698,0.36507936507936506,0.4444444444444444,25.593035184028132,40.0961624991965,40.0,8.0,20.0,,14.0,0.20634920634920634,0.2698412698412698,0.06349206349206349,31.714285714285708,0.7936507936507936,6.1269841269841265,0.1295336787564767
shuffled_015,shuffled,shuffled,shuffled,388,3802.080026783722,3090.714285714286,0.0,0.047619047619047616,0.14285714285714285,0.3968253968253968,0.3968253968253968,3661.415714078732,3265.9206349206347,0.0,0.06349206349206349,0.14285714285714285,0.38095238095238093,0.4126984126984127,3213.6055482168613,3062.1428571428573,0.0,0.047619047619047616,0.15873015873015872,0.38095238095238093,0.3968253968253968,3174.000364332884,3064.3015873015875,0.0,0.06349206349206349,0.15873015873015872,0.38095238095238093,0.4126984126984127,3021.899460286074,3004.936507936508,0.015873015873015872,0.07936507936507936,0.1746031746031746,0.3968253968253968,0.4126984126984127,2574.5308930562337,2320.8571428571427,0.0,0.047619047619047616,0.20634920634920634,0.38095238095238093,0.4126984126984127,2408.969556369331,2210.4444444444443,0.015873015873015872,0.07936507936507936,0.19047619047619047,0.38095238095238093,0.42857142857142855,2423.95252573541,2069.5238095238096,0.0,0.06349206349206349,0.15873015873015872,0.38095238095238093,0.4126984126984127,2172.8170012278615,2098.3650793650795,0.0,0.047619047619047616,0.1746031746031746,0.38095238095238093,0.47619047619047616,2026.5442906931244,1989.5555555555557,0.0,0.031746031746031744,0.20634920634920634,0.42857142857142855,0.47619047619047616,25.923913469626967,29.43564517251781,,,24.0,117.33333333333333,76.00000000000001,0.14285714285714285,0.20634920634920634,0.06349206349206349,22.063492063492063,0.6666666666666666,4.349206349206349,0.15328467153284672
shuffled_016,shuffled,shuffled,shuffled,1069,3146.5675162776183,2462.777777777778,0.031746031746031744,0.12698412698412698,0.1746031746031746,0.2857142857142857,0.4126984126984127,3174.787664431622,2433.904761904762,0.015873015873015872,0.1111111111111111,0.14285714285714285,0.3333333333333333,0.42857142857142855,2896.4182277267105,2405.5079365079364,0.031746031746031744,0.1111111111111111,0.1746031746031746,0.36507936507936506,0.4126984126984127,2956.659835458726,2419.6984126984125,0.015873015873015872,0.1111111111111111,0.19047619047619047,0.3333333333333333,0.4126984126984127,2334.2743459863827,2159.809523809524,0.015873015873015872,0.20634920634920634,0.2698412698412698,0.3333333333333333,0.4603174603174603,2218.5588452042557,2079.5714285714284,0.015873015873015872,0.19047619047619047,0.2698412698412698,0.36507936507936506,0.4444444444444444,2126.4354962774355,2019.031746031746,0.015873015873015872,0.19047619047619047,0.2698412698412698,0.3333333333333333,0.42857142857142855,2050.8139938507716,2042.031746031746,0.031746031746031744,0.19047619047619047,0.2698412698412698,0.38095238095238093,0.4444444444444444,1925.128534906963,1808.4285714285713,0.031746031746031744,0.19047619047619047,0.2857142857142857,0.38095238095238093,0.4444444444444444,1923.6966803542477,1783.1587301587301,0.031746031746031744,0.19047619047619047,0.2857142857142857,0.36507936507936506,0.4444444444444444,21.41822062722141,27.67319485657764,,20.0,20.0,7.33333333333333,8.0,0.1746031746031746,0.2857142857142857,0.1111111111111111,32.66666666666667,1.1111111111111112,11.015873015873016,0.10086455331412104
shuffled_017,shuffled,shuffled,shuffled,425,4652.632614642804,3295.714285714286,0.07936507936507936,0.1111111111111111,0.15873015873015872,0.31746031746031744,0.38095238095238093,4436.271030020831,3350.4920634920636,0.07936507936507936,0.1111111111111111,0.15873015873015872,0.3333333333333333,0.36507936507936506,3931.536967494862,3208.15873015873,0.07936507936507936,0.12698412698412698,0.15873015873015872,0.3333333333333333,0.36507936507936506,3707.1028678236717,3054.6190476190477,0.07936507936507936,0.1111111111111111,0.1746031746031746,0.3333333333333333,0.36507936507936506,3590.3748991474527,3247.5873015873017,0.06349206349206349,0.12698412698412698,0.15873015873015872,0.38095238095238093,0.4126984126984127,3193.74156450745,2967.7936507936506,0.031746031746031744,0.12698412698412698,0.1746031746031746,0.3492063492063492,0.4126984126984127,2874.2345280482177,2691.3968253968255,0.031746031746031744,0.14285714285714285,0.15873015873015872,0.3492063492063492,0.4126984126984127,2667.47840857676,2321.4603174603176,0.031746031746031744,0.14285714285714285,0.14285714285714285,0.3333333333333333,0.42857142857142855,2729.043196312936,2260.3174603174602,0.047619047619047616,0.14285714285714285,0.15873015873015872,0.31746031746031744,0.42857142857142855,2547.2202270334838,2171.2380952380954,0.047619047619047616,0.14285714285714285,0.15873015873015872,0.3492063492063492,0.42857142857142855,23.34538247866301,45.56411876184458,,12.0,,8.0,22.66666666666667,0.15873015873015872,0.15873015873015872,0.0,19.587301587301585,0.15873015873015872,-0.09523809523809523,
shuffled_018,shuffled,shuffled,shuffled,257,1632.4177227133616,1472.4603174603174,0.015873015873015872,0.1111111111111111,0.14285714285714285,0.3333333333333333,0.4444444444444444,1512.3629457643235,1294.3492063492063,0.0,0.1111111111111111,0.14285714285714285,0.36507936507936506,0.42857142857142855,1241.4159924737478,1140.2380952380952,0.015873015873015872,0.14285714285714285,0.1746031746031746,0.3968253968253968,0.42857142857142855,1205.611352199787,1122.4761904761904,0.015873015873015872,0.1111111111111111,0.20634920634920634,0.38095238095238093,0.42857142857142855,1190.4578428096497,1139.126984126984,0.015873015873015872,0.12698412698412698,0.19047619047619047,0.4126984126984127,0.4444444444444444,1062.366205096102,1053.031746031746,0.031746031746031744,0.12698412698412698,0.2222222222222222,0.4126984126984127,0.4603174603174603,999.9828164035976,980.015873015873,0.031746031746031744,0.12698412698412698,0.23809523809523808,0.4126984126984127,0.4603174603174603,974.0361448910724,983.7936507936508,0.031746031746031744,0.1746031746031746,0.25396825396825395,0.4126984126984127,0.4444444444444444,930.1235811884399,941.8571428571429,0.031746031746031744,0.15873015873015872,0.23809523809523808,0.3968253968253968,0.4444444444444444,873.3369318971197,905.1269841269841,0.047619047619047616,0.1746031746031746,0.25396825396825395,0.38095238095238093,0.49206349206349204,11.83079588543369,10.739726027397264,32.0,12.0,15.0,6.9999999999999964,112.00000000000001,0.14285714285714285,0.25396825396825395,0.1111111111111111,28.57142857142857,1.2063492063492063,10.857142857142858,0.1111111111111111
shuffled_019,shuffled,shuffled,shuffled,458,3406.472371587565,1887.3492063492063,0.015873015873015872,0.047619047619047616,0.09523809523809523,0.30158730158730157,0.3968253968253968,2858.5944085418537,1643.0,0.0,0.07936507936507936,0.07936507936507936,0.30158730158730157,0.4603174603174603,2635.257320670927,1657.8253968253969,0.015873015873015872,0.09523809523809523,0.12698412698412698,0.31746031746031744,0.42857142857142855,2533.987944000455,1597.920634920635,0.0,0.07936507936507936,0.14285714285714285,0.30158730158730157,0.3968253968253968,2325.0297072184712,1567.5873015873017,0.0,0.09523809523809523,0.15873015873015872,0.30158730158730157,0.36507936507936506,2338.910440483775,1600.2222222222222,0.015873015873015872,0.09523809523809523,0.14285714285714285,0.31746031746031744,0.36507936507936506,1824.7104343196786,939.7460317460317,0.015873015873015872,0.09523809523809523,0.14285714285714285,0.31746031746031744,0.36507936507936506,1751.545759614918,861.5079365079365,0.015873015873015872,0.09523809523809523,0.14285714285714285,0.3492063492063492,0.38095238095238093,1541.140148699894,788.936507936508,0.015873015873015872,0.09523809523809523,0.15873015873015872,0.3333333333333333,0.38095238095238093,1579.4490287214205,820.8730158730159,0.0,0.1111111111111111,0.14285714285714285,0.3333333333333333,0.4126984126984127,17.570734687573694,37.96202835856765,,8.0,11.333333333333334,12.0,4.500000000000002,0.09523809523809523,0.14285714285714285,0.047619047619047616,17.936507936507937,1.0476190476190474,6.1269841269841265,0.17098445595854922
shuffled_020,shuffled,shuffled,shuffled,807,2975.7872025856086,1589.3333333333333,0.015873015873015872,0.031746031746031744,0.07936507936507936,0.25396825396825395,0.38095238095238093,2449.3339968688997,1370.7142857142858,0.015873015873015872,0.047619047619047616,0.07936507936507936,0.31746031746031744,0.3968253968253968,2056.416611489213,1304.7460317460318,0.0,0.06349206349206349,0.1111111111111111,0.3333333333333333,0.3968253968253968,2224.0680523226124,1387.7777777777778,0.0,0.06349206349206349,0.1111111111111111,0.3333333333333333,0.38095238095238093,1958.3569524775344,1255.6349206349207,0.015873015873015872,0.047619047619047616,0.1111111111111111,0.3333333333333333,0.4126984126984127,1754.1541668169305,1047.1904761904761,0.015873015873015872,0.031746031746031744,0.15873015873015872,0.36507936507936506,0.42857142857142855,1983.2851602657004,1165.8253968253969,0.015873015873015872,0.031746031746031744,0.14285714285714285,0.2857142857142857,0.4126984126984127,1485.96466210196,939.9206349206349,0.015873015873015872,0.047619047619047616,0.14285714285714285,0.2698412698412698,0.4444444444444444,1239.570021078121,805.6825396825396,0.015873015873015872,0.031746031746031744,0.15873015873015872,0.42857142857142855,0.5079365079365079,1284.0033525132105,836.968253968254,0.015873015873015872,0.06349206349206349,0.15873015873015872,0.3333333333333333,0.49206349206349204,11.251968288558249,25.630520865062444,,8.0,25.333333333333332,6.499999999999998,60.000000000000014,0.07936507936507936,0.15873015873015872,0.07936507936507936,17.714285714285715,0.8888888888888888,7.873015873015873,0.11290322580645161
shuffled_021,shuffled,shuffled,shuffled,368,3023.3987901785617,2547.190476190476,0.0,0.12698412698412698,0.20634920634920634,0.3492063492063492,0.4444444444444444,2838.8118275017277,2395.936507936508,0.0,0.09523809523809523,0.15873015873015872,0.31746031746031744,0.42857142857142855,2756.935456562909,2359.1111111111113,0.0,0.07936507936507936,0.19047619047619047,0.36507936507936506,0.4444444444444444,2498.417220141009,2490.5238095238096,0.0,0.07936507936507936,0.19047619047619047,0.36507936507936506,0.47619047619047616,1949.6337733806604,1776.857142857143,0.015873015873015872,0.07936507936507936,0.19047619047619047,0.4126984126984127,0.4603174603174603,2029.5622265329546,1982.4761904761904,0.0,0.06349206349206349,0.19047619047619047,0.4126984126984127,0.47619047619047616,1731.2469742737749,1639.984126984127,0.0,0.09523809523809523,0.2222222222222222,0.3968253968253968,0.4603174603174603,1614.3000659736374,1445.2380952380952,0.0,0.1111111111111111,0.2222222222222222,0.3968253968253968,0.47619047619047616,1380.099275436263,1245.936507936508,0.0,0.12698412698412698,0.25396825396825395,0.4126984126984127,0.47619047619047616,1276.6997795553261,1179.7301587301588,0.0,0.14285714285714285,0.25396825396825395,0.4126984126984127,0.47619047619047616,21.0784029632176,23.029203087119946,,112.0,72.0,18.666666666666668,14.0,0.20634920634920634,0.25396825396825395,0.047619047619047616,27.841269841269842,-0.5396825396825397,2.253968253968254,-0.23943661971830985
shuffled_022,shuffled,shuffled,shuffled,240,1138.4812277944097,825.952380952381,0.015873015873015872,0.09523809523809523,0.20634920634920634,0.4444444444444444,0.5238095238095238,963.2256444415378,820.063492063492,0.0,0.1111111111111111,0.19047619047619047,0.4603174603174603,0.5714285714285714,924.1450571880328,813.015873015873,0.015873015873015872,0.15873015873015872,0.2222222222222222,0.47619047619047616,0.5714285714285714,847.938016764654,780.6666666666666,0.015873015873015872,0.12698412698412698,0.2222222222222222,0.5079365079365079,0.5873015873015873,820.8311794196896,711.4126984126984,0.0,0.15873015873015872,0.2222222222222222,0.47619047619047616,0.5873015873015873,818.5948605637212,723.4603174603175,0.0,0.14285714285714285,0.2698412698412698,0.47619047619047616,0.6190476190476191,801.9160834213137,685.8730158730159,0.0,0.14285714285714285,0.2222222222222222,0.47619047619047616,0.5873015873015873,799.1364810672811,693.6031746031746,0.015873015873015872,0.12698412698412698,0.23809523809523808,0.47619047619047616,0.6031746031746031,739.9975130111503,653.3015873015873,0.015873015873015872,0.14285714285714285,0.2698412698412698,0.49206349206349204,0.6031746031746031,783.4368637219848,563.1587301587301,0.031746031746031744,0.15873015873015872,0.25396825396825395,0.47619047619047616,0.6031746031746031,8.231992284930396,44.30405405405407,112.0,9.333333333333334,25.333333333333332,8.0,7.333333333333335,0.20634920634920634,0.25396825396825395,0.047619047619047616,30.380952380952376,0.47619047619047616,4.793650793650793,0.09933774834437088
shuffled_023,shuffled,shuffled,shuffled,597,3035.420240734552,2675.746031746032,0.015873015873015872,0.1111111111111111,0.1746031746031746,0.31746031746031744,0.38095238095238093,2666.8169136245187,2675.5555555555557,0.031746031746031744,0.12698412698412698,0.1746031746031746,0.3492063492063492,0.36507936507936506,2556.080114558385,2658.6507936507937,0.015873015873015872,0.09523809523809523,0.19047619047619047,0.36507936507936506,0.38095238095238093,2575.169496771939,2642.904761904762,0.031746031746031744,0.09523809523809523,0.19047619047619047,0.3492063492063492,0.3968253968253968,2250.1451404845307,2503.095238095238,0.047619047619047616,0.12698412698412698,0.2222222222222222,0.30158730158730157,0.42857142857142855,2382.233211307972,2560.6190476190477,0.047619047619047616,0.12698412698412698,0.2222222222222222,0.30158730158730157,0.3968253968253968,2124.326983315647,2594.5873015873017,0.031746031746031744,0.1111111111111111,0.2222222222222222,0.3333333333333333,0.4126984126984127,1734.2552219524061,2290.6825396825398,0.031746031746031744,0.1111111111111111,0.2698412698412698,0.36507936507936506,0.4126984126984127,1680.480960538867,2191.3809523809523,0.031746031746031744,0.12698412698412698,0.25396825396825395,0.36507936507936506,0.42857142857142855,1721.3994232062653,2112.9523809523807,0.031746031746031744,0.14285714285714285,0.25396825396825395,0.36507936507936506,0.4126984126984127,20.842951883336212,58.54214979630211,6.0,8.0,22.0,7.0000000000000036,16.0,0.1746031746031746,0.25396825396825395,0.07936507936507936,29.619047619047617,0.7301587301587301,7.9682539682539675,0.09163346613545817
shuffled_024,shuffled,shuffled,shuffled,272,2489.1397810620947,1658.2063492063492,0.031746031746031744,0.09523809523809523,0.15873015873015872,0.3333333333333333,0.4444444444444444,2092.9490206524965,1605.6507936507937,0.047619047619047616,0.1111111111111111,0.14285714285714285,0.3333333333333333,0.4603174603174603,1734.6853981183644,1476.4603174603174,0.047619047619047616,0.1111111111111111,0.19047619047619047,0.3492063492063492,0.47619047619047616,1708.2152057249696,1542.7301587301588,0.031746031746031744,0.14285714285714285,0.1746031746031746,0.36507936507936506,0.4444444444444444,1639.7215929840577,1474.3174603174602,0.047619047619047616,0.14285714285714285,0.1746031746031746,0.36507936507936506,0.4603174603174603,1459.3031200459618,1422.095238095238,0.031746031746031744,0.15873015873015872,0.20634920634920634,0.36507936507936506,0.4603174603174603,1301.315496751163,1421.6825396825398,0.031746031746031744,0.15873015873015872,0.20634920634920634,0.3492063492063492,0.4444444444444444,1210.4050292057095,1336.3968253968253,0.031746031746031744,0.12698412698412698,0.2222222222222222,0.38095238095238093,0.47619047619047616,1185.4491177977916,1335.4126984126983,0.047619047619047616,0.15873015873015872,0.20634920634920634,0.3968253968253968,0.47619047619047616,1142.7245371953961,1287.3809523809523,0.06349206349206349,0.14285714285714285,0.19047619047619047,0.38095238095238093,0.4603174603174603,11.092882939823003,24.233434650455944,8.0,13.0,10.666666666666666,13.999999999999993,5.999999999999993,0.15873015873015872,0.19047619047619047,0.031746031746031744,24.857142857142854,0.47619047619047616,5.174603174603174,0.09202453987730062
shuffled_025,shuffled,shuffled,shuffled,328,844.7893459862861,794.2857142857143,0.06349206349206349,0.15873015873015872,0.1746031746031746,0.4603174603174603,0.5714285714285714,809.509550789,776.6984126984127,0.09523809523809523,0.15873015873015872,0.19047619047619047,0.4444444444444444,0.5555555555555556,652.0744419366857,677.4444444444445,0.09523809523809523,0.1746031746031746,0.2222222222222222,0.47619047619047616,0.5714285714285714,582.9232642970533,622.8571428571429,0.12698412698412698,0.19047619047619047,0.20634920634920634,0.47619047619047616,0.5873015873015873,554.5762813176624,536.3650793650794,0.06349206349206349,0.15873015873015872,0.2222222222222222,0.5079365079365079,0.6190476190476191,491.23597009599155,538.7777777777778,0.09523809523809523,0.20634920634920634,0.2698412698412698,0.5079365079365079,0.6190476190476191,496.2566606957509,538.1746031746031,0.047619047619047616,0.1746031746031746,0.23809523809523808,0.49206349206349204,0.6190476190476191,489.77613173631,543.952380952381,0.09523809523809523,0.19047619047619047,0.25396825396825395,0.49206349206349204,0.6031746031746031,468.6243965264411,490.3492063492063,0.09523809523809523,0.1746031746031746,0.25396825396825395,0.49206349206349204,0.6190476190476191,462.6194352091481,473.8253968253968,0.06349206349206349,0.1111111111111111,0.2698412698412698,0.49206349206349204,0.6031746031746031,11.958587416163688,15.179412619947662,,,12.0,12.0,15.999999999999972,0.1746031746031746,0.2698412698412698,0.09523809523809523,30.6031746031746,1.2063492063492063,8.952380952380953,0.1347517730496454
shuffled_026,shuffled,shuffled,shuffled,392,2582.204600924655,1901.079365079365,0.0,0.07936507936507936,0.15873015873015872,0.36507936507936506,0.42857142857142855,2291.8237445708974,1960.920634920635,0.0,0.07936507936507936,0.15873015873015872,0.3492063492063492,0.42857142857142855,2182.5387613374937,1920.7619047619048,0.0,0.1111111111111111,0.1746031746031746,0.3492063492063492,0.42857142857142855,2150.834340324595,1868.8095238095239,0.0,0.09523809523809523,0.1746031746031746,0.3492063492063492,0.42857142857142855,2169.5860471749793,1751.936507936508,0.0,0.1111111111111111,0.14285714285714285,0.3492063492063492,0.4444444444444444,1509.7395935245522,1190.2222222222222,0.015873015873015872,0.07936507936507936,0.1746031746031746,0.36507936507936506,0.4603174603174603,1227.0291363999293,1114.5238095238096,0.0,0.09523809523809523,0.19047619047619047,0.3968253968253968,0.47619047619047616,1095.545768177064,1121.5873015873017,0.015873015873015872,0.12698412698412698,0.20634920634920634,0.42857142857142855,0.49206349206349204,1071.3625278935156,1212.873015873016,0.047619047619047616,0.14285714285714285,0.2222222222222222,0.42857142857142855,0.5079365079365079,1000.106829898373,1165.8253968253969,0.047619047619047616,0.09523809523809523,0.25396825396825395,0.42857142857142855,0.5238095238095238,28.588101727847732,27.111676274443315,72.0,9.0,64.0,48.0,48.0,0.15873015873015872,0.25396825396825395,0.09523809523809523,25.111111111111107,0.09523809523809523,5.428571428571429,0.017543859649122806
shuffled_027,shuffled,shuffled,shuffled,1228,2706.127187134988,2040.3968253968253,0.031746031746031744,0.09523809523809523,0.12698412698412698,0.3333333333333333,0.3968253968253968,2527.71103875723,1977.3492063492063,0.031746031746031744,0.09523809523809523,0.12698412698412698,0.3333333333333333,0.42857142857142855,2336.011803551146,1887.3492063492063,0.031746031746031744,0.09523809523809523,0.14285714285714285,0.3333333333333333,0.4603174603174603,2260.2128872185094,1869.968253968254,0.047619047619047616,0.1111111111111111,0.15873015873015872,0.3492063492063492,0.4603174603174603,2205.3923626273145,1768.936507936508,0.031746031746031744,0.1111111111111111,0.15873015873015872,0.3492063492063492,0.4444444444444444,2203.2055582824064,1723.6984126984128,0.015873015873015872,0.1111111111111111,0.1746031746031746,0.3333333333333333,0.42857142857142855,2099.1873141650362,1602.031746031746,0.031746031746031744,0.09523809523809523,0.19047619047619047,0.3492063492063492,0.47619047619047616,1941.4308962240464,1614.3015873015872,0.015873015873015872,0.12698412698412698,0.19047619047619047,0.36507936507936506,0.4444444444444444,1592.034213623374,1320.6507936507937,0.015873015873015872,0.1111111111111111,0.1746031746031746,0.3333333333333333,0.42857142857142855,1347.2936755749256,1166.142857142857,0.031746031746031744,0.1111111111111111,0.19047619047619047,0.36507936507936506,0.4444444444444444,55.350763538476386,47.837181996086116,,14.0,16.0,16.0,6.9999999999999964,0.12698412698412698,0.19047619047619047,0.06349206349206349,21.904761904761905,0.6984126984126984,6.158730158730159,0.11340206185567009
shuffled_028,shuffled,shuffled,shuffled,348,1749.3750500656636,1895.6666666666667,0.015873015873015872,0.19047619047619047,0.23809523809523808,0.3968253968253968,0.4126984126984127,1665.9565832362453,1739.7936507936508,0.031746031746031744,0.19047619047619047,0.25396825396825395,0.38095238095238093,0.3968253968253968,1400.7900343170404,1641.936507936508,0.047619047619047616,0.20634920634920634,0.23809523809523808,0.3968253968253968,0.42857142857142855,1170.6941969177662,1512.4444444444443,0.047619047619047616,0.19047619047619047,0.25396825396825395,0.4444444444444444,0.4444444444444444,1024.5857369383239,1408.8412698412699,0.015873015873015872,0.19047619047619047,0.2857142857142857,0.4603174603174603,0.5555555555555556,960.8396519934204,1470.984126984127,0.015873015873015872,0.19047619047619047,0.2857142857142857,0.49206349206349204,0.5555555555555556,904.4180214916734,1348.3015873015872,0.015873015873015872,0.19047619047619047,0.2698412698412698,0.5396825396825397,0.5396825396825397,760.7468097719059,1259.920634920635,0.06349206349206349,0.25396825396825395,0.2857142857142857,0.49206349206349204,0.5555555555555556,739.5388274044369,1277.6984126984128,0.07936507936507936,0.23809523809523808,0.2698412698412698,0.5079365079365079,0.5714285714285714,638.9469487122417,1124.8412698412699,0.06349206349206349,0.2222222222222222,0.31746031746031744,0.5079365079365079,0.5396825396825397,15.592051681830895,16.169143557530255,10.0,12.0,22.000000000000007,19.999999999999986,18.285714285714285,0.23809523809523808,0.31746031746031744,0.07936507936507936,34.57142857142857,0.7301587301587301,5.0476190476190474,0.14465408805031446
shuffled_029,shuffled,shuffled,shuffled,288,2774.0826551984096,1796.3650793650793,0.031746031746031744,0.12698412698412698,0.19047619047619047,0.30158730158730157,0.38095238095238093,2696.0784531140866,1937.6825396825398,0.031746031746031744,0.09523809523809523,0.1746031746031746,0.3333333333333333,0.4126984126984127,2582.845108077746,1989.1746031746031,0.031746031746031744,0.09523809523809523,0.1746031746031746,0.3333333333333333,0.4126984126984127,2518.9494841520805,2108.5714285714284,0.031746031746031744,0.09523809523809523,0.1746031746031746,0.3333333333333333,0.3968253968253968,2482.3582279643365,2009.904761904762,0.031746031746031744,0.07936507936507936,0.1746031746031746,0.3333333333333333,0.38095238095238093,2338.910440483775,2038.3968253968253,0.031746031746031744,0.09523809523809523,0.20634920634920634,0.31746031746031744,0.4126984126984127,2282.74722677653,2158.746031746032,0.031746031746031744,0.1111111111111111,0.19047619047619047,0.3492063492063492,0.4126984126984127,2031.072879404459,2118.8571428571427,0.031746031746031744,0.14285714285714285,0.20634920634920634,0.36507936507936506,0.4603174603174603,1947.217571219686,2028.2063492063492,0.031746031746031744,0.12698412698412698,0.19047619047619047,0.38095238095238093,0.4444444444444444,2012.02074392796,2110.15873015873,0.015873015873015872,0.09523809523809523,0.20634920634920634,0.36507936507936506,0.47619047619047616,28.980573348376176,,,,30.0,8.0,53.333333333333336,0.19047619047619047,0.20634920634920634,0.015873015873015872,24.09523809523809,-0.2857142857142857,0.47619047619047616,-0.6
uniform_000,uniform,uniform,uniform,405,295149.7386652326,17248.571428571428,0.0,0.0,0.0,0.0,0.0,238457.03931912716,16566.333333333332,0.0,0.0,0.0,0.0,0.0,231924.384041692,16986.73015873016,0.0,0.0,0.0,0.0,0.0,224900.35094891768,17175.79365079365,0.0,0.0,0.0,0.0,0.0,224454.56249056198,17516.349206349205,0.0,0.0,0.0,0.0,0.0,198473.86310260833,17575.603174603173,0.0,0.0,0.0,0.0,0.0,182062.11055077467,17441.444444444445,0.0,0.0,0.0,0.0,0.0,210437.5985986228,17738.031746031746,0.0,0.0,0.0,0.0,0.0,198868.05138051521,17328.428571428572,0.0,0.0,0.0,0.0,0.0,199263.02255444648,17166.619047619046,0.0,0.0,0.0,0.0,0.0,7.382683033856039,4.240245689956029,,,,,,0.0,0.0,0.0,0.0,0.0,0.0,
uniform_001,uniform,uniform,uniform,461,196027.82741888773,13881.190476190477,0.0,0.0,0.0,0.015873015873015872,0.015873015873015872,161788.89045578876,13600.015873015873,0.0,0.0,0.0,0.015873015873015872,0.015873015873015872,158846.63316970694,13677.269841269841,0.0,0.0,0.0,0.015873015873015872,0.015873015873015872,161308.09173005307,13506.190476190477,0.0,0.0,0.0,0.015873015873015872,0.015873015873015872,141860.4641089603,13376.047619047618,0.0,0.0,0.0,0.015873015873015872,0.015873015873015872,154418.33120100707,14036.460317460318,0.0,0.0,0.0,0.015873015873015872,0.015873015873015872,129293.62632411112,13660.936507936507,0.0,0.0,0.015873015873015872,0.015873015873015872,0.015873015873015872,124695.61322005159,13721.15873015873,0.0,0.0,0.0,0.015873015873015872,0.015873015873015872,107641.06939167243,13524.492063492064,0.0,0.0,0.015873015873015872,0.015873015873015872,0.015873015873015872,115524.98010123591,13756.20634920635,0.0,0.0,0.0,0.015873015873015872,0.015873015873015872,18.27552196196583,4.889014338940949,,,,,,0.0,0.0,0.0,0.7619047619047619,0.0,0.7619047619047619,0.0
uniform_002,uniform,uniform,uniform,326,259952.43949717225,16674.603174603173,0.0,0.0,0.0,0.0,0.0,240595.6532033484,16952.301587301587,0.0,0.0,0.0,0.0,0.0,232154.58192259597,16980.634920634922,0.0,0.0,0.0,0.0,0.0,199460.80221320933,16695.571428571428,0.0,0.0,0.0,0.0,0.0,196709.66265411762,17036.714285714286,0.0,0.0,0.0,0.0,0.0,171541.30551613367,16672.68253968254,0.0,0.0,0.0,0.0,0.0,167173.2057811272,16790.349206349205,0.0,0.0,0.0,0.0,0.0,159557.35517760066,16708.555555555555,0.0,0.0,0.0,0.0,0.0,154418.33120100707,16412.84126984127,0.0,0.0,0.0,0.0,0.0,144201.6943794604,16370.126984126984,0.0,0.0,0.0,0.0,0.0,15.679906728636109,84.14814814814821,,,,,,0.0,0.0,0.0,0.0,0.0,0.0,
uniform_003,uniform,uniform,uniform,270,269137.0990041968,16376.555555555555,0.0,0.0,0.0,0.0,0.0,259179.92167280236,16282.349206349207,0.0,0.0,0.0,0.0,0.0,258025.44732010286,16211.20634920635,0.0,0.0,0.0,0.0,0.0,207226.4551095776,16160.238095238095,0.0,0.0,0.0,0.0,0.0,214016.74183323118,16399.365079365078,0.0,0.0,0.0,0.0,0.0,195639.26891904025,16091.809523809523,0.0,0.0,0.0,0.0,0.0,172565.42968042204,15977.63492063492,0.0,0.0,0.0,0.0,0.0,170100.8584990561,15718.47619047619,0.0,0.0,0.0,0.0,0.0,193419.95712809294,15925.349206349207,0.0,0.0,0.0,0.0,0.0,154878.59414302962,15813.952380952382,0.0,0.0,0.0,0.0,0.0,15.623505014097901,31.910404624277437,,,,,,0.0,0.0,0.0,0.0,0.0,0.0,
uniform_004,uniform,uniform,uniform,290,210020.4776280972,15762.0,0.0,0.0,0.0,0.0,0.0,213804.52891871543,16172.460317460318,0.0,0.0,0.0,0.0,0.0,186448.9396256438,15953.857142857143,0.0,0.0,0.0,0.0,0.0,174285.90831780396,16141.238095238095,0.0,0.0,0.0,0.0,0.0,183877.27116816695,16285.253968253968,0.0,0.0,0.0,0.0,0.0,172394.31870815202,16375.031746031746,0.0,0.0,0.0,0.0,0.0,166016.30241588593,15870.714285714286,0.0,0.0,0.0,0.0,0.0,150785.1283178721,16134.888888888889,0.0,0.0,0.0,0.0,0.0,133729.10504232903,15570.36507936508,0.0,0.0,0.0,0.0,0.0,136273.69898717094,15549.650793650793,0.0,0.0,0.0,0.0,0.0,31.47555675974222,91.1556867707016,,,,,,0.0,0.0,0.0,0.0,0.0,0.0,
uniform_005,uniform,uniform,uniform,311,230547.9822535433,13783.746031746032,0.0,0.0,0.0,0.0,0.0,200055.31981310018,14058.952380952382,0.0,0.0,0.0,0.0,0.0,177162.28015852897,13787.460317460318,0.0,0.0,0.0,0.0,0.0,191320.69858944157,14326.190476190477,0.0,0.0,0.0,0.0,0.0,159320.09521365204,14552.84126984127,0.0,0.0,0.0,0.0,0.0,165851.68537195242,14867.079365079366,0.0,0.0,0.0,0.0,0.0,148484.24346522606,15058.349206349207,0.0,0.0,0.0,0.0,0.0,161468.19900399217,15019.730158730159,0.0,0.0,0.0,0.0,0.0,143417.0222481133,14947.190476190477,0.0,0.0,0.0,0.0,0.0,136612.09886064197,14608.174603174602,0.0,0.0,0.0,0.0,0.0,10.878652988786103,,,,,,,0.0,0.0,0.0,0.0,0.0,0.0,
uniform_006,uniform,uniform,uniform,365,275622.020262474,15230.904761904761,0.0,0.0,0.0,0.0,0.0,260210.4567856748,14906.698412698413,0.0,0.0,0.0,0.0,0.015873015873015872,249714.96261149543,15283.142857142857,0.0,0.0,0.0,0.0,0.0,232385.00828773063,15102.873015873016,0.0,0.0,0.0,0.0,0.0,181701.23433495298,14647.825396825398,0.0,0.0,0.0,0.0,0.015873015873015872,177426.11075784604,15091.920634920634,0.0,0.0,0.0,0.0,0.0,171371.21003625865,15559.761904761905,0.0,0.0,0.0,0.0,0.0,174285.90831780396,15781.47619047619,0.0,0.0,0.0,0.0,0.0,150785.1283178721,15248.063492063493,0.0,0.0,0.0,0.0,0.0,154725.02093386077,15762.47619047619,0.0,0.0,0.0,0.0,0.0,18.716686047191242,,,,,,,0.0,0.0,0.0,0.0,0.0,0.0,
uniform_007,uniform,uniform,uniform,317,341828.17997387005,17296.301587301587,0.0,0.0,0.0,0.0,0.0,283666.79053489334,17388.285714285714,0.0,0.0,0.0,0.0,0.0,287348.88422685576,17437.714285714286,0.0,0.0,0.0,0.0,0.0,254340.34026997158,17572.15873015873,0.0,0.0,0.0,0.0,0.0,237159.4776359414,17935.174603174604,0.0,0.0,0.0,0.0,0.0,218847.61668437172,17825.84126984127,0.0,0.0,0.0,0.0,0.0,257131.07924893114,17781.539682539682,0.0,0.0,0.0,0.0,0.0,208153.64128485415,17950.88888888889,0.0,0.0,0.0,0.0,0.0,179195.05042228458,17354.761904761905,0.0,0.0,0.0,0.0,0.0,199856.9506475935,17945.26984126984,0.0,0.0,0.0,0.0,0.0,14.000248049436482,,,,,,,0.0,0.0,0.0,0.0,0.0,0.0,
uniform_008,uniform,uniform,uniform,288,237394.87163909318,14837.285714285714,0.0,0.0,0.015873015873015872,0.031746031746031744,0.031746031746031744,196125.0875644588,14653.031746031746,0.0,0.0,0.0,0.031746031746031744,0.031746031746031744,201949.67456435037,14886.777777777777,0.0,0.0,0.0,0.031746031746031744,0.031746031746031744,171456.23668300713,14397.682539682539,0.0,0.0,0.0,0.031746031746031744,0.031746031746031744,166346.02684070801,14533.238095238095,0.0,0.0,0.0,0.015873015873015872,0.031746031746031744,168588.86086792446,14287.253968253968,0.0,0.0,0.0,0.031746031746031744,0.031746031746031744,137974.122518178,13619.682539682539,0.0,0.0,0.0,0.015873015873015872,0.031746031746031744,146291.01564102076,14200.047619047618,0.0,0.0,0.0,0.015873015873015872,0.015873015873015872,125253.53449817281,14171.063492063493,0.0,0.0,0.0,0.031746031746031744,0.031746031746031744,113424.0681444894,13713.063492063493,0.0,0.0,0.0,0.031746031746031744,0.031746031746031744,15.48143161500293,32.28951185296143,,,,,,0.015873015873015872,0.0,-0.015873015873015872,0.031746031746031744,-0.4126984126984127,-1.9365079365079363,
uniform_009,uniform,uniform,uniform,358,233424.7605090963,16139.349206349207,0.0,0.0,0.0,0.0,0.0,236572.01329058883,15776.63492063492,0.0,0.0,0.0,0.0,0.0,184791.62667891025,14923.444444444445,0.0,0.0,0.0,0.0,0.0,193611.9372186703,15382.142857142857,0.0,0.0,0.0,0.0,0.0,199263.02255444648,15930.888888888889,0.0,0.0,0.0,0.0,0.0,183512.7970137473,15416.730158730159,0.0,0.0,0.0,0.0,0.0,178219.96228100624,16026.809523809523,0.0,0.0,0.0,0.0,0.015873015873015872,165769.43807119757,15975.555555555555,0.0,0.0,0.0,0.0,0.015873015873015872,158139.07695615652,15627.222222222223,0.0,0.0,0.0,0.0,0.0,172993.95051755605,15546.42857142857,0.0,0.0,0.0,0.015873015873015872,0.015873015873015872,10.577242848915926,7.2693536387904265,,,,112.0,40.0,0.0,0.0,0.0,0.0,0.0,0.0,
uniform_010,uniform,uniform,uniform,353,251704.71278393,16785.825396825396,0.0,0.0,0.0,0.0,0.0,204875.69946751266,16742.079365079364,0.0,0.0,0.0,0.0,0.0,209396.34591090961,16291.761904761905,0.0,0.0,0.0,0.0,0.0,201249.67639444157,15883.079365079366,0.0,0.0,0.0,0.0,0.0,178839.85717809587,16697.88888888889,0.0,0.0,0.0,0.0,0.0,165522.94081096927,16598.93650793651,0.0,0.0,0.0,0.0,0.0,163158.95011750777,16775.06349206349,0.0,0.0,0.0,0.0,0.0,174199.47841215302,16557.031746031746,0.0,0.0,0.0,0.0,0.0,141018.56472320153,16270.460317460318,0.0,0.0,0.0,0.0,0.0,117082.59684318955,15559.984126984127,0.0,0.0,0.0,0.0,0.0,22.017369945969765,13.163319998446426,,,,,,0.0,0.0,0.0,0.0,0.0,0.0,
uniform_011,uniform,uniform,uniform,508,383138.10615580704,17592.84126984127,0.0,0.0,0.0,0.0,0.0,390041.31036454724,17830.52380952381,0.0,0.0,0.0,0.0,0.0,356725.6301279601,17430.825396825396,0.0,0.0,0.0,0.0,0.0,363874.20348416147,17994.222222222223,0.0,0.0,0.0,0.0,0.0,342847.0411580134,17958.619047619046,0.0,0.0,0.0,0.0,0.0,319212.1191538795,18044.285714285714,0.0,0.0,0.0,0.0,0.0,307097.52124981105,17877.968253968254,0.0,0.0,0.0,0.0,0.0,245660.6397272975,17899.873015873014,0.0,0.0,0.0,0.0,0.0,279476.81129342696,17488.06349206349,0.0,0.0,0.0,0.0,0.0,262544.167282502,17345.698412698413,0.0,0.0,0.0,0.0,0.0,30.77164221159172,11.615265477939708,,,,,,0.0,0.0,0.0,0.0,0.0,0.0,
uniform_012,uniform,uniform,uniform,394,258153.46788176408,16092.174603174602,0.0,0.0,0.0,0.0,0.0,268870.2303111462,16088.444444444445,0.0,0.0,0.0,0.0,0.0,222901.24993981066,15679.650793650793,0.0,0.0,0.0,0.0,0.0,244445.10218512433,15852.095238095239,0.0,0.0,0.0,0.0,0.0,218739.08823795556,15548.111111111111,0.0,0.0,0.0,0.0,0.0,217872.79595373472,15904.857142857143,0.0,0.0,0.0,0.0,0.0,176373.1399065036,15571.126984126984,0.0,0.0,0.0,0.0,0.0,165358.81297037218,15834.349206349207,0.0,0.0,0.0,0.0,0.0,160828.72182562875,15340.015873015873,0.0,0.0,0.0,0.0,0.0,152590.91678332485,14921.238095238095,0.0,0.0,0.0,0.0,0.0,36.8195497743743,85.20951738753487,,,,,,0.0,0.0,0.0,0.0,0.0,0.0,
uniform_013,uniform,uniform,uniform,305,231235.1590399003,15604.666666666666,0.0,0.0,0.0,0.0,0.0,225794.58576099115,15640.507936507936,0.0,0.0,0.0,0.0,0.0,203558.82683774733,16151.0,0.0,0.0,0.0,0.0,0.0,182062.11055077467,15888.396825396825,0.0,0.0,0.0,0.0,0.0,193996.4692417857,16095.285714285714,0.0,0.0,0.0,0.0,0.0,186819.24524311748,15700.936507936507,0.0,0.0,0.0,0.0,0.0,182242.81734542616,15645.095238095239,0.0,0.0,0.0,0.0,0.0,172908.16130507336,15800.761904761905,0.0,0.0,0.0,0.0,0.0,156888.9722117441,15477.222222222223,0.0,0.0,0.0,0.0,0.0,163078.0381677072,15877.746031746032,0.0,0.0,0.0,0.0,0.0,13.191294176929423,,,,,,,0.0,0.0,0.0,0.0,0.0,0.0,
uniform_014,uniform,uniform,uniform,3014,232154.58192259597,15519.825396825398,0.0,0.0,0.0,0.015873015873015872,0.015873015873015872,221358.6869138342,15701.682539682539,0.0,0.0,0.0,0.015873015873015872,0.015873015873015872,216150.49036587754,15578.253968253968,0.0,0.0,0.0,0.015873015873015872,0.015873015873015872,215615.06708199196,15477.095238095239,0.0,0.0,0.0,0.015873015873015872,0.015873015873015872,182604.76919745994,14504.460317460318,0.0,0.0,0.0,0.0,0.015873015873015872,172308.82685832598,15038.174603174602,0.0,0.0,0.0,0.0,0.0,147237.4085706275,15458.380952380952,0.0,0.0,0.0,0.0,0.0,149518.9726963346,15819.777777777777,0.0,0.0,0.0,0.0,0.015873015873015872,147164.39225247607,15745.079365079366,0.0,0.0,0.0,0.0,0.0,142636.61990261282,16075.619047619048,0.0,0.0,0.0,0.0,0.0,22.838948565225923,,,,,,,0.0,0.0,0.0,0.0,0.0,0.0,
uniform_015,uniform,uniform,uniform,388,217548.82159570008,16333.063492063493,0.0,0.0,0.0,0.0,0.0,212535.66304618516,16802.825396825396,0.0,0.0,0.0,0.0,0.0,205792.36773796115,16940.603174603173,0.0,0.0,0.0,0.0,0.015873015873015872,203256.13718822759,17245.04761904762,0.0,0.0,0.0,0.0,0.0,193419.95712809294,17424.222222222223,0.0,0.0,0.0,0.0,0.0,212324.91872727245,17155.4126984127,0.0,0.0,0.0,0.0,0.0,164622.2493224823,17796.06349206349,0.0,0.0,0.0,0.0,0.015873015873015872,178308.38696898732,16381.666666666666,0.0,0.0,0.0,0.0,0.015873015873015872,160988.3532982132,16134.47619047619,0.0,0.0,0.0,0.0,0.015873015873015872,161228.09763710818,16389.74603174603,0.0,0.0,0.0,0.0,0.015873015873015872,39.69314066388581,,,,,,10.0,0.0,0.0,0.0,0.0,0.0,0.0,
uniform_016,uniform,uniform,uniform,1069,270945.40419953445,17721.555555555555,0.0,0.0,0.015873015873015872,0.015873015873015872,0.031746031746031744,220591.4132053359,17123.777777777777,0.0,0.0,0.015873015873015872,0.015873015873015872,0.015873015873015872,231005.8728325782,17747.460317460318,0.0,0.0,0.015873015873015872,0.015873015873015872,0.015873015873015872,210333.240753701,17340.93650793651,0.0,0.0,0.015873015873015872,0.015873015873015872,0.015873015873015872,193467.93429692253,16678.714285714286,0.0,0.0,0.015873015873015872,0.015873015873015872,0.015873015873015872,184425.34012565826,16813.15873015873,0.0,0.0,0.0,0.015873015873015872,0.015873015873015872,163726.45893805684,16888.380952380954,0.0,0.0,0.0,0.015873015873015872,0.015873015873015872,149890.26372180742,16533.0,0.0,0.0,0.0,0.015873015873015872,0.015873015873015872,171158.82784752536,17605.126984126986,0.0,0.0,0.015873015873015872,0.015873015873015872,0.015873015873015872,167297.63689245304,17402.190476190477,0.0,0.0,0.015873015873015872,0.015873015873015872,0.015873015873015872,14.299533458775688,5.0685077004779435,,,,,,0.015873015873015872,0.015873015873015872,0.0,1.1428571428571428,-0.06349206349206349,-0.8253968253968254,
uniform_017,uniform,uniform,uniform,425,251829.59728287402,15313.825396825398,0.0,0.0,0.0,0.0,0.0,237512.65624180727,15284.269841269841,0.0,0.0,0.0,0.0,0.0,224009.65765621467,15712.301587301587,0.0,0.0,0.0,0.0,0.0,233772.37736300813,15679.047619047618,0.0,0.0,0.0,0.0,0.0,214016.74183323118,15685.539682539682,0.0,0.0,0.0,0.0,0.0,212957.7794180854,15898.396825396825,0.0,0.0,0.0,0.0,0.0,198473.86310260833,15844.603174603175,0.0,0.0,0.0,0.0,0.0,192653.93849912233,16068.587301587302,0.0,0.0,0.0,0.0,0.0,178839.85717809587,15835.412698412698,0.0,0.0,0.0,0.0,0.0,182423.703501646,15956.142857142857,0.0,0.0,0.0,0.0,0.0,22.74064955112525,,,,,,,0.0,0.0,0.0,0.0,0.0,0.0,
uniform_018,uniform,uniform,uniform,257,222018.47386845804,15288.460317460318,0.0,0.0,0.0,0.0,0.0,202350.76613981463,15507.79365079365,0.0,0.0,0.0,0.0,0.0,180086.12293391518,15742.317460317461,0.0,0.0,0.0,0.0,0.0,173251.57362786165,14981.238095238095,0.0,0.0,0.0,0.0,0.0,155803.23972804277,15408.761904761905,0.0,0.0,0.0,0.0,0.0,150486.24808219358,15781.190476190477,0.0,0.0,0.0,0.0,0.0,155880.54225175033,15890.238095238095,0.0,0.0,0.0,0.0,0.0,142353.8913136036,15897.809523809523,0.0,0.0,0.0,0.0,0.0,131362.2805644386,15502.126984126984,0.0,0.0,0.0,0.0,0.0,137495.8764726429,16004.63492063492,0.0,0.0,0.0,0.0,0.0,12.192520529816559,,,,,,,0.0,0.0,0.0,0.0,0.0,0.0,
uniform_019,uniform,uniform,uniform,458,229407.22267556394,15591.317460317461,0.0,0.0,0.0,0.0,0.0,208774.0689671464,15624.888888888889,0.0,0.0,0.0,0.0,0.0,206713.13742561155,15630.47619047619,0.0,0.0,0.0,0.0,0.0,199164.20627948007,15517.20634920635,0.0,0.0,0.0,0.0,0.0,169343.1721889366,14692.888888888889,0.0,0.0,0.0,0.0,0.0,150560.91255502705,14627.349206349207,0.0,0.0,0.0,0.0,0.0,141509.0635851022,14598.650793650793,0.0,0.0,0.0,0.0,0.0,163970.28087208836,14880.873015873016,0.0,0.0,0.0,0.0,0.0,136003.58272488142,15112.984126984127,0.0,0.0,0.0,0.0,0.0,128335.19020805303,15101.111111111111,0.0,0.0,0.0,0.0,0.0,21.44394262816169,17.659477778633597,,,,,,0.0,0.0,0.0,0.0,0.0,0.0,
uniform_020,uniform,uniform,uniform,807,152818.1556345592,14233.174603174602,0.0,0.0,0.0,0.0,0.015873015873015872,161548.31222438035,14385.777777777777,0.0,0.0,0.0,0.0,0.0,136815.54200826975,14140.174603174602,0.0,0.0,0.0,0.0,0.0,139004.54435250466,14232.111111111111,0.0,0.0,0.0,0.0,0.0,150560.91255502705,14997.714285714286,0.0,0.0,0.0,0.0,0.015873015873015872,142849.03478505727,14411.587301587302,0.0,0.0,0.0,0.0,0.0,125564.56869289278,14183.857142857143,0.0,0.0,0.0,0.0,0.015873015873015872,118074.07495131093,14147.52380952381,0.0,0.0,0.0,0.0,0.0,112974.86450251563,14457.47619047619,0.0,0.0,0.0,0.0,0.0,111361.36291191725,14072.888888888889,0.0,0.0,0.0,0.0,0.0,41.95971800755502,11.79060298584631,,,,,,0.0,0.0,0.0,0.0,0.0,0.0,
uniform_021,uniform,uniform,uniform,368,273172.06295242975,17308.555555555555,0.0,0.0,0.0,0.0,0.0,256112.7396746873,17636.365079365078,0.0,0.0,0.0,0.0,0.0,237277.1454467933,17507.984126984127,0.0,0.0,0.0,0.0,0.0,215936.16168700112,17028.603174603173,0.0,0.0,0.0,0.0,0.0,204064.3116213683,16986.444444444445,0.0,0.0,0.0,0.0,0.0,198473.86310260833,17106.761904761905,0.0,0.0,0.0,0.0,0.0,166016.30241588593,16332.349206349207,0.0,0.0,0.0,0.0,0.0,175326.41812193664,16874.968253968254,0.0,0.0,0.0,0.0,0.0,189808.28990706845,16873.396825396827,0.0,0.0,0.0,0.0,0.0,163888.9665762734,16924.349206349205,0.0,0.0,0.0,0.0,0.0,15.513733179959884,15.266977914638574,,,,,,0.0,0.0,0.0,0.0,0.0,0.0,
uniform_022,uniform,uniform,uniform,240,221358.6869138342,15345.920634920634,0.0,0.0,0.0,0.0,0.0,189244.2240823734,14994.412698412698,0.0,0.0,0.0,0.0,0.0,191890.9536033227,15510.968253968254,0.0,0.0,0.0,0.0,0.0,180802.17019493235,15197.714285714286,0.0,0.0,0.0,0.0,0.0,160509.93358159327,15484.0,0.0,0.0,0.0,0.0,0.0,141228.56999301666,14680.84126984127,0.0,0.0,0.0,0.0,0.0,140390.4207096658,14649.095238095239,0.0,0.0,0.0,0.0,0.0,139557.2455913951,14657.746031746032,0.0,0.0,0.0,0.0,0.0,130582.68475517804,14485.936507936507,0.0,0.0,0.0,0.0,0.0,134460.77203856024,14453.698412698413,0.0,0.0,0.0,0.0,0.0,17.140314209359765,29.818929227850365,,,,,,0.0,0.0,0.0,0.0,0.0,0.0,
uniform_023,uniform,uniform,uniform,597,258281.5519614402,16088.111111111111,0.0,0.015873015873015872,0.015873015873015872,0.015873015873015872,0.015873015873015872,232962.07530789336,15573.396825396825,0.0,0.0,0.0,0.015873015873015872,0.015873015873015872,200850.7673549228,16308.333333333334,0.0,0.0,0.015873015873015872,0.031746031746031744,0.031746031746031744,181881.58293984146,15688.063492063493,0.0,0.0,0.015873015873015872,0.015873015873015872,0.031746031746031744,174892.1195627064,15537.269841269841,0.0,0.0,0.0,0.015873015873015872,0.031746031746031744,187469.05065953734,15478.126984126984,0.0,0.0,0.0,0.0,0.031746031746031744,182514.2138959701,16065.317460317461,0.0,0.0,0.015873015873015872,0.015873015873015872,0.031746031746031744,190468.4919901167,16496.126984126986,0.0,0.0,0.0,0.015873015873015872,0.031746031746031744,158374.57814417186,16023.031746031746,0.0,0.015873015873015872,0.015873015873015872,0.015873015873015872,0.031746031746031744,160828.72182562875,15874.174603174602,0.0,0.015873015873015872,0.015873015873015872,0.015873015873015872,0.015873015873015872,10.915725320019995,4.831282573164341,,,,,,0.015873015873015872,0.015873015873015872,0.0,1.2063492063492063,-0.25396825396825395,-0.7619047619047619,
uniform_024,uniform,uniform,uniform,272,236337.43521037317,16247.42857142857,0.0,0.0,0.0,0.0,0.0,223565.63469439175,16252.36507936508,0.0,0.0,0.0,0.0,0.0,222349.10444607175,16201.920634920634,0.0,0.0,0.0,0.0,0.0,220700.8606916575,16479.333333333332,0.0,0.0,0.0,0.0,0.0,176110.8750628106,16039.619047619048,0.0,0.0,0.0,0.0,0.0,175239.47221837673,16139.746031746032,0.0,0.0,0.0,0.0,0.0,167671.48620497147,16163.714285714286,0.0,0.0,0.0,0.0,0.0,156577.99318143047,16033.79365079365,0.0,0.0,0.0,0.0,0.0,140878.73472502292,15917.380952380952,0.0,0.0,0.0,0.0,0.0,131623.1787519788,15566.619047619048,0.0,0.0,0.0,0.0,0.0,22.588125686539925,96.9448818897638,,,,,,0.0,0.0,0.0,0.0,0.0,0.0,
uniform_025,uniform,uniform,uniform,328,268870.2303111462,16646.85714285714,0.0,0.0,0.0,0.0,0.0,226243.0356350974,16250.730158730159,0.0,0.0,0.0,0.0,0.0,242994.39368311784,16588.984126984127,0.0,0.0,0.0,0.0,0.0,236572.01329058883,16732.4126984127,0.0,0.0,0.0,0.0,0.0,204672.55055063337,16442.698412698413,0.0,0.0,0.0,0.0,0.0,174632.05697934158,15902.412698412698,0.0,0.0,0.0,0.0,0.0,171456.23668300713,15936.587301587302,0.0,0.0,0.0,0.0,0.0,161949.47494926758,15617.063492063493,0.0,0.0,0.0,0.0,0.0,150486.24808219358,15404.444444444445,0.0,0.0,0.0,0.0,0.0,158296.03880626053,15248.095238095239,0.0,0.0,0.0,0.0,0.0,21.765333145398948,31.332745754744685,,,,,,0.0,0.0,0.0,0.0,0.0,0.0,
uniform_026,uniform,uniform,uniform,392,304216.8449143251,17445.460317460318,0.0,0.0,0.0,0.0,0.0,275758.7714480904,17428.444444444445,0.0,0.0,0.0,0.0,0.0,254466.53244811777,17385.777777777777,0.0,0.0,0.0,0.0,0.0,222018.47386845804,17218.174603174604,0.0,0.0,0.0,0.0,0.0,220919.91859992713,17363.714285714286,0.0,0.0,0.0,0.0,0.0,232039.45443578038,17021.79365079365,0.0,0.0,0.0,0.0,0.0,211274.32751274836,16805.5873015873,0.0,0.0,0.0,0.0,0.0,205384.45435779876,16709.634920634922,0.0,0.0,0.0,0.0,0.0,213804.52891871543,17294.4126984127,0.0,0.0,0.0,0.0,0.0,267805.39911041566,17028.222222222223,0.0,0.0,0.0,0.0,0.0,6.5589536724691735,15.55450326735483,,,,,,0.0,0.0,0.0,0.0,0.0,0.0,
uniform_027,uniform,uniform,uniform,1228,208981.28886971297,15755.460317460318,0.0,0.0,0.0,0.0,0.0,183694.94369558876,15343.920634920634,0.0,0.0,0.0,0.0,0.0,175674.63333652777,15331.63492063492,0.0,0.0,0.0,0.0,0.0,151384.67078330574,15045.952380952382,0.0,0.0,0.0,0.0,0.0,166841.84175537483,15531.269841269841,0.0,0.0,0.0,0.0,0.0,128271.54766524257,14649.015873015873,0.0,0.0,0.0,0.0,0.0,156422.73489650644,15603.539682539682,0.0,0.0,0.0,0.0,0.0,147237.4085706275,15277.888888888889,0.0,0.0,0.0,0.0,0.0,154955.43789940103,15455.698412698413,0.0,0.0,0.0,0.0,0.0,130453.20267877684,15127.79365079365,0.0,0.0,0.0,0.0,0.0,12.981045162046598,7.050333629035365,,,,,,0.0,0.0,0.0,0.0,0.0,0.0,
uniform_028,uniform,uniform,uniform,348,301363.1902757778,17265.873015873014,0.0,0.0,0.0,0.0,0.0,271820.39791418816,17071.031746031746,0.0,0.0,0.0,0.0,0.0,205894.47260698487,16606.031746031746,0.0,0.0,0.0,0.0,0.0,208981.28886971297,16329.333333333334,0.0,0.0,0.0,0.0,0.0,223122.4918570804,17175.15873015873,0.0,0.0,0.0,0.0,0.0,229179.7489979538,17795.88888888889,0.0,0.0,0.0,0.0,0.0,205894.47260698487,17519.85714285714,0.0,0.0,0.0,0.0,0.0,204064.3116213683,17239.25396825397,0.0,0.0,0.0,0.0,0.0,201849.52595516387,17475.904761904763,0.0,0.0,0.0,0.0,0.0,214229.1653808954,17526.95238095238,0.0,0.0,0.0,0.0,0.0,8.85090774353192,,,,,,,0.0,0.0,0.0,0.0,0.0,0.0,
uniform_029,uniform,uniform,uniform,288,351282.22461397777,15677.079365079366,0.0,0.0,0.0,0.0,0.0,311856.24863016314,15651.984126984127,0.0,0.0,0.0,0.0,0.0,266877.13176027813,15706.84126984127,0.0,0.0,0.0,0.0,0.0,258409.699590646,15394.920634920634,0.0,0.0,0.0,0.0,0.0,245052.11727508527,16407.492063492064,0.0,0.0,0.0,0.0,0.0,220482.01999497964,16180.222222222223,0.0,0.0,0.0,0.0,0.0,183877.27116816695,16246.873015873016,0.0,0.0,0.0,0.0,0.0,181341.07343349708,16235.079365079366,0.0,0.0,0.0,0.0,0.0,193324.0384803552,16025.936507936507,0.0,0.0,0.0,0.0,0.0,170438.69524709936,15831.730158730159,0.0,0.0,0.0,0.0,0.0,14.842265144475776,,,,,,,0.0,0.0,0.0,0.0,0.0,0.0,
