doc_id,dataset,group,n_tokens,n_sentences,tokens_per_sentence,ttr,mtld,n_turns_total,adult_turn_frac,adult_token_frac,canonical_sim,group_canonical_mean
ECSC_4051_1_120M_4051_YR1,ecsc,10+yr,511,145,3.524137931034483,0.4090019569471624,51.664138176638176,,,,0.0769068478788026,0.08778258866234087
ECSC_4040_1_122F_4040_YR1,ecsc,10+yr,455,121,3.760330578512397,0.34285714285714286,36.45833333333333,,,,0.09462998135034821,0.08778258866234087
ECSC_4041_1_122F_4041_YR1,ecsc,10+yr,356,102,3.4901960784313726,0.3707865168539326,32.99702473766278,,,,0.07361970156948884,0.08778258866234087
ECSC_4058_1_122M_4058_YR1,ecsc,10+yr,211,45,4.688888888888889,0.41706161137440756,28.897970421648836,,,,0.09368541296074077,0.08778258866234087
ECSC_4061_1_122M_4061_YR1,ecsc,10+yr,395,75,5.266666666666667,0.3367088607594937,33.36457730167921,,,,0.09392366259776551,0.08778258866234087
ECSC_4077_1_123F_4077_YR1,ecsc,10+yr,226,38,5.947368421052632,0.4026548672566372,34.976190476190474,,,,0.0517189070785819,0.08778258866234087
ECSC_4052_1_124M_4052_YR1,ecsc,10+yr,239,70,3.414285714285714,0.42677824267782427,24.163683922251867,,,,0.04314232446009993,0.08778258866234087
ECSC_4065_1_125F_4065_YR1,ecsc,10+yr,295,53,5.566037735849057,0.4033898305084746,30.741387402609597,,,,0.09665125974222465,0.08778258866234087
ECSC_4043_1_126F_4043_YR1,ecsc,10+yr,350,72,4.861111111111111,0.32571428571428573,30.657357964909952,,,,0.13509475568512402,0.08778258866234087
ECSC_4067_1_128F_4067_YR1,ecsc,10+yr,280,43,6.511627906976744,0.4357142857142857,33.138297872340424,,,,0.1212633971021185,0.08778258866234087
ECSC_4073_1_129F_4073_YR1,ecsc,10+yr,371,55,6.745454545454545,0.3692722371967655,30.186121613106494,,,,0.10456663729532786,0.08778258866234087
ECSC_4053_1_129M_4053_YR1,ecsc,10+yr,396,98,4.040816326530612,0.3787878787878788,37.238423528790825,,,,0.13443831728809222,0.08778258866234087
ECSC_1059_1_132F_1059_YR1,ecsc,10+yr,213,32,6.65625,0.3615023474178404,20.331818181818182,,,,0.07922605996640876,0.08778258866234087
ECSC_4046_1_132F_4046_YR1,ecsc,10+yr,406,89,4.561797752808989,0.3866995073891626,24.207444730880397,,,,0.0497609593816354,0.08778258866234087
ECSC_4063_1_132F_4063_YR1,ecsc,10+yr,332,77,4.311688311688312,0.30120481927710846,27.49188653536479,,,,0.13021494845233794,0.08778258866234087
ECSC_4087_1_132M_4087_YR1,ecsc,10+yr,278,58,4.793103448275862,0.3489208633093525,24.21969696969697,,,,0.08900460551778859,0.08778258866234087
ECSC_4032_1_134M_4032_YR1,ecsc,10+yr,278,64,4.34375,0.4676258992805755,44.96737421383648,,,,0.12130896066879673,0.08778258866234087
ECSC_4072_1_135F_4072_YR1,ecsc,10+yr,356,87,4.091954022988506,0.4606741573033708,57.79417475728155,,,,0.05302492298214312,0.08778258866234087
ECSC_2025_1_135M_2025_YR1,ecsc,10+yr,570,152,3.75,0.3631578947368421,37.26830600105832,,,,0.042907957357309456,0.08778258866234087
ECSC_4038_1_135M_4038_YR1,ecsc,10+yr,129,34,3.7941176470588234,0.4728682170542636,20.107512953367877,,,,0.061154609076011786,0.08778258866234087
ECSC_4028_1_136F_4028_YR1,ecsc,10+yr,515,150,3.433333333333333,0.36699029126213595,30.48023462693206,,,,0.10327737813184833,0.08778258866234087
ECSC_4078_1_136F_4078_YR1,ecsc,10+yr,252,54,4.666666666666667,0.3968253968253968,36.01542894660052,,,,0.0894145642366732,0.08778258866234087
ECSC_4064_1_138F_4064_YR1,ecsc,10+yr,382,62,6.161290322580645,0.3717277486910995,35.44406340989971,,,,0.07098962818658133,0.08778258866234087
ECSC_4088_1_138F_4088_YR1,ecsc,10+yr,269,52,5.173076923076923,0.44981412639405205,31.016326593749703,,,,0.09685632892993148,0.08778258866234087
ECSC_4035_1_59F_4035_YR1,ecsc,4-6yr,137,45,3.0444444444444443,0.5547445255474452,36.4516973636692,,,,0.02766297891841636,0.07551843430128889
ECSC_4004_1_61F_4004_YR1,ecsc,4-6yr,133,30,4.433333333333334,0.46616541353383456,23.405392156862746,,,,0.06210654661623058,0.07551843430128889
ECSC_3007_1_61M_3007_YR1,ecsc,4-6yr,85,25,3.4,0.5176470588235295,22.901097271648872,,,,0.03489176580221336,0.07551843430128889
ECSC_1013_1_62F_1013_YR1,ecsc,4-6yr,125,55,2.272727272727273,0.536,16.74107142857143,,,,0.04255299325182515,0.07551843430128889
ECSC_1013_2_62F_1013_YR2,ecsc,4-6yr,245,64,3.828125,0.39183673469387753,25.286317567567565,,,,0.09553393344806677,0.07551843430128889
ECSC_1013_3_62F_1013_YR3,ecsc,4-6yr,132,35,3.7714285714285714,0.4696969696969697,29.826923076923077,,,,0.0614293228553202,0.07551843430128889
ECSC_3004_1_62F_3004_YR1,ecsc,4-6yr,304,89,3.4157303370786516,0.3355263157894737,20.547247513855034,,,,0.08279953231715552,0.07551843430128889
ECSC_1037_1_63M_1037_YR1,ecsc,4-6yr,172,51,3.372549019607843,0.4069767441860465,31.660740740740742,,,,0.09276752090105433,0.07551843430128889
ECSC_1037_2_63M_1037_YR2,ecsc,4-6yr,247,65,3.8,0.43724696356275305,36.69369637003368,,,,0.0808705523250588,0.07551843430128889
ECSC_1037_3_63M_1037_YR3,ecsc,4-6yr,231,72,3.2083333333333335,0.4329004329004329,38.787017994858616,,,,0.09225408032783207,0.07551843430128889
ECSC_2017_1_63M_2017_YR1,ecsc,4-6yr,204,42,4.857142857142857,0.3872549019607843,19.250019849146486,,,,0.06531940166590697,0.07551843430128889
ECSC_4071_1_63M_4071_YR1,ecsc,4-6yr,183,44,4.159090909090909,0.4207650273224044,20.333333333333332,,,,0.06167367650480146,0.07551843430128889
ECSC_1017_1_64F_1017_YR1,ecsc,4-6yr,261,85,3.070588235294118,0.3946360153256705,27.31762439986602,,,,0.08030719109071226,0.07551843430128889
ECSC_1017_2_64F_1017_YR2,ecsc,4-6yr,134,30,4.466666666666667,0.47761194029850745,20.738095238095237,,,,0.06161419156248644,0.07551843430128889
ECSC_1017_3_64F_1017_YR3,ecsc,4-6yr,301,64,4.703125,0.3122923588039867,18.875912921348316,,,,0.10198420005913789,0.07551843430128889
ECSC_4050_1_64F_4050_YR1,ecsc,4-6yr,239,70,3.414285714285714,0.42677824267782427,32.40442246144894,,,,0.0805575200012668,0.07551843430128889
ECSC_1032_1_64M_1032_YR1,ecsc,4-6yr,147,46,3.1956521739130435,0.42857142857142855,17.33716561525238,,,,0.06570143686897402,0.07551843430128889
ECSC_1032_2_64M_1032_YR2,ecsc,4-6yr,137,18,7.611111111111111,0.5036496350364964,25.116666666666667,,,,0.07716085665256212,0.07551843430128889
ECSC_1032_3_64M_1032_YR3,ecsc,4-6yr,330,78,4.230769230769231,0.3303030303030303,27.223222882929583,,,,0.08212594218036945,0.07551843430128889
ECSC_1055_1_64M_1055_YR1,ecsc,4-6yr,218,72,3.0277777777777777,0.3348623853211009,17.851825490533287,,,,0.08988747172133893,0.07551843430128889
ECSC_1055_2_64M_1055_YR2,ecsc,4-6yr,159,52,3.0576923076923075,0.5094339622641509,31.8,,,,0.0524002826075145,0.07551843430128889
ECSC_1055_3_64M_1055_YR3,ecsc,4-6yr,232,80,2.9,0.45689655172413796,33.761621053710535,,,,0.0866029521805866,0.07551843430128889
ECSC_2005_1_64M_2005_YR1,ecsc,4-6yr,70,25,2.8,0.6571428571428571,63.92361111111111,,,,0.05795383983373733,0.07551843430128889
ECSC_4001_1_64M_4001_YR1,ecsc,4-6yr,98,25,3.92,0.37755102040816324,16.333333333333332,,,,0.060455525255447486,0.07551843430128889
ECSC_4002_1_64M_4002_YR1,ecsc,4-6yr,232,52,4.461538461538462,0.3879310344827586,19.679281940102324,,,,0.06460046086062009,0.07551843430128889
ECSC_4012_1_65F_4012_YR1,ecsc,4-6yr,221,61,3.622950819672131,0.3755656108597285,23.456833073621826,,,,0.05217144807008919,0.07551843430128889
ECSC_1020_1_65M_1020_YR1,ecsc,4-6yr,170,42,4.0476190476190474,0.4647058823529412,36.71506352087114,,,,0.08172803984635546,0.07551843430128889
ECSC_1020_2_65M_1020_YR2,ecsc,4-6yr,324,83,3.9036144578313254,0.38271604938271603,36.29032258064516,,,,0.09801311199118465,0.07551843430128889
ECSC_1020_3_65M_1020_YR3,ecsc,4-6yr,234,64,3.65625,0.47863247863247865,34.27822534891638,,,,0.06785072567627717,0.07551843430128889
ECSC_1053_1_65M_1053_YR1,ecsc,4-6yr,218,57,3.824561403508772,0.3440366972477064,18.185506014182963,,,,0.06346765862288255,0.07551843430128889
ECSC_1053_2_65M_1053_YR2,ecsc,4-6yr,292,76,3.8421052631578947,0.3493150684931507,25.368794326241137,,,,0.07515390649604933,0.07551843430128889
ECSC_1053_3_65M_1053_YR3,ecsc,4-6yr,218,47,4.638297872340425,0.4036697247706422,19.370973782771536,,,,0.06730895862624703,0.07551843430128889
ECSC_1097_1_65M_1097_YR1,ecsc,4-6yr,89,54,1.6481481481481481,0.5393258426966292,7.889346475830408,,,,0.011595689207268082,0.07551843430128889
ECSC_1097_2_65M_1097_YR2,ecsc,4-6yr,144,41,3.5121951219512195,0.5486111111111112,30.175947281713345,,,,0.05682903604641841,0.07551843430128889
ECSC_1097_3_65M_1097_YR3,ecsc,4-6yr,289,61,4.737704918032787,0.3944636678200692,28.16525423728813,,,,0.08761643069644252,0.07551843430128889
ECSC_2003_1_65M_2003_YR1,ecsc,4-6yr,115,29,3.9655172413793105,0.43478260869565216,19.593696027633854,,,,0.06167726746592467,0.07551843430128889
ECSC_2003_2_65M_2003_YR2,ecsc,4-6yr,276,45,6.133333333333334,0.3079710144927536,18.14931880108992,,,,0.07251951943906508,0.07551843430128889
ECSC_4005_1_65M_4005_YR1,ecsc,4-6yr,262,68,3.8529411764705883,0.3702290076335878,23.869515466649005,,,,0.08465223897638206,0.07551843430128889
ECSC_2008_1_66F_2008_YR1,ecsc,4-6yr,370,89,4.157303370786517,0.26756756756756755,22.397256083333765,,,,0.057982826481945415,0.07551843430128889
ECSC_2008_2_66F_2008_YR2,ecsc,4-6yr,291,60,4.85,0.3333333333333333,20.50939571407427,,,,0.09506581597514807,0.07551843430128889
ECSC_4076_1_66F_4076_YR1,ecsc,4-6yr,220,61,3.6065573770491803,0.4409090909090909,25.434684743180185,,,,0.06750753034135075,0.07551843430128889
ECSC_1036_1_66M_1036_YR1,ecsc,4-6yr,297,68,4.367647058823529,0.37373737373737376,29.86083032490975,,,,0.0830423959684799,0.07551843430128889
ECSC_1036_2_66M_1036_YR2,ecsc,4-6yr,305,52,5.865384615384615,0.3442622950819672,20.333333333333332,,,,0.09176099463125266,0.07551843430128889
ECSC_1036_3_66M_1036_YR3,ecsc,4-6yr,331,63,5.253968253968254,0.283987915407855,22.528923190003674,,,,0.08746380969014259,0.07551843430128889
ECSC_2001_1_66M_2001_YR1,ecsc,4-6yr,224,57,3.9298245614035086,0.33035714285714285,14.558123953098828,,,,0.04194772042576856,0.07551843430128889
ECSC_2001_2_66M_2001_YR2,ecsc,4-6yr,325,64,5.078125,0.3415384615384615,24.055891238670696,,,,0.0947621532475634,0.07551843430128889
ECSC_2011_1_66M_2011_YR1,ecsc,4-6yr,266,46,5.782608695652174,0.35714285714285715,26.063709677419354,,,,0.08316795571604454,0.07551843430128889
ECSC_2016_1_66M_2016_YR1,ecsc,4-6yr,157,39,4.0256410256410255,0.4394904458598726,19.366170347437812,,,,0.060085907977745025,0.07551843430128889
ECSC_2022_1_66M_2022_YR1,ecsc,4-6yr,193,53,3.641509433962264,0.41968911917098445,25.708321528134846,,,,0.046822438612783006,0.07551843430128889
ECSC_1057_1_67F_1057_YR1,ecsc,4-6yr,355,131,2.7099236641221376,0.29014084507042254,17.209264952487423,,,,0.08298872823356117,0.07551843430128889
ECSC_1057_2_67F_1057_YR2,ecsc,4-6yr,244,61,4.0,0.35655737704918034,24.585359116022097,,,,0.08475839463198491,0.07551843430128889
ECSC_1057_3_67F_1057_YR3,ecsc,4-6yr,377,92,4.0978260869565215,0.3209549071618037,21.022884241245137,,,,0.08843686851200527,0.07551843430128889
ECSC_2013_1_67F_2013_YR1,ecsc,4-6yr,220,57,3.8596491228070176,0.43636363636363634,33.904522949284086,,,,0.06475081744190696,0.07551843430128889
ECSC_1028_1_67M_1028_YR1,ecsc,4-6yr,320,102,3.1372549019607843,0.33125,20.224066390041493,,,,0.06439166024453438,0.07551843430128889
ECSC_1028_2_67M_1028_YR2,ecsc,4-6yr,171,56,3.0535714285714284,0.45614035087719296,23.941731770833336,,,,0.07614075125673692,0.07551843430128889
ECSC_1028_3_67M_1028_YR3,ecsc,4-6yr,195,49,3.979591836734694,0.4256410256410256,20.870098039215687,,,,0.07377224743671168,0.07551843430128889
ECSC_4034_1_67M_4034_YR1,ecsc,4-6yr,161,54,2.9814814814814814,0.453416149068323,8.612597066436583,,,,0.029794368187781764,0.07551843430128889
ECSC_2014_1_68F_2014_YR1,ecsc,4-6yr,300,72,4.166666666666667,0.31,17.488797413478757,,,,0.07649299690827609,0.07551843430128889
ECSC_2014_2_68F_2014_YR2,ecsc,4-6yr,249,49,5.081632653061225,0.40562248995983935,21.928025936599425,,,,0.09728546260986552,0.07551843430128889
ECSC_2019_1_68F_2019_YR1,ecsc,4-6yr,491,135,3.637037037037037,0.2729124236252546,20.90307971014493,,,,0.06679182828886837,0.07551843430128889
ECSC_4055_1_68F_4055_YR1,ecsc,4-6yr,257,65,3.953846153846154,0.38910505836575876,17.08739357611353,,,,0.09678533290962361,0.07551843430128889
ECSC_1061_1_68M_1061_YR1,ecsc,4-6yr,80,20,4.0,0.4625,18.484848484848484,,,,0.052132036072850045,0.07551843430128889
ECSC_1061_2_68M_1061_YR2,ecsc,4-6yr,296,55,5.381818181818182,0.2635135135135135,11.536410256410257,,,,0.09041519965961539,0.07551843430128889
ECSC_1061_3_68M_1061_YR3,ecsc,4-6yr,163,29,5.620689655172414,0.3987730061349693,22.570121448936597,,,,0.09250431990747598,0.07551843430128889
ECSC_2009_1_68M_2009_YR1,ecsc,4-6yr,234,47,4.9787234042553195,0.4230769230769231,36.64462637607028,,,,0.06892426116318884,0.07551843430128889
ECSC_2009_2_68M_2009_YR2,ecsc,4-6yr,301,67,4.492537313432836,0.37209302325581395,29.343718592964827,,,,0.09774500920077318,0.07551843430128889
ECSC_2006_1_69F_2006_YR1,ecsc,4-6yr,186,61,3.0491803278688523,0.4032258064516129,23.34284763465083,,,,0.06477527912779348,0.07551843430128889
ECSC_2015_1_69F_2015_YR1,ecsc,4-6yr,321,145,2.213793103448276,0.46417445482866043,67.0560928433269,,,,0.06442507818609738,0.07551843430128889
ECSC_3001_1_69M_3001_YR1,ecsc,4-6yr,264,57,4.631578947368421,0.32575757575757575,28.158904109589038,,,,0.0728538387281469,0.07551843430128889
ECSC_2010_1_70F_2010_YR1,ecsc,4-6yr,189,51,3.7058823529411766,0.43915343915343913,21.281140861466824,,,,0.07702743363456512,0.07551843430128889
ECSC_2010_2_70F_2010_YR2,ecsc,4-6yr,259,70,3.7,0.30115830115830117,16.334659090909092,,,,0.08810910880199746,0.07551843430128889
ECSC_1073_1_70M_1073_YR1,ecsc,4-6yr,695,136,5.110294117647059,0.2316546762589928,16.171536796536795,,,,0.12241610306640312,0.07551843430128889
ECSC_1073_2_70M_1073_YR2,ecsc,4-6yr,365,49,7.448979591836735,0.3726027397260274,25.424635532493205,,,,0.08903229220261537,0.07551843430128889
ECSC_1073_3_70M_1073_YR3,ecsc,4-6yr,328,61,5.377049180327869,0.35365853658536583,27.75155279503106,,,,0.11136884506218633,0.07551843430128889
ECSC_1047_1_71F_1047_YR1,ecsc,4-6yr,162,37,4.378378378378378,0.37037037037037035,18.423822714681442,,,,0.06622093197418193,0.07551843430128889
ECSC_1047_2_71F_1047_YR2,ecsc,4-6yr,248,79,3.1392405063291138,0.3185483870967742,18.51636468843803,,,,0.10261765259659683,0.07551843430128889
ECSC_1047_3_71F_1047_YR3,ecsc,4-6yr,407,129,3.1550387596899223,0.29484029484029484,22.417655204431213,,,,0.1119143224047782,0.07551843430128889
ECSC_2021_1_71F_2021_YR1,ecsc,4-6yr,132,35,3.7714285714285714,0.5227272727272727,23.255532786885247,,,,0.0632730389675171,0.07551843430128889
ECSC_2030_1_71F_2030_YR1,ecsc,4-6yr,208,38,5.473684210526316,0.3942307692307692,22.861854088773846,,,,0.08191655795583486,0.07551843430128889
ECSC_4084_1_71F_4084_YR1,ecsc,4-6yr,376,107,3.514018691588785,0.2978723404255319,20.067844810075158,,,,0.09308089917032673,0.07551843430128889
ECSC_1011_1_71M_1011_YR1,ecsc,4-6yr,136,52,2.6153846153846154,0.4411764705882353,28.269254399283327,,,,0.07529335419887086,0.07551843430128889
ECSC_1011_2_71M_1011_YR2,ecsc,4-6yr,185,61,3.0327868852459017,0.4,23.267950294144683,,,,0.0763394846752346,0.07551843430128889
ECSC_1011_3_71M_1011_YR3,ecsc,4-6yr,272,77,3.5324675324675323,0.375,30.598655595096876,,,,0.1045244272451985,0.07551843430128889
ECSC_1083_1_71M_1083_YR1,ecsc,4-6yr,257,69,3.7246376811594204,0.43190661478599224,38.21547821165818,,,,0.05635274805830796,0.07551843430128889
ECSC_1083_2_71M_1083_YR2,ecsc,4-6yr,199,38,5.2368421052631575,0.3417085427135678,19.42192192192192,,,,0.10379766698513142,0.07551843430128889
ECSC_1083_3_71M_1083_YR3,ecsc,4-6yr,447,103,4.339805825242719,0.3422818791946309,30.246028452874924,,,,0.11372824816585426,0.07551843430128889
ECSC_1045_1_72F_1045_YR1,ecsc,6-8yr,240,49,4.8979591836734695,0.35833333333333334,22.700842696629216,,,,0.07755406686718629,0.07367355247314691
ECSC_1045_2_72F_1045_YR2,ecsc,6-8yr,334,56,5.964285714285714,0.3592814371257485,24.607529739538464,,,,0.08455419389889844,0.07367355247314691
ECSC_1045_3_72F_1045_YR3,ecsc,6-8yr,375,90,4.166666666666667,0.33866666666666667,21.69552364864865,,,,0.09014404512602672,0.07367355247314691
ECSC_2028_1_72F_2028_YR1,ecsc,6-8yr,252,89,2.831460674157303,0.5079365079365079,36.27979274611399,,,,0.07245291536151469,0.07367355247314691
ECSC_4008_1_72F_4008_YR1,ecsc,6-8yr,252,48,5.25,0.44047619047619047,44.474513743037164,,,,0.05920954675302973,0.07367355247314691
ECSC_2007_1_72M_2007_YR1,ecsc,6-8yr,377,86,4.383720930232558,0.3448275862068966,22.869485294117645,,,,0.08300749973732278,0.07367355247314691
ECSC_2007_2_72M_2007_YR2,ecsc,6-8yr,501,139,3.6043165467625897,0.2934131736526946,18.24153000483602,,,,0.07218349878589365,0.07367355247314691
ECSC_3002_1_73F_3002_YR1,ecsc,6-8yr,149,32,4.65625,0.47651006711409394,30.472833211944646,,,,0.06413221240926092,0.07367355247314691
ECSC_2004_1_73M_2004_YR1,ecsc,6-8yr,239,62,3.8548387096774195,0.49372384937238495,37.805159538357096,,,,0.07212855659418897,0.07367355247314691
ECSC_2004_2_73M_2004_YR2,ecsc,6-8yr,215,38,5.657894736842105,0.5023255813953489,45.571627260083446,,,,0.07239493415548817,0.07367355247314691
ECSC_4010_1_73M_4010_YR1,ecsc,6-8yr,262,85,3.0823529411764707,0.32061068702290074,20.34597257926307,,,,0.06709190362728357,0.07367355247314691
ECSC_1092_1_74F_1092_YR1,ecsc,6-8yr,416,81,5.135802469135802,0.34375,28.866265495194703,,,,0.06482863719373283,0.07367355247314691
ECSC_1092_2_74F_1092_YR2,ecsc,6-8yr,450,118,3.8135593220338984,0.38666666666666666,34.4963686272586,,,,0.08392872263135216,0.07367355247314691
ECSC_1092_3_74F_1092_YR3,ecsc,6-8yr,409,97,4.216494845360825,0.41075794621026895,60.66506167468303,,,,0.039923424960022574,0.07367355247314691
ECSC_2018_1_74F_2018_YR1,ecsc,6-8yr,99,30,3.3,0.42424242424242425,18.270505617977527,,,,0.0515888708091727,0.07367355247314691
ECSC_2018_2_74F_2018_YR2,ecsc,6-8yr,181,40,4.525,0.5359116022099447,47.138343839434356,,,,0.0549324518582645,0.07367355247314691
ECSC_2029_1_74F_2029_YR1,ecsc,6-8yr,324,77,4.207792207792208,0.4506172839506173,44.519117290437315,,,,0.06940157781662873,0.07367355247314691
ECSC_2029_2_74F_2029_YR2,ecsc,6-8yr,330,68,4.852941176470588,0.41818181818181815,28.39850612227017,,,,0.07548138426840732,0.07367355247314691
ECSC_1072_1_74M_1072_YR1,ecsc,6-8yr,270,70,3.857142857142857,0.3851851851851852,25.918936659008864,,,,0.07812102277655857,0.07367355247314691
ECSC_1072_2_74M_1072_YR2,ecsc,6-8yr,246,53,4.6415094339622645,0.3780487804878049,22.968655346489214,,,,0.08126290851990525,0.07367355247314691
ECSC_1072_3_74M_1072_YR3,ecsc,6-8yr,189,38,4.973684210526316,0.43386243386243384,34.65,,,,0.07214443459665996,0.07367355247314691
ECSC_1025_1_75F_1025_YR1,ecsc,6-8yr,156,66,2.3636363636363638,0.44871794871794873,27.217021276595744,,,,0.0542475979571582,0.07367355247314691
ECSC_1025_2_75F_1025_YR2,ecsc,6-8yr,386,103,3.7475728155339807,0.29533678756476683,20.790093800789613,,,,0.08596614231956108,0.07367355247314691
ECSC_1025_3_75F_1025_YR3,ecsc,6-8yr,122,35,3.4857142857142858,0.47540983606557374,24.225941328256134,,,,0.03585061056249829,0.07367355247314691
ECSC_1042_1_75F_1042_YR1,ecsc,6-8yr,240,44,5.454545454545454,0.3625,22.923766816143498,,,,0.071983076181668,0.07367355247314691
ECSC_1042_2_75F_1042_YR2,ecsc,6-8yr,459,67,6.850746268656716,0.30501089324618735,22.920819490586933,,,,0.10296304218939921,0.07367355247314691
ECSC_1042_3_75F_1042_YR3,ecsc,6-8yr,309,53,5.830188679245283,0.3656957928802589,31.94278402776932,,,,0.09007430017108739,0.07367355247314691
ECSC_2020_1_75F_2020_YR1,ecsc,6-8yr,323,55,5.872727272727273,0.49226006191950467,52.73558999456226,,,,0.07075352256617602,0.07367355247314691
ECSC_2020_2_75F_2020_YR2,ecsc,6-8yr,235,39,6.0256410256410255,0.4085106382978723,33.67264165727633,,,,0.09309037582907663,0.07367355247314691
ECSC_2012_1_75M_2012_YR1,ecsc,6-8yr,170,38,4.473684210526316,0.4235294117647059,25.32845271072418,,,,0.06739371464631776,0.07367355247314691
ECSC_4003_1_75M_4003_YR1,ecsc,6-8yr,497,150,3.3133333333333335,0.24949698189134809,19.143703703703704,,,,0.08523367513313865,0.07367355247314691
ECSC_1014_1_76F_1014_YR1,ecsc,6-8yr,226,71,3.183098591549296,0.3938053097345133,21.256687925723458,,,,0.06106025859406928,0.07367355247314691
ECSC_1014_2_76F_1014_YR2,ecsc,6-8yr,536,122,4.39344262295082,0.34888059701492535,35.89285714285714,,,,0.09734936447073048,0.07367355247314691
ECSC_1014_3_76F_1014_YR3,ecsc,6-8yr,547,108,5.064814814814815,0.3162705667276051,35.022407620508886,,,,0.10494234345614786,0.07367355247314691
ECSC_1023_1_76F_1023_YR1,ecsc,6-8yr,77,24,3.2083333333333335,0.4675324675324675,15.4,,,,0.05971488013552341,0.07367355247314691
ECSC_1023_2_76F_1023_YR2,ecsc,6-8yr,278,70,3.9714285714285715,0.5,54.81168236323401,,,,0.08300023361782986,0.07367355247314691
ECSC_1023_3_76F_1023_YR3,ecsc,6-8yr,215,35,6.142857142857143,0.46511627906976744,35.749316083998664,,,,0.07147557072170778,0.07367355247314691
ECSC_1065_1_76F_1065_YR1,ecsc,6-8yr,344,85,4.047058823529412,0.3430232558139535,29.622810877409137,,,,0.10047688236554043,0.07367355247314691
ECSC_1065_2_76F_1065_YR2,ecsc,6-8yr,364,73,4.986301369863014,0.35714285714285715,29.166666666666664,,,,0.07044232248535678,0.07367355247314691
ECSC_1065_3_76F_1065_YR3,ecsc,6-8yr,334,71,4.704225352112676,0.38023952095808383,20.678284820535232,,,,0.06584878459072933,0.07367355247314691
ECSC_3005_1_77M_3005_YR1,ecsc,6-8yr,365,111,3.2882882882882885,0.4438356164383562,33.81562819203269,,,,0.03208585483457307,0.07367355247314691
ECSC_3006_1_77M_3006_YR1,ecsc,6-8yr,270,71,3.8028169014084505,0.46296296296296297,47.103550295857985,,,,0.04042348882800478,0.07367355247314691
ECSC_1004_1_78F_1004_YR1,ecsc,6-8yr,404,141,2.8652482269503547,0.27970297029702973,19.880932817894873,,,,0.054910109943137976,0.07367355247314691
ECSC_1004_2_78F_1004_YR2,ecsc,6-8yr,326,102,3.196078431372549,0.36503067484662577,26.244167244167244,,,,0.07785117456417692,0.07367355247314691
ECSC_1004_3_78F_1004_YR3,ecsc,6-8yr,347,89,3.898876404494382,0.37752161383285304,28.857349233926474,,,,0.06516390728854325,0.07367355247314691
ECSC_4066_1_78F_4066_YR1,ecsc,6-8yr,321,99,3.242424242424242,0.43302180685358255,31.75932677117511,,,,0.07609956970300893,0.07367355247314691
ECSC_1068_1_78M_1068_YR1,ecsc,6-8yr,295,59,5.0,0.33559322033898303,23.758236110132245,,,,0.07249149133230912,0.07367355247314691
ECSC_1068_2_78M_1068_YR2,ecsc,6-8yr,343,100,3.43,0.37900874635568516,35.755498150635184,,,,0.029648636209369455,0.07367355247314691
ECSC_1068_3_78M_1068_YR3,ecsc,6-8yr,399,98,4.071428571428571,0.41353383458646614,51.72886690647482,,,,0.04374141410464779,0.07367355247314691
ECSC_2026_1_78M_2026_YR1,ecsc,6-8yr,193,46,4.195652173913044,0.35233160621761656,22.83476760015558,,,,0.08489317751717691,0.07367355247314691
ECSC_4017_1_78M_4017_YR1,ecsc,6-8yr,198,61,3.2459016393442623,0.32323232323232326,17.324324324324323,,,,0.0843278322015147,0.07367355247314691
ECSC_1035_1_79M_1035_YR1,ecsc,6-8yr,274,49,5.591836734693878,0.40145985401459855,33.05289556452468,,,,0.08887380461410521,0.07367355247314691
ECSC_1035_2_79M_1035_YR2,ecsc,6-8yr,242,56,4.321428571428571,0.3760330578512397,40.91038611194253,,,,0.08651892350115804,0.07367355247314691
ECSC_1035_3_79M_1035_YR3,ecsc,6-8yr,236,52,4.538461538461538,0.4152542372881356,23.947058823529414,,,,0.07603309695699612,0.07367355247314691
ECSC_4057_1_79M_4057_YR1,ecsc,6-8yr,131,32,4.09375,0.48854961832061067,33.43079868708972,,,,0.06669818545127938,0.07367355247314691
ECSC_1064_1_80F_1064_YR1,ecsc,6-8yr,234,49,4.775510204081633,0.37606837606837606,22.832038834951454,,,,0.09773172469139887,0.07367355247314691
ECSC_1064_2_80F_1064_YR2,ecsc,6-8yr,229,43,5.325581395348837,0.34497816593886466,17.615384615384617,,,,0.08207302937476448,0.07367355247314691
ECSC_1064_3_80F_1064_YR3,ecsc,6-8yr,272,64,4.25,0.38235294117647056,28.026452499081806,,,,0.04474037517103637,0.07367355247314691
ECSC_2024_1_80F_2024_YR1,ecsc,6-8yr,139,31,4.483870967741935,0.45323741007194246,20.07073224470041,,,,0.0630436372072229,0.07367355247314691
ECSC_1041_1_80M_1041_YR1,ecsc,6-8yr,249,67,3.716417910447761,0.39357429718875503,23.115221256420387,,,,0.06909667809702737,0.07367355247314691
ECSC_1041_2_80M_1041_YR2,ecsc,6-8yr,244,68,3.588235294117647,0.35655737704918034,14.924145299145298,,,,0.07670579910909159,0.07367355247314691
ECSC_1041_3_80M_1041_YR3,ecsc,6-8yr,288,80,3.6,0.3333333333333333,18.10975729644116,,,,0.10197857172763657,0.07367355247314691
ECSC_1080_1_81M_1080_YR1,ecsc,6-8yr,228,63,3.619047619047619,0.34649122807017546,21.19077204202832,,,,0.04139959772274828,0.07367355247314691
ECSC_1080_2_81M_1080_YR2,ecsc,6-8yr,246,38,6.473684210526316,0.3983739837398374,26.811704834605596,,,,0.06601104177178303,0.07367355247314691
ECSC_1080_3_81M_1080_YR3,ecsc,6-8yr,350,75,4.666666666666667,0.42857142857142855,39.375,,,,0.05682125986084198,0.07367355247314691
ECSC_1084_1_81M_1084_YR1,ecsc,6-8yr,250,66,3.787878787878788,0.368,20.58335118920077,,,,0.060706457654979375,0.07367355247314691
ECSC_1084_2_81M_1084_YR2,ecsc,6-8yr,261,47,5.553191489361702,0.37547892720306514,24.356026001405482,,,,0.09355001576278495,0.07367355247314691
ECSC_1084_3_81M_1084_YR3,ecsc,6-8yr,221,50,4.42,0.4434389140271493,32.45174723881948,,,,0.07997693495479614,0.07367355247314691
ECSC_4029_1_81M_4029_YR1,ecsc,6-8yr,190,81,2.345679012345679,0.3263157894736842,15.833333333333334,,,,0.09005808101429692,0.07367355247314691
ECSC_1003_1_82F_1003_YR1,ecsc,6-8yr,265,56,4.732142857142857,0.36981132075471695,25.368225986096707,,,,0.08372075165609444,0.07367355247314691
ECSC_1003_2_82F_1003_YR2,ecsc,6-8yr,465,104,4.471153846153846,0.33978494623655914,28.207720588235293,,,,0.08745351268542396,0.07367355247314691
ECSC_1003_3_82F_1003_YR3,ecsc,6-8yr,263,72,3.6527777777777777,0.42585551330798477,37.430711610486895,,,,0.07700923749803663,0.07367355247314691
ECSC_1024_1_82F_1024_YR1,ecsc,6-8yr,471,138,3.4130434782608696,0.3354564755838641,30.674369747899163,,,,0.05593559280913189,0.07367355247314691
ECSC_1024_2_82F_1024_YR2,ecsc,6-8yr,592,162,3.654320987654321,0.32094594594594594,24.053737373737377,,,,0.10137574186673907,0.07367355247314691
ECSC_1024_3_82F_1024_YR3,ecsc,6-8yr,273,68,4.014705882352941,0.4249084249084249,38.102595028550965,,,,0.08051672852946332,0.07367355247314691
ECSC_1039_1_82F_1039_YR1,ecsc,6-8yr,316,78,4.051282051282051,0.33544303797468356,22.258697411003237,,,,0.08415674312039652,0.07367355247314691
ECSC_1039_2_82F_1039_YR2,ecsc,6-8yr,508,102,4.980392156862745,0.31496062992125984,22.805330521068022,,,,0.11145974049337531,0.07367355247314691
ECSC_1039_3_82F_1039_YR3,ecsc,6-8yr,509,99,5.141414141414141,0.2907662082514735,21.688033171550643,,,,0.09415108135925718,0.07367355247314691
ECSC_1018_1_82M_1018_YR1,ecsc,6-8yr,196,62,3.161290322580645,0.3826530612244898,17.470713373989504,,,,0.07559435592034479,0.07367355247314691
ECSC_1018_2_82M_1018_YR2,ecsc,6-8yr,80,30,2.6666666666666665,0.4125,11.666666666666668,,,,0.0862269068387438,0.07367355247314691
ECSC_4013_1_82M_4013_YR1,ecsc,6-8yr,81,20,4.05,0.6296296296296297,34.61958817317846,,,,0.04545016725229859,0.07367355247314691
ECSC_1005_1_83F_1005_YR1,ecsc,6-8yr,163,35,4.6571428571428575,0.5705521472392638,48.208743455497384,,,,0.05535740043258885,0.07367355247314691
ECSC_1005_2_83F_1005_YR2,ecsc,6-8yr,312,59,5.288135593220339,0.38782051282051283,27.00699025732885,,,,0.0762712505730255,0.07367355247314691
ECSC_1005_3_83F_1005_YR3,ecsc,6-8yr,309,53,5.830188679245283,0.3656957928802589,24.28924802110818,,,,0.10378891193501971,0.07367355247314691
ECSC_4068_1_84F_4068_YR1,ecsc,6-8yr,171,45,3.8,0.4269005847953216,24.659310981538454,,,,0.08209435793370393,0.07367355247314691
ECSC_1094_1_84M_1094_YR1,ecsc,6-8yr,187,49,3.816326530612245,0.47593582887700536,34.72696921231507,,,,0.06106454574806188,0.07367355247314691
ECSC_1094_2_84M_1094_YR2,ecsc,6-8yr,328,72,4.555555555555555,0.36890243902439024,26.28205128205128,,,,0.09530340240621009,0.07367355247314691
ECSC_1094_3_84M_1094_YR3,ecsc,6-8yr,327,63,5.190476190476191,0.345565749235474,35.00658215267086,,,,0.09008407358045777,0.07367355247314691
ECSC_1038_1_85F_1038_YR1,ecsc,6-8yr,394,104,3.7884615384615383,0.33756345177664976,28.673453996983408,,,,0.08047147900235524,0.07367355247314691
ECSC_1038_2_85F_1038_YR2,ecsc,6-8yr,419,94,4.457446808510638,0.3031026252983294,26.449761490617753,,,,0.08338180378528842,0.07367355247314691
ECSC_1038_3_85F_1038_YR3,ecsc,6-8yr,373,107,3.485981308411215,0.4477211796246649,51.732718386284276,,,,0.04577729096226951,0.07367355247314691
ECSC_1016_1_85M_1016_YR1,ecsc,6-8yr,197,49,4.020408163265306,0.467005076142132,42.67231543624161,,,,0.08744964122767993,0.07367355247314691
ECSC_1016_2_85M_1016_YR2,ecsc,6-8yr,268,47,5.702127659574468,0.4626865671641791,38.285714285714285,,,,0.07854701164312612,0.07367355247314691
ECSC_1016_3_85M_1016_YR3,ecsc,6-8yr,439,88,4.988636363636363,0.3690205011389522,30.922684061488674,,,,0.09703650031179618,0.07367355247314691
ECSC_1048_1_85M_1048_YR1,ecsc,6-8yr,190,34,5.588235294117647,0.38421052631578945,23.79555850671389,,,,0.07266809726498126,0.07367355247314691
ECSC_1048_2_85M_1048_YR2,ecsc,6-8yr,310,82,3.7804878048780486,0.32903225806451614,22.751497253071136,,,,0.09869538599360754,0.07367355247314691
ECSC_1048_3_85M_1048_YR3,ecsc,6-8yr,252,34,7.411764705882353,0.3611111111111111,28.328519855595665,,,,0.0911682927078972,0.07367355247314691
ECSC_1058_1_86F_1058_YR1,ecsc,6-8yr,382,102,3.7450980392156863,0.36649214659685864,27.69189392044033,,,,0.0869855751213234,0.07367355247314691
ECSC_1058_2_86F_1058_YR2,ecsc,6-8yr,550,154,3.5714285714285716,0.3145454545454546,30.395006627711282,,,,0.09896563502298429,0.07367355247314691
ECSC_1058_3_86F_1058_YR3,ecsc,6-8yr,937,186,5.037634408602151,0.272145144076841,36.06458698144674,,,,0.08659616133604556,0.07367355247314691
ECSC_1076_1_87M_1076_YR1,ecsc,6-8yr,211,56,3.767857142857143,0.36018957345971564,14.422371908127207,,,,0.07745295414371199,0.07367355247314691
ECSC_1076_2_87M_1076_YR2,ecsc,6-8yr,268,59,4.5423728813559325,0.40298507462686567,23.057453750211135,,,,0.06566348199196158,0.07367355247314691
ECSC_1076_3_87M_1076_YR3,ecsc,6-8yr,328,83,3.9518072289156625,0.36890243902439024,21.866666666666667,,,,0.09025182204963358,0.07367355247314691
ECSC_1086_1_87M_1086_YR1,ecsc,6-8yr,133,22,6.045454545454546,0.5037593984962406,41.65619967793881,,,,0.04858807439477761,0.07367355247314691
ECSC_1086_2_87M_1086_YR2,ecsc,6-8yr,418,57,7.333333333333333,0.3708133971291866,36.922413793103445,,,,0.08408617289741487,0.07367355247314691
ECSC_1086_3_87M_1086_YR3,ecsc,6-8yr,248,44,5.636363636363637,0.42338709677419356,24.620048352919124,,,,0.06947502381359608,0.07367355247314691
ECSC_2002_1_87M_2002_YR1,ecsc,6-8yr,209,67,3.1194029850746268,0.4019138755980861,27.556089743589745,,,,0.0728679055670147,0.07367355247314691
ECSC_1075_1_88F_1075_YR1,ecsc,6-8yr,182,49,3.7142857142857144,0.4230769230769231,24.17189723196556,,,,0.05481680685378132,0.07367355247314691
ECSC_1075_2_88F_1075_YR2,ecsc,6-8yr,347,84,4.130952380952381,0.34870317002881845,25.71274530530851,,,,0.04803232063789011,0.07367355247314691
ECSC_1075_3_88F_1075_YR3,ecsc,6-8yr,252,59,4.271186440677966,0.3888888888888889,21.458164390856187,,,,0.0502072753564626,0.07367355247314691
ECSC_4011_1_88F_4011_YR1,ecsc,6-8yr,184,41,4.487804878048781,0.5,31.645243445692888,,,,0.029755658785400967,0.07367355247314691
ECSC_1078_1_88M_1078_YR1,ecsc,6-8yr,236,44,5.363636363636363,0.3898305084745763,23.6,,,,0.07986954636452813,0.07367355247314691
ECSC_1078_2_88M_1078_YR2,ecsc,6-8yr,226,47,4.808510638297872,0.45132743362831856,28.773148148148145,,,,0.05681381336177836,0.07367355247314691
ECSC_1078_3_88M_1078_YR3,ecsc,6-8yr,408,87,4.689655172413793,0.37745098039215685,31.706228805996787,,,,0.06562052669085551,0.07367355247314691
ECSC_1002_1_89F_1002_YR1,ecsc,6-8yr,360,90,4.0,0.40555555555555556,33.41059988351776,,,,0.08517453604703758,0.07367355247314691
ECSC_1002_2_89F_1002_YR2,ecsc,6-8yr,452,97,4.65979381443299,0.3672566371681416,32.742644320297956,,,,0.09824652574229346,0.07367355247314691
ECSC_1002_3_89F_1002_YR3,ecsc,6-8yr,318,54,5.888888888888889,0.4088050314465409,37.81446333051828,,,,0.09831534529621659,0.07367355247314691
ECSC_1030_1_89F_1030_YR1,ecsc,6-8yr,273,52,5.25,0.4249084249084249,24.994191019244475,,,,0.0791101486539955,0.07367355247314691
ECSC_1030_2_89F_1030_YR2,ecsc,6-8yr,421,84,5.011904761904762,0.32779097387173395,25.905940976514216,,,,0.08172063009046182,0.07367355247314691
ECSC_1030_3_89F_1030_YR3,ecsc,6-8yr,415,77,5.3896103896103895,0.3204819277108434,31.202519389117846,,,,0.1011322999954101,0.07367355247314691
ECSC_1054_1_89F_1054_YR1,ecsc,6-8yr,315,50,6.3,0.3111111111111111,26.765289237464863,,,,0.054500085955627775,0.07367355247314691
ECSC_1054_2_89F_1054_YR2,ecsc,6-8yr,361,72,5.013888888888889,0.38227146814404434,33.278741124518476,,,,0.08252397651371887,0.07367355247314691
ECSC_1054_3_89F_1054_YR3,ecsc,6-8yr,339,44,7.704545454545454,0.336283185840708,27.773625410796228,,,,0.0857340488888234,0.07367355247314691
ECSC_1026_1_89M_1026_YR1,ecsc,6-8yr,246,73,3.3698630136986303,0.43089430894308944,44.27809474635343,,,,0.05704307029011048,0.07367355247314691
ECSC_1026_2_89M_1026_YR2,ecsc,6-8yr,322,84,3.8333333333333335,0.422360248447205,31.627793150095307,,,,0.07563195033530756,0.07367355247314691
ECSC_1026_3_89M_1026_YR3,ecsc,6-8yr,323,85,3.8,0.3993808049535604,36.14237479924077,,,,0.08178156195874886,0.07367355247314691
ECSC_1031_1_90F_1031_YR1,ecsc,6-8yr,201,54,3.7222222222222223,0.4129353233830846,27.867090204884683,,,,0.07803509071042006,0.07367355247314691
ECSC_1031_2_90F_1031_YR2,ecsc,6-8yr,309,72,4.291666666666667,0.3333333333333333,22.11904761904762,,,,0.09390603344031415,0.07367355247314691
ECSC_1031_3_90F_1031_YR3,ecsc,6-8yr,319,89,3.5842696629213484,0.3981191222570533,32.64828046695422,,,,0.037459342523670267,0.07367355247314691
ECSC_1044_1_90F_1044_YR1,ecsc,6-8yr,496,89,5.573033707865169,0.35685483870967744,26.17928564321958,,,,0.06372602660867938,0.07367355247314691
ECSC_1044_2_90F_1044_YR2,ecsc,6-8yr,594,143,4.153846153846154,0.3720538720538721,39.31827687556717,,,,0.09582940712528056,0.07367355247314691
ECSC_1044_3_90F_1044_YR3,ecsc,6-8yr,195,24,8.125,0.35384615384615387,21.666666666666668,,,,0.06383589231991348,0.07367355247314691
ECSC_1060_1_90M_1060_YR1,ecsc,6-8yr,116,22,5.2727272727272725,0.4482758620689655,21.96595744680851,,,,0.06442245267074079,0.07367355247314691
ECSC_1060_2_90M_1060_YR2,ecsc,6-8yr,477,130,3.669230769230769,0.27882599580712786,19.731247460381958,,,,0.08216802756513829,0.07367355247314691
ECSC_1060_3_90M_1060_YR3,ecsc,6-8yr,370,103,3.592233009708738,0.34324324324324323,29.810194715669795,,,,0.08090546010084775,0.07367355247314691
ECSC_1040_1_91F_1040_YR1,ecsc,6-8yr,498,144,3.4583333333333335,0.3674698795180723,37.65488696038865,,,,0.05790783134417065,0.07367355247314691
ECSC_1040_2_91F_1040_YR2,ecsc,6-8yr,358,84,4.261904761904762,0.4134078212290503,46.58576872615102,,,,0.04360395493472067,0.07367355247314691
ECSC_1040_3_91F_1040_YR3,ecsc,6-8yr,400,85,4.705882352941177,0.325,32.360742705570296,,,,0.1020108991884639,0.07367355247314691
ECSC_1027_1_91M_1027_YR1,ecsc,6-8yr,286,64,4.46875,0.36013986013986016,26.76936162438806,,,,0.05344489004786754,0.07367355247314691
ECSC_1027_2_91M_1027_YR2,ecsc,6-8yr,344,88,3.909090909090909,0.42151162790697677,30.85296198485631,,,,0.07699030077452006,0.07367355247314691
ECSC_1027_3_91M_1027_YR3,ecsc,6-8yr,268,57,4.701754385964913,0.3843283582089552,24.536757523239324,,,,0.07407866693682018,0.07367355247314691
ECSC_4070_1_91M_4070_YR1,ecsc,6-8yr,285,64,4.453125,0.3543859649122807,26.902272727272727,,,,0.08577526136809363,0.07367355247314691
ECSC_1098_1_92M_1098_YR1,ecsc,6-8yr,119,37,3.2162162162162162,0.5546218487394958,13.6682249712313,,,,0.02478830688382298,0.07367355247314691
ECSC_1098_2_92M_1098_YR2,ecsc,6-8yr,209,36,5.805555555555555,0.36363636363636365,22.98000070358123,,,,0.050646745079981535,0.07367355247314691
ECSC_1098_3_92M_1098_YR3,ecsc,6-8yr,247,34,7.264705882352941,0.3360323886639676,23.45080459770115,,,,0.06656419457002245,0.07367355247314691
ECSC_1034_1_93F_1034_YR1,ecsc,6-8yr,219,52,4.211538461538462,0.4292237442922374,28.10442789968652,,,,0.047632752790221264,0.07367355247314691
ECSC_1034_2_93F_1034_YR2,ecsc,6-8yr,519,141,3.6808510638297873,0.371868978805395,47.11694537346711,,,,0.03958899209472283,0.07367355247314691
ECSC_1034_3_93F_1034_YR3,ecsc,6-8yr,286,59,4.8474576271186445,0.4230769230769231,40.857142857142854,,,,0.07789488050975753,0.07367355247314691
ECSC_1087_1_93F_1087_YR1,ecsc,6-8yr,83,23,3.608695652173913,0.6987951807228916,83.0,,,,0.06233850370001976,0.07367355247314691
ECSC_1087_2_93F_1087_YR2,ecsc,6-8yr,96,30,3.2,0.6354166666666666,62.72433679354094,,,,0.04748939901283832,0.07367355247314691
ECSC_1087_3_93F_1087_YR3,ecsc,6-8yr,188,49,3.836734693877551,0.4734042553191489,40.02473178342354,,,,0.07380715056238395,0.07367355247314691
ECSC_4019_1_93M_4019_YR1,ecsc,6-8yr,232,50,4.64,0.3448275862068966,20.95650623885918,,,,0.03888097304484943,0.07367355247314691
ECSC_1008_1_94F_1008_YR1,ecsc,6-8yr,467,107,4.364485981308412,0.32548179871520344,22.331966873169343,,,,0.08654497171735566,0.07367355247314691
ECSC_1008_2_94F_1008_YR2,ecsc,6-8yr,432,92,4.695652173913044,0.37962962962962965,29.275525198970175,,,,0.09419247873768881,0.07367355247314691
ECSC_1008_3_94F_1008_YR3,ecsc,6-8yr,506,105,4.819047619047619,0.34782608695652173,38.48750086082225,,,,0.054201642528570654,0.07367355247314691
ECSC_1009_1_94F_1009_YR1,ecsc,6-8yr,483,119,4.0588235294117645,0.2546583850931677,21.331114598096782,,,,0.09698403735055727,0.07367355247314691
ECSC_1009_2_94F_1009_YR2,ecsc,6-8yr,976,280,3.4857142857142858,0.2612704918032787,32.24286559208386,,,,0.05030590953356198,0.07367355247314691
ECSC_1009_3_94F_1009_YR3,ecsc,6-8yr,522,114,4.578947368421052,0.30842911877394635,27.908143182341703,,,,0.11274680169193257,0.07367355247314691
ECSC_1012_1_94F_1012_YR1,ecsc,6-8yr,322,60,5.366666666666666,0.36645962732919257,28.789040437421136,,,,0.07771435476510485,0.07367355247314691
ECSC_1012_2_94F_1012_YR2,ecsc,6-8yr,245,54,4.537037037037037,0.4326530612244898,39.19738247863248,,,,0.09048733706141687,0.07367355247314691
ECSC_1012_3_94F_1012_YR3,ecsc,6-8yr,294,47,6.25531914893617,0.43537414965986393,34.18549935979513,,,,0.08128555830826885,0.07367355247314691
ECSC_1021_1_94F_1021_YR1,ecsc,6-8yr,636,221,2.8778280542986425,0.2751572327044025,20.516129032258064,,,,0.09536555083944649,0.07367355247314691
ECSC_1021_2_94F_1021_YR2,ecsc,6-8yr,984,287,3.4285714285714284,0.27947154471544716,29.723648007448567,,,,0.10651538631805932,0.07367355247314691
ECSC_1021_3_94F_1021_YR3,ecsc,6-8yr,656,201,3.263681592039801,0.2682926829268293,24.472286773794806,,,,0.09422953904717887,0.07367355247314691
ECSC_4045_1_94M_4045_YR1,ecsc,6-8yr,182,33,5.515151515151516,0.45604395604395603,23.313183649971215,,,,0.06565452524241444,0.07367355247314691
ECSC_4020_1_95F_4020_YR1,ecsc,6-8yr,293,63,4.650793650793651,0.40273037542662116,20.23095238095238,,,,0.07910263783066651,0.07367355247314691
ECSC_4039_1_95F_4039_YR1,ecsc,6-8yr,289,81,3.567901234567901,0.3944636678200692,22.23076923076923,,,,0.06075889775268683,0.07367355247314691
ECSC_4049_1_95F_4049_YR1,ecsc,6-8yr,184,53,3.4716981132075473,0.44021739130434784,22.980944147259596,,,,0.054675383728619784,0.07367355247314691
ECSC_4023_1_95M_4023_YR1,ecsc,6-8yr,209,59,3.542372881355932,0.40669856459330145,19.619220055710308,,,,0.07517360199480347,0.07367355247314691
ECSC_2027_1_100M_2027_YR1,ecsc,8-10yr,383,102,3.7549019607843137,0.412532637075718,31.84497883086571,,,,0.06663929296452333,0.08070578106158349
ECSC_1015_1_102F_1015_YR1,ecsc,8-10yr,742,147,5.0476190476190474,0.29245283018867924,34.28331419998251,,,,0.10437782197195261,0.08070578106158349
ECSC_1015_2_102F_1015_YR2,ecsc,8-10yr,772,181,4.265193370165746,0.30440414507772023,30.846556218979842,,,,0.08513607697220696,0.08070578106158349
ECSC_1015_3_102F_1015_YR3,ecsc,8-10yr,543,118,4.601694915254237,0.34990791896869244,33.74558322915127,,,,0.10515787005542196,0.08070578106158349
ECSC_1059_1_104F_1059_YR1,ecsc,8-10yr,538,100,5.38,0.2992565055762082,31.329514129908105,,,,0.09970224884211143,0.08070578106158349
ECSC_1059_2_104F_1059_YR2,ecsc,8-10yr,300,49,6.122448979591836,0.39,23.337887067395265,,,,0.09450839463726078,0.08070578106158349
ECSC_1059_3_104F_1059_YR3,ecsc,8-10yr,280,45,6.222222222222222,0.4,43.92879290397224,,,,0.09423742926975869,0.08070578106158349
ECSC_4015_1_104F_4015_YR1,ecsc,8-10yr,557,136,4.095588235294118,0.3052064631956912,27.186904761904763,,,,0.06196781317274867,0.08070578106158349
ECSC_4079_1_104F_4079_YR1,ecsc,8-10yr,256,61,4.19672131147541,0.4375,41.774643157010914,,,,0.058292974438365494,0.08070578106158349
ECSC_1022_1_106M_1022_YR1,ecsc,8-10yr,460,103,4.466019417475728,0.33695652173913043,27.693270390904313,,,,0.11017206730558912,0.08070578106158349
ECSC_1022_2_106M_1022_YR2,ecsc,8-10yr,244,49,4.979591836734694,0.430327868852459,28.374101711056397,,,,0.05732639141472294,0.08070578106158349
ECSC_1022_3_106M_1022_YR3,ecsc,8-10yr,295,45,6.555555555555555,0.4,29.85574604002347,,,,0.10906161244564432,0.08070578106158349
ECSC_1001_1_107F_1001_YR1,ecsc,8-10yr,271,55,4.927272727272728,0.3948339483394834,26.369090557494168,,,,0.07842219572435312,0.08070578106158349
ECSC_1001_2_107F_1001_YR2,ecsc,8-10yr,395,94,4.202127659574468,0.3822784810126582,36.08622311827957,,,,0.10272634486891681,0.08070578106158349
ECSC_1001_3_107F_1001_YR3,ecsc,8-10yr,296,53,5.584905660377358,0.38175675675675674,29.505341017588663,,,,0.08284610269536805,0.08070578106158349
ECSC_4007_1_107M_4007_YR1,ecsc,8-10yr,438,100,4.38,0.3378995433789954,25.936406995230527,,,,0.07731705239385742,0.08070578106158349
ECSC_4054_1_96F_4054_YR1,ecsc,8-10yr,392,83,4.72289156626506,0.29336734693877553,18.286025013594347,,,,0.08880279014883907,0.08070578106158349
ECSC_4062_1_96F_4062_YR1,ecsc,8-10yr,464,125,3.712,0.3448275862068966,31.01588213973122,,,,0.10476554006238742,0.08070578106158349
ECSC_4056_1_96M_4056_YR1,ecsc,8-10yr,275,82,3.3536585365853657,0.33090909090909093,18.753516523781776,,,,0.09480704247777003,0.08070578106158349
ECSC_1006_1_97F_1006_YR1,ecsc,8-10yr,177,33,5.363636363636363,0.4180790960451977,25.478935973478272,,,,0.1103642182109502,0.08070578106158349
ECSC_1006_2_97F_1006_YR2,ecsc,8-10yr,473,106,4.462264150943396,0.3107822410147992,24.14365214352774,,,,0.12601639128193048,0.08070578106158349
ECSC_1006_3_97F_1006_YR3,ecsc,8-10yr,382,67,5.701492537313433,0.3403141361256545,32.22154471544715,,,,0.09726928400906944,0.08070578106158349
ECSC_1099_1_97F_1099_YR1,ecsc,8-10yr,557,113,4.929203539823009,0.3087971274685817,23.852217120438034,,,,0.0823624154314917,0.08070578106158349
ECSC_1099_2_97F_1099_YR2,ecsc,8-10yr,658,135,4.874074074074074,0.2887537993920973,20.49867849922034,,,,0.07737516651241132,0.08070578106158349
ECSC_1099_3_97F_1099_YR3,ecsc,8-10yr,596,99,6.02020202020202,0.34395973154362414,29.8802513464991,,,,0.09698501788074529,0.08070578106158349
ECSC_4025_1_97F_4025_YR1,ecsc,8-10yr,329,116,2.836206896551724,0.3951367781155015,35.099547687217,,,,0.03566487390686583,0.08070578106158349
ECSC_4047_1_97F_4047_YR1,ecsc,8-10yr,294,80,3.675,0.3469387755102041,20.782734608485633,,,,0.10775214150951182,0.08070578106158349
ECSC_1056_1_97M_1056_YR1,ecsc,8-10yr,496,135,3.674074074074074,0.2661290322580645,27.494688138887774,,,,0.048322134984890304,0.08070578106158349
ECSC_1056_2_97M_1056_YR2,ecsc,8-10yr,225,58,3.8793103448275863,0.43555555555555553,35.54723502304148,,,,0.09972559901994023,0.08070578106158349
ECSC_1056_3_97M_1056_YR3,ecsc,8-10yr,320,78,4.102564102564102,0.4125,31.55308916019238,,,,0.0711623805005862,0.08070578106158349
ECSC_4009_2_97M_4009_YR2,ecsc,8-10yr,229,50,4.58,0.39737991266375544,26.79802102003713,,,,0.09906186314623126,0.08070578106158349
ECSC_4006_1_98F_4006_YR1,ecsc,8-10yr,296,59,5.016949152542373,0.34459459459459457,20.208637873754153,,,,0.07372493019693047,0.08070578106158349
ECSC_4042_1_98F_4042_YR1,ecsc,8-10yr,500,164,3.048780487804878,0.284,23.224753530508927,,,,0.042703840496277984,0.08070578106158349
ECSC_4074_1_98F_4074_YR1,ecsc,8-10yr,267,55,4.8545454545454545,0.33707865168539325,19.43572534847703,,,,0.07363882904229478,0.08070578106158349
ECSC_1067_1_98M_1067_YR1,ecsc,8-10yr,340,83,4.096385542168675,0.31470588235294117,21.07674532467592,,,,0.07313128719295756,0.08070578106158349
ECSC_1067_2_98M_1067_YR2,ecsc,8-10yr,245,60,4.083333333333333,0.3306122448979592,20.147743238496666,,,,0.06227970715523476,0.08070578106158349
ECSC_1067_3_98M_1067_YR3,ecsc,8-10yr,254,63,4.031746031746032,0.3110236220472441,18.235897435897435,,,,0.07916088852914811,0.08070578106158349
ECSC_1091_1_98M_1091_YR1,ecsc,8-10yr,742,156,4.756410256410256,0.3450134770889488,40.38604316626302,,,,0.05791033720793796,0.08070578106158349
ECSC_1091_2_98M_1091_YR2,ecsc,8-10yr,413,82,5.036585365853658,0.3946731234866828,37.59293645897594,,,,0.08281154822473266,0.08070578106158349
ECSC_1091_3_98M_1091_YR3,ecsc,8-10yr,408,53,7.69811320754717,0.4215686274509804,56.72225628448804,,,,0.05555695677392326,0.08070578106158349
ECSC_4014_1_98M_4014_YR1,ecsc,8-10yr,221,49,4.510204081632653,0.4343891402714932,26.668455678670362,,,,0.05056299259954385,0.08070578106158349
ECSC_4036_1_98M_4036_YR1,ecsc,8-10yr,328,71,4.619718309859155,0.3597560975609756,28.5783429672447,,,,0.08074886784841201,0.08070578106158349
ECSC_1010_1_99M_1010_YR1,ecsc,8-10yr,600,127,4.724409448818897,0.3283333333333333,31.614825855411006,,,,0.0793943636176293,0.08070578106158349
ECSC_1010_2_99M_1010_YR2,ecsc,8-10yr,133,46,2.891304347826087,0.6240601503759399,47.346278317152105,,,,0.033237518039678116,0.08070578106158349
ECSC_1010_3_99M_1010_YR3,ecsc,8-10yr,415,66,6.287878787878788,0.3542168674698795,26.70447487677614,,,,0.03687952366942516,0.08070578106158349
ECSC_2031_1_108F_2031_YR1,ecsc,8-10yr,157,39,4.0256410256410255,0.4713375796178344,23.712828660540612,,,,0.05429708750584444,0.08070578106158349
ECSC_3003_1_108F_3003_YR1,ecsc,8-10yr,542,136,3.985294117647059,0.33025830258302585,25.945568377143594,,,,0.10740154295040659,0.08070578106158349
ECSC_4021_1_108M_4021_YR1,ecsc,8-10yr,362,90,4.022222222222222,0.3839779005524862,32.12171333034847,,,,0.017799937431896066,0.08070578106158349
ECSC_4024_1_109F_4024_YR1,ecsc,8-10yr,370,101,3.6633663366336635,0.3108108108108108,22.631399291950913,,,,0.12808662506357243,0.08070578106158349
ECSC_4090_1_109M_4090_YR1,ecsc,8-10yr,175,33,5.303030303030303,0.4742857142857143,32.90419161676647,,,,0.07865606992418132,0.08070578106158349
ECSC_4033_1_110M_4033_YR1,ecsc,8-10yr,338,89,3.797752808988764,0.363905325443787,24.347721822541967,,,,0.07670317684453146,0.08070578106158349
ECSC_4027_1_111F_4027_YR1,ecsc,8-10yr,331,82,4.036585365853658,0.38368580060422963,35.87189497511585,,,,0.07851219087928829,0.08070578106158349
ECSC_2023_1_111M_2023_YR1,ecsc,8-10yr,429,58,7.396551724137931,0.3613053613053613,21.208805613935098,,,,0.07452540082877561,0.08070578106158349
ECSC_4044_1_113M_4044_YR1,ecsc,8-10yr,517,110,4.7,0.33849129593810445,33.6312340510174,,,,0.1293166324041472,0.08070578106158349
ECSC_4030_1_114F_4030_YR1,ecsc,8-10yr,209,45,4.644444444444445,0.3492822966507177,19.67058823529412,,,,0.12649672712177262,0.08070578106158349
ECSC_4075_1_114M_4075_YR1,ecsc,8-10yr,276,74,3.72972972972973,0.3804347826086957,26.68,,,,0.07523927376406812,0.08070578106158349
ECSC_4060_1_115F_4060_YR1,ecsc,8-10yr,452,97,4.65979381443299,0.334070796460177,29.539221871713984,,,,0.09097156839509213,0.08070578106158349
ECSC_4037_1_115M_4037_YR1,ecsc,8-10yr,270,47,5.74468085106383,0.3888888888888889,34.649294670846395,,,,0.05225962381837884,0.08070578106158349
ECSC_4018_1_116F_4018_YR1,ecsc,8-10yr,303,72,4.208333333333333,0.34983498349834985,22.175276216759066,,,,0.06832898940663026,0.08070578106158349
ECSC_4031_1_117F_4031_YR1,ecsc,8-10yr,352,58,6.068965517241379,0.39204545454545453,39.74229705468484,,,,0.08074817865972406,0.08070578106158349
ECSC_4048_1_117M_4048_YR1,ecsc,8-10yr,302,70,4.314285714285714,0.4304635761589404,41.550164543076534,,,,0.0832332837616466,0.08070578106158349
ECSC_4022_1_118M_4022_YR1,ecsc,8-10yr,338,73,4.63013698630137,0.34615384615384615,23.650547657888602,,,,0.07111197820767214,0.08070578106158349
