doc_id,domain,model,population,token_count,half_life,ppl_W4,ppl_W8,ppl_W12,ppl_W16,ppl_W24,ppl_W32,ppl_W48,ppl_W64,ppl_W96,ppl_W128,delta_max,auc_full,log_slope,auc_early,auc_late,early_fraction,measuring_model
uniform_000,uniform,uniform,uniform,405,7.287884553944133,297501.5170178852,237984.37933663436,232615.6633638785,224900.35094891768,225794.58576099115,199263.02255444648,181881.58293984146,211274.32751274836,199658.77817930968,199658.77817930968,97842.73883857555,11301559.302994864,24421.478244451522,1899828.3896637433,-29164.555158998817,0.1681032093651269,mistral-7b
uniform_001,uniform,uniform,uniform,461,17.74917254364107,195445.27858400624,161708.65793055232,159478.22929021815,159320.09521365204,141649.5192198152,154341.7538005431,129005.34634038608,125067.28392359795,107534.33556860077,115467.69025361227,79977.58833039398,8264076.529853179,22651.733830922247,1090345.954058474,3227792.1965822447,0.1319380272096591,mistral-7b
uniform_002,uniform,uniform,uniform,326,15.64934053321803,258922.92623360862,240357.08539622847,231235.1590399003,198868.05138051521,197100.3470593946,173079.78229476744,168171.25181526996,159083.18805255875,153501.9046335022,144488.09288397912,114434.83334962951,11122652.573738813,34865.69903602989,1383296.8903919912,1498413.865218069,0.12436753564145574,mistral-7b
uniform_003,uniform,uniform,uniform,270,15.665330330134307,269137.0990041968,257386.29618009698,259952.43949717225,208050.41607433202,211484.02906131078,197785.9127939674,172565.42968042204,169595.35854919837,192940.83932253427,155648.74966660893,113488.34933758789,9955943.120284494,33469.037123733564,1196891.2512876922,1909337.9928147788,0.12021877152442899,mistral-7b
uniform_004,uniform,uniform,uniform,290,30.91454963307219,210228.93466074683,214441.79977077327,185894.857003937,173595.66800071948,183149.04530538342,171541.30551613367,166346.02684070801,151084.6021585904,138729.0151180242,136003.58272488142,74225.35193586542,6578368.676238909,22980.063615309777,671674.0815686577,2192682.196787388,0.10210344154087118,mistral-7b
uniform_005,uniform,uniform,uniform,311,10.771352792365713,229179.7489979538,201050.1229389166,175239.47221837673,191320.69858944157,160748.9654564104,164703.9274400446,148926.81912453903,160509.93358159327,143417.0222481133,137155.28740630727,92024.46159164654,9025511.130261319,24182.732566551276,1360783.4683695147,1475048.7923325188,0.1507707927816954,mistral-7b
uniform_006,uniform,uniform,uniform,365,18.696196840320198,275485.33689296624,257386.29618009698,249096.3972541345,231579.5151327327,182242.81734542616,177514.14157259124,172052.60560169426,174113.09136784793,151234.56204917238,154418.33120100707,121067.00569195917,12363935.831528967,39524.66802575919,1579211.789630026,1379489.2911429412,0.12772727157018376,mistral-7b
uniform_007,uniform,uniform,uniform,317,13.970818088436657,340474.4067766513,284230.18020198727,285927.07177506434,254340.34026997158,236454.69516093793,217548.82159570008,258922.92623360862,208360.2453783577,177426.11075784604,200253.88587106304,140220.52090558823,15203872.72978111,40208.50489199568,2283830.678994593,1119185.8734152021,0.15021374616751831,mistral-7b
uniform_008,uniform,uniform,uniform,288,15.398146286757907,236689.38962819174,195930.61550547316,202049.87286274903,170607.8651540586,166428.5602187428,169427.19261499256,137427.6910654254,146218.46864739707,124943.27076180205,113988.08522555641,122701.30440263533,11365901.264541395,32931.070447504666,1529217.7337258323,3379512.6175484406,0.13454434436242968,mistral-7b
uniform_009,uniform,uniform,uniform,358,10.647410167971104,233656.44759728984,238693.7212245883,184608.39255741242,192653.93849912233,198868.05138051521,182604.76919745994,177426.11075784604,165769.43807119757,159083.18805255875,172137.9703261165,61518.477271173324,7212599.0505989585,21151.202879086537,904572.0635728374,1407065.8606424527,0.1254155481577364,mistral-7b
uniform_010,uniform,uniform,uniform,353,21.817290770184172,252329.7552065776,205180.8009740394,210333.240753701,199559.76564566896,179372.91149992042,163888.9665762734,162351.6338562236,173767.97137913737,142001.26852828398,117431.57600948105,134898.17919709656,11332161.21964719,32776.76996169613,1610619.7162815854,1231225.7948564012,0.1421282035318352,mistral-7b
uniform_011,uniform,uniform,uniform,508,30.060158214225908,387726.5319540922,392759.3573152231,350759.87195994356,363152.9466274149,343187.3359600234,319528.9549781578,309237.56503238634,244202.71737387334,278369.97388639406,262804.7570053199,124921.77494877233,11648414.620175142,42913.92765470972,904280.7263484229,4197166.504137019,0.07763122758200948,mistral-7b
uniform_012,uniform,uniform,uniform,394,36.290061743462914,259179.92167280236,268337.2865208745,221578.39775130304,245417.04962358985,218739.08823795556,216579.78613426798,175849.0002039434,165358.81297037218,161148.14321393333,152137.45228312572,107042.46938967664,9465779.935808875,35977.857923508935,690281.0782218958,4685885.845887678,0.0729238459908174,mistral-7b
uniform_013,uniform,uniform,uniform,305,13.039948780805293,232385.00828773063,226467.59446097363,203155.340692804,182604.76919745994,195348.3555616519,184975.0426704889,181881.58293984146,172394.31870815202,157200.5688764735,163239.90221215982,69145.1060755708,7064537.683289364,21124.787819984453,925202.8445059552,1587978.1395282033,0.13096438662850557,mistral-7b
uniform_014,uniform,uniform,uniform,3014,23.107261243236103,230891.31500064308,223233.19515019923,216472.38232484838,215722.04553034712,182967.4399208602,172137.9703261165,146581.56373953272,149000.7098792253,147237.4085706275,142353.8913136036,88537.42368703947,8675609.291504234,30831.6955211553,797728.2062630993,2237559.9964865847,0.09195068374555443,mistral-7b
uniform_015,uniform,uniform,uniform,388,39.33623100441689,217872.79595373472,213169.15188651602,206610.626573547,203963.11434517775,195639.26891904025,211588.95787536385,165276.81008935027,177602.21606424687,161788.89045578876,162835.54298838176,55037.252965352964,4883906.3312167525,18021.518570665987,350324.91203200683,3930332.963661141,0.07173047316505937,mistral-7b
uniform_016,uniform,uniform,uniform,1069,14.403194869696526,270341.28983648645,221248.9132057379,231235.1590399003,209812.2272955126,194622.9633200044,185066.81892396288,164133.0305171675,149593.15725085197,171158.82784752536,166387.28841232846,103954.00142415799,11779398.805634934,30888.21492039897,1662812.9007371326,1930236.6972955395,0.1411627985582498,mistral-7b
uniform_017,uniform,uniform,uniform,425,23.608339675120718,248849.40035097697,236924.3170427885,226018.69947536636,233309.00312961495,214441.79977077327,212957.7794180854,199263.02255444648,191890.9536033227,179372.91149992042,181881.58293984146,66967.8174111355,6393343.264399864,21080.01871105763,651092.8084365642,2296654.846405711,0.10183917576615238,mistral-7b
uniform_018,uniform,uniform,uniform,257,12.932030781919009,219391.06715460774,202049.87286274903,180622.891905023,173767.97137913737,156422.73489650644,151234.56204917238,155263.19437807772,141930.84885775688,131297.1368610557,138660.21818657132,80730.84896803641,8815591.32857978,24700.191469077417,1274548.7313051478,998018.1071528371,0.14457892656311255,mistral-7b
uniform_019,uniform,uniform,uniform,458,21.38275370743282,230090.99928685479,210124.6802940961,207844.1191987551,198473.86310260833,170607.8651540586,151384.67078330574,141158.53351044885,165605.06581092768,136408.95823064982,129357.77597614405,100733.22331071073,9359035.371148545,30168.100995208395,1149246.0005054777,653981.8343023604,0.1227953474829577,mistral-7b
uniform_020,uniform,uniform,uniform,807,42.043888397133486,152439.6119699638,161628.46519332658,137495.8764726429,139488.03793320982,149444.82493058633,143417.0222481133,125689.19852752252,118602.36970931148,113536.64785549414,112137.39715455413,40302.214815409665,3362789.0643378813,13618.680716420324,160777.6285187779,2335842.8225214556,0.0478107979545349,mistral-7b
uniform_021,uniform,uniform,uniform,368,15.295205334930168,273714.60907605616,256366.94584705346,237512.65624180727,215294.44994099138,204469.60307044248,198473.86310260833,166181.0828514126,174805.38903159925,188681.83452932493,164703.9274400446,109010.68163601158,10581145.811122527,31938.16025452282,1419642.4510020958,1938391.7466694387,0.13416717587520793,mistral-7b
uniform_022,uniform,uniform,uniform,240,17.118383763221917,222238.83958126235,188869.11176907353,191700.67999115316,181611.12710430074,159715.72474790848,140948.63238408303,139973.21322902516,139973.21322902516,130323.8489931201,134861.54900618913,87377.29057507322,9605006.631615154,26713.303571686323,1324743.57192651,476403.16875943076,0.13792219232479014,mistral-7b
uniform_023,uniform,uniform,uniform,597,10.889825460531714,257641.76642829532,231809.3707120181,200452.64901690808,181881.58293984146,176285.67492445998,187841.3823161346,182695.36942839637,190941.47037162888,158453.15644975164,160669.24863907284,96972.51778922247,9800645.756117327,24243.107073957457,1716697.4219207065,1383111.4594291926,0.17516166430657748,mistral-7b
uniform_024,uniform,uniform,uniform,272,22.44696045788403,236103.08973111038,223343.9533692876,222459.42401932197,217656.75948562016,176373.1399065036,174458.89679821732,167671.48620497147,157434.6724354396,141790.114264576,132671.96349390713,103431.12623720325,9089720.009797629,32349.64978082363,940705.5600958124,2231171.9281440843,0.10349114814117977,mistral-7b
uniform_025,uniform,uniform,uniform,328,21.430796911175243,269137.0990041968,227142.60914665688,241792.04882076132,235401.44659377728,203457.88023588023,174632.05697934158,171116.38300512728,161949.47494926758,151234.56204917238,158296.03880626053,110841.06019793628,11826438.908102391,35562.513023218504,1383225.9928723727,1370728.8808439157,0.11696048181711852,mistral-7b
uniform_026,uniform,uniform,uniform,392,6.645628210620129,303162.3681732522,276032.4774022548,256748.7282722254,221029.5290757738,220919.91859992713,232039.45443578038,213380.73415390516,205180.8009740394,213592.52642849032,267274.56598585553,35887.80218739668,9526889.246630616,18160.708026604487,1729402.408809455,969687.119023867,0.18152855187448458,mistral-7b
uniform_027,uniform,uniform,uniform,1228,13.171214280518786,207741.0474829415,184791.62667891025,176548.20008063156,151986.59711226643,168421.6929481941,128144.35724665024,155803.23972804277,147529.83629698193,155109.2398102539,130971.90260383068,76769.14487911083,7009409.050296076,17974.75678960046,1184037.3722725594,-1815910.5846604453,0.16892114068054653,mistral-7b
uniform_028,uniform,uniform,uniform,348,8.823680149749237,303463.2737249115,272360.25950038736,204672.55055063337,208981.28886971297,223343.9533692876,228045.75948656088,206303.39893269184,205079.0500210178,202853.25102257167,213380.73415390516,90082.53957100635,11209052.317611538,22822.16346138381,2029091.4785247939,1939879.472205085,0.18102257184906773,mistral-7b
uniform_029,uniform,uniform,uniform,288,15.363088717732058,351630.89180582843,312165.7833428582,269537.898779777,258922.92623360862,246026.47828926376,220372.68103367276,183694.94369558876,181611.12710430074,194092.7215192671,169595.35854919837,182035.53325663006,18183653.540664334,52621.34079516046,2412348.3506105454,3170516.955926844,0.1326657673726449,mistral-7b
uniform_000,uniform,uniform,uniform,405,22.99730612179162,371903.2016918548,329835.46109257505,320799.44617037394,294564.7046871685,276443.5457960396,248849.40035097697,242512.73993872825,227368.06084939442,218305.512387512,185526.38367176836,186376.81802008644,16513285.744097643,51333.5675554941,2092609.4190411938,2607511.396332178,0.12672277652490552,mistral-7b-inst
uniform_001,uniform,uniform,uniform,461,9.760110290122713,165605.06581092768,145278.62512359963,121580.67744937021,131232.0254630046,113705.72697223027,126627.87378153413,103069.08411105473,100494.38586258992,96536.70439440064,104096.6836581712,61508.38215275649,7104116.279076424,18214.916859694073,1034745.0371102341,2327560.80714441,0.14565429343517966,mistral-7b-inst
uniform_002,uniform,uniform,uniform,326,12.785834238432013,291512.2481587737,259437.1721942965,231235.1590399003,216150.49036587754,188121.11626643557,172052.60560169426,174632.05697934158,193611.9372186703,146508.87266056682,165031.0453613019,126481.20279747181,13965721.755050002,38019.71884047457,2126546.8324578023,371049.23711257405,0.15226902481347543,mistral-7b-inst
uniform_003,uniform,uniform,uniform,270,14.479279376684387,254592.78723711762,242873.8906388818,252329.7552065776,197982.22633894437,227706.65804799547,179106.18603014524,160112.33672401018,187469.05065953734,200850.7673549228,182695.36942839637,71897.41780872125,7509279.535142208,23469.045786749408,912626.5182450096,-650060.6989721498,0.12153316626103286,mistral-7b-inst
uniform_004,uniform,uniform,uniform,290,21.40587813197929,269939.2954275854,239167.79002864024,230090.99928685479,227593.7363255158,196904.90796083005,171882.00313119587,176198.2533170656,172736.7104898717,161468.19900399217,143773.1606852661,126166.13474231932,11619967.12176738,35538.36516667177,1513056.8296907223,693410.2316232594,0.13021179955460913,mistral-7b-inst
uniform_005,uniform,uniform,uniform,311,14.489151743513625,229179.7489979538,188681.83452932493,185342.4209861331,174199.47841215302,134127.70118594792,156811.16959880304,133397.8465915541,143773.1606852661,139488.03793320982,127636.85550636503,101542.89349158878,10373151.536666587,26593.673584990443,1717113.2935292532,1708654.6208188608,0.165534388219402,mistral-7b-inst
uniform_006,uniform,uniform,uniform,365,9.814374933089988,285501.90148651344,288205.36312940856,231694.4144184599,271550.868538252,214654.6452121374,216472.38232484838,202150.1208750134,211484.02906131078,226243.0356350974,239642.80037916405,45859.10110734939,7423341.332476959,19713.484019568015,1131018.4262318707,-334510.9332747569,0.1523597495488574,mistral-7b-inst
uniform_007,uniform,uniform,uniform,317,13.147076339109583,374494.85118241864,293107.1881002872,292526.2027840576,227480.87060190557,222349.10444607175,206508.16655750983,199856.9506475935,185342.4209861331,165358.81297037218,173251.57362786165,201243.277554557,22014625.715721183,56294.79687207545,3424621.841795459,2463282.149934478,0.15556121126101422,mistral-7b-inst
uniform_008,uniform,uniform,uniform,288,11.695696083679925,257003.56569873085,208050.41607433202,185250.508059187,168338.17115821358,160430.3353022522,156345.16349472615,141228.56999301666,143132.7467768648,115124.54729626101,116966.50107001622,140037.06462871464,14361325.074273441,37278.02875412014,2190036.648286722,2508081.8144022673,0.15249544432427792,mistral-7b-inst
uniform_009,uniform,uniform,uniform,358,5.022296586456183,232962.07530789336,209188.7144495853,231694.4144184599,198178.73473605918,189244.2240823734,195833.45180029635,183968.50275705155,171668.98791107174,190468.4919901167,220810.36248087368,12151.712827019684,4913303.7520556515,9937.067945786637,807121.434256519,541834.4610698188,0.16427265135375188,mistral-7b-inst
uniform_010,uniform,uniform,uniform,353,18.968340950251573,246882.2217003188,205894.47260698487,193996.4692417857,197884.04522201876,164703.9274400446,159874.25150884362,159399.14264205497,146799.8534441788,130842.03459008019,124263.39315711767,122618.82854320113,11847898.4087556,33213.1281625696,1674941.2999253627,1820191.9704486192,0.14137032933094537,mistral-7b-inst
uniform_011,uniform,uniform,uniform,508,26.26938071726981,367502.0320414115,363152.9466274149,303162.3681732522,284794.6888154215,270341.28983648645,239167.79002864024,247127.26606899567,208360.2453783577,187004.67375916048,155494.4127931263,212007.6192482852,18001732.40675376,61608.59359924861,2061621.9621750491,3620023.2113526696,0.11452353115756707,mistral-7b-inst
uniform_012,uniform,uniform,uniform,394,21.656392517837382,210960.1650018873,218305.512387512,186726.59994611103,211798.97171210137,175500.43936633883,187934.58071775388,185894.857003937,183512.7970137473,160350.77649639372,161308.09173005307,49652.07327183423,4096220.211121018,15379.86832857402,438300.1726402434,1447463.9472039659,0.10700112544005373,mistral-7b-inst
uniform_013,uniform,uniform,uniform,305,11.887203065397918,243477.00403840403,225794.58576099115,196222.395966117,160988.3532982132,185342.4209861331,174718.7015109207,170354.1732080449,173251.57362786165,147969.56722764304,150635.61407299634,92841.3899654077,9441932.14511755,24894.372078380085,1494789.8843680455,1346345.218111106,0.15831398292149407,mistral-7b-inst
uniform_014,uniform,uniform,uniform,3014,15.475247147814947,269805.4301710052,243597.8063202422,284512.294501619,178928.5894298995,159794.96846979996,133464.03257213245,151835.8915251042,135464.95537990166,126314.20568900844,115754.42387911888,154051.00629188633,15275663.844738323,50094.18285428736,2016713.366532364,170176.3087141763,0.13202132405047767,mistral-7b-inst
uniform_015,uniform,uniform,uniform,388,9.90584709004403,334780.4285432964,279615.4750520782,238575.35092142364,235752.0071345389,227029.96714095867,209084.97593723153,173595.66800071948,171031.52489478886,181791.38627273933,185342.4209861331,149438.0075571633,17365587.10521424,43598.90963809728,2564436.15454787,2734387.5004841425,0.14767344973772098,mistral-7b-inst
uniform_016,uniform,uniform,uniform,1069,27.042609477843005,247556.67910799387,241432.5068070291,240357.08539622847,233772.37736300813,241432.5068070291,167837.909502685,171456.23668300713,134360.76403124304,163239.90221215982,179328.42968700523,68228.24942098864,8865717.380236574,31551.20490807415,503869.3313497887,708846.1667771358,0.05683345292204018,mistral-7b-inst
uniform_017,uniform,uniform,uniform,425,7.863455801860669,260727.25990649976,212641.11363347727,235401.44659377728,193515.92336632722,186726.59994611103,176373.1399065036,153806.77425460477,164703.9274400446,141509.0635851022,167837.909502685,92889.35040381475,11617670.21563808,30517.185226865477,1626337.6172671097,1893337.0783713404,0.13998827536677377,mistral-7b-inst
uniform_018,uniform,uniform,uniform,257,10.808305204495763,236337.43521037317,200651.6094462564,167173.2057811272,184608.39255741242,138316.7449460523,123771.26155151291,128909.39591986466,124633.77557528894,110865.32202829617,117956.99605664347,118380.43915372969,13173665.190888401,35221.29831503118,1964204.6934412236,403107.8261965944,0.1491008512042473,mistral-7b-inst
uniform_019,uniform,uniform,uniform,458,16.9807347718197,313873.7241905318,260727.25990649976,250086.83888326882,230547.9822535433,185342.4209861331,168087.8542212368,153959.43605275237,192272.06758661647,145711.64604082052,136138.57386291106,177735.15032762077,17447385.989984974,49308.06930662385,2579081.755499481,872860.7174331723,0.14782052491874184,mistral-7b-inst
uniform_020,uniform,uniform,uniform,807,14.24466991686704,229293.45762821808,202551.6105562271,214016.74183323118,166511.1345461084,179195.05042228458,171967.28321038518,141930.84885775688,142990.82041588935,172308.82685832598,145422.8222582922,83870.63536992588,8267972.924600663,23316.52402427743,1174860.1452793693,1589800.0352093352,0.14209772528205447,mistral-7b-inst
uniform_021,uniform,uniform,uniform,368,24.317927738572404,296617.41212116665,255098.43312317884,263980.61525837687,265688.3714506424,248356.14104712463,223011.84346269246,204774.09981699556,220372.68103367276,191890.9536033227,198080.45616890144,98536.95595226521,9978758.850734122,29199.36391003852,1162709.7906924887,1749914.4688281114,0.11651847770696953,mistral-7b-inst
uniform_022,uniform,uniform,uniform,240,11.746986491485242,301213.741635015,274802.9361105675,220810.36248087368,216794.75364629025,196904.90796083005,177602.21606424687,160191.77722683342,158767.8597355817,141930.84885775688,147237.4085706275,153976.3330643875,16487306.136909164,47094.29397488064,2262687.438323256,2357912.2437921683,0.13723815276638252,mistral-7b-inst
uniform_023,uniform,uniform,uniform,597,11.206777289463798,297796.8038591814,282964.12359085644,228498.6804092993,219064.83514464612,214122.927264858,210020.4776280972,216579.78613426798,188027.82536020654,177778.49616498215,180802.17019493235,116994.63366424906,12178049.70710401,33596.7764606364,1829411.3448389643,1922111.0440809627,0.15022202970413115,mistral-7b-inst
uniform_024,uniform,uniform,uniform,272,18.467945073790574,300765.8402430572,257258.65606558972,263326.71265716356,264373.7359828865,184151.10175224877,161949.47494926758,167173.2057811272,145278.62512359963,157044.69326319615,178485.36798371444,122280.47225934273,15565591.737829307,45037.04627955008,2030321.2417160938,208899.4279094122,0.1304364958244261,mistral-7b-inst
uniform_025,uniform,uniform,uniform,328,30.611446278001456,248109.87816096892,249838.85988636024,221798.3266640273,226018.69947536636,253836.197045169,182242.81734542616,178928.5894298995,165031.0453613019,150560.91255502705,141228.56999301666,106881.30816795226,8907931.966879224,34749.80094144176,448535.04338838684,2136159.085198732,0.05035232027546851,mistral-7b-inst
uniform_026,uniform,uniform,uniform,392,14.102354950806255,325608.94365214015,312320.6658915759,291656.8833570769,252329.7552065776,246148.5455049638,222680.2273997339,225347.02478624493,209708.179577687,195348.3555616519,216365.0317779165,109243.91187422365,12801514.71162657,38379.750868117655,1676034.533082921,1244323.418312652,0.13092470468051065,mistral-7b-inst
uniform_027,uniform,uniform,uniform,1228,6.9830785182517054,311238.0996778878,220700.8606916575,219499.91908348646,224009.65765621467,207226.4551095776,162674.07989503533,206303.39893269184,199856.9506475935,177426.11075784604,176198.2533170656,135039.8463608222,14662057.700257968,29791.989287994336,2678821.5661304574,-2278909.7650263268,0.18270433938364092,mistral-7b-inst
uniform_028,uniform,uniform,uniform,348,6.891343518154303,360639.78751146956,248602.64836292397,232385.00828773063,215722.04553034712,234934.8432846718,230319.3774311787,223565.63469439175,202652.10750805147,210855.5480117175,198670.8594766201,161968.92803484946,17769647.877858683,32716.363831181392,3357595.319511418,1901293.1906393406,0.18895114537947852,mistral-7b-inst
uniform_029,uniform,uniform,uniform,288,15.084723607065278,271147.0754996424,240357.08539622847,232154.58192259597,209396.34591090961,214761.14714258132,201749.42701054786,194767.82595814203,154571.6000035182,168672.50703880528,158060.65440534352,113086.42109429889,11041941.85380642,32481.083170001355,1378312.3330671052,3001455.2657862375,0.12482517579930637,mistral-7b-inst
