subject_id,log_slope_local_mean,log_slope_local_std,auc_log_k_mean,auc_log_k_std,auc_linear_k_mean,auc_linear_k_std,mean_gain_128_mean,mean_gain_128_std,age_months_min,age_months_max,study_year_count
1001,0.4242258722992562,0.03507674331603972,4.249973727226016,0.5349390843587852,188.18951541808664,19.13392860987192,1.7422760757387328,0.16345673682278183,107,107,3
1002,0.44194374915051154,0.023810496747714033,4.09882371907682,0.40635943912612,186.77884957023684,14.518003372813961,1.7658298419688336,0.11024369951566965,89,89,3
1003,0.38985856992314843,0.032899677831628546,3.891043387166246,0.4688043133664126,172.86393245481034,18.44370032237274,1.6189605203687503,0.16397348885014265,82,82,3
1004,0.4156840218876601,0.046941116776823985,4.57387684821784,0.13992057754703643,196.6612820527566,9.099237132124715,1.8291793121766016,0.14580481078937782,78,78,3
1005,0.41504739867019963,0.041378756032835445,4.024627254314004,0.432337030752186,180.59525239443587,18.191445505093355,1.6655399892919807,0.18769833347633014,83,83,3
1006,0.4568709823296131,0.014892334662078734,4.502949655712289,0.07689521400592207,200.4480032081726,2.515079276558998,1.844652489500661,0.018468632946844254,97,97,3
1008,0.4490197171333408,0.02761297923928667,4.405986984795004,0.09612077856133444,196.41883911829322,4.756009306175864,1.8570532359303005,0.12422293277126592,94,94,3
1009,0.5557608979980536,0.015733308967746905,5.1137189353834644,0.49114797232544083,233.24893437624777,16.510354670074637,2.2074161449267016,0.04151419605547586,94,94,3
1010,0.3989551737546277,0.006763909633177636,3.894693544489973,0.1889965748424365,174.34799451627717,4.635759525117425,1.5826735170297725,0.02484111050080173,99,99,3
1011,0.4173457827121427,0.05862021642693433,4.560204023465989,0.14979159788041804,196.27524148943607,8.518300289277867,1.8270123926221686,0.111926384712877,71,71,3
1012,0.400343188178731,0.051593088984688874,4.0972556531243685,0.3260446784312225,180.37832471433504,17.08863585934898,1.6765244450940882,0.17172798479607218,94,94,3
1013,0.35746529088075035,0.010712371516744857,4.132810986106897,0.38661497615630946,174.66229488514765,13.30129878266605,1.539921906302052,0.09462986970372289,62,62,3
1014,0.40348942870681975,0.023864863674251995,4.091839479030889,0.5772339375211101,180.31454473056138,20.278360557360298,1.6462338340538805,0.14526835357822104,76,76,3
1015,0.46585203761730964,0.03582784944235464,4.498426890026426,0.12474384302896138,201.88503589841628,2.036704230789203,1.8577414186891688,0.06471126183084155,102,102,3
1016,0.43546036438712027,0.04858633629353715,4.548838811635979,0.5010469384375438,198.70309239253803,15.667914865883068,1.7894979315098898,0.12750649871103417,85,85,3
1017,0.39852582519613144,0.06463435359511899,4.332949165103942,0.8321431030419366,187.14621271526303,32.21353197267285,1.6775641882932313,0.31374099442356984,64,64,3
1018,0.46629535762414265,0.052614626635521924,4.760825044388067,0.4971791466320735,209.93179760950227,22.215230646410614,1.8780007427017538,0.12345711740264016,82,82,2
1020,0.3707449463968902,0.012191091704827172,3.866544622285953,0.16296159239696648,169.11382694855652,5.868063201441888,1.5392956127402604,0.06331811227412998,65,65,3
1021,0.3865122614440059,0.03783374540448991,4.025214955249424,0.19527853486195146,176.20905001791573,10.340200138655558,1.6481254868449702,0.08699573157005805,94,94,3
1022,0.42529512786437174,0.034247010927534315,4.3301606917403594,0.06326491907401567,190.4620755963749,6.495584361231357,1.7653732322396773,0.1270159174686121,106,106,3
1023,0.4135368114477101,0.0044064721313976,4.754274042716496,1.3270329041540385,201.8338099740846,39.449590713610036,1.801486157970403,0.2875684789894828,76,76,3
1024,0.3950021801197449,0.04481741258458534,4.124909504886341,0.20015373635235384,180.25367996430683,4.765469397393136,1.704952240855463,0.08833869964374233,82,82,3
1025,0.39376196923440115,0.020146368186967602,4.348506286076468,0.18879702987576674,186.4415984228093,6.060334474321473,1.6985200853757962,0.11208113188213897,75,75,3
1026,0.3874472492431524,0.03424961109727363,4.240892585373341,0.10319054893863153,182.61119223778607,6.682925960663875,1.6755056083042135,0.08327767071613652,89,89,3
1027,0.43232736065965943,0.04982827960691702,4.382259303106362,0.5995884762255608,193.5202382621586,23.947409255819956,1.7940151319708877,0.21879932033927105,91,91,3
1028,0.43114059941584576,0.06010086049320256,4.416240465075974,0.4785661960911962,194.31941580521644,19.82087865839914,1.8352867958366232,0.26279940929290957,67,67,3
1030,0.46846061298897324,0.04857674540532255,4.483559378375591,0.282901973492594,201.6348613041383,9.262444733645967,1.8704055905422214,0.11905858289248437,89,89,3
1031,0.5053209926528578,0.016889089527255062,4.686682710627328,0.44410238826500426,213.46435187269518,13.948255875263774,2.016768578015348,0.076608290072104,90,90,3
1032,0.45224586779203896,0.07428186975558063,4.56458794752833,0.4304829014053091,201.59135581104343,23.245041610019854,1.8559260836852494,0.17424693182382853,64,64,3
1034,0.4770639567982357,0.09266839335697229,4.349348296934455,0.45155394606538,199.2748072756875,26.602813296119223,1.9630338732914254,0.4589857409480858,93,93,3
1035,0.3916968763676972,0.03826265626721384,4.048106217030699,0.46299536902023225,177.58391741491775,8.242044197493744,1.6438481132269545,0.04836339653390307,79,79,3
1036,0.44758785584114924,0.04339483510653532,4.049818531913469,0.550828809293464,185.8798569134166,17.164269901325262,1.7588675063944634,0.13811427385240227,66,66,3
1037,0.34724661660835715,0.026519338241711717,3.801950003113299,0.37548662235146596,163.50146781193314,14.318986319857897,1.4699873355928288,0.12421198779781867,63,63,3
1038,0.41077913812243744,0.018778378850200946,4.318597672186962,0.3591024042675198,188.4878014295332,11.348393769738019,1.7573645700690566,0.07474596972935839,85,85,3
1039,0.3855145975370739,0.0078196021894269,4.113236573380359,0.22385613159485165,178.60733208575394,5.848346769428958,1.6153312679580463,0.013389563961988265,82,82,3
1040,0.4875005162904961,0.02225832395277464,4.838189398679375,0.2501209316974346,215.2590629130602,4.214020366708769,2.0486875772476196,0.09668713561772133,91,91,3
1041,0.3867853277204964,0.03728564844590448,4.1503953682288985,0.2668675021970682,179.45750555152532,11.81746790984862,1.6193190341354697,0.15560699429389463,80,80,3
1042,0.39315265779941094,0.03136062941873718,4.2920766278597045,0.22306555087538785,184.89086825895697,2.307285590692025,1.6739000113420588,0.014653992937683175,75,75,3
1044,0.42223198688215874,0.03015065455162662,4.531730253796874,0.5056570599596952,196.37304540047,17.51393899439452,1.7475923020192372,0.13878397251060093,90,90,3
1045,0.3968537895335045,0.019616218558535202,4.265028825774611,0.16447971904842684,184.57811862810323,6.079927780179244,1.694066283218963,0.08589340971006588,72,72,3
1047,0.4547194234148439,0.028547157948937484,4.67342009503783,0.20598589426830063,205.22872886533938,8.518450373111287,1.882267827500579,0.02936153021225745,71,71,3
1048,0.4203762447144208,0.08203441346774816,4.332007439742172,0.213530801225892,190.4181003708993,18.81731410750904,1.737819027548195,0.24333839088934384,85,85,3
1053,0.39873204706203325,0.03669324547454106,4.286627171770734,0.3754643816409971,185.53581432781073,16.046311366288037,1.6878071624585378,0.17267842493283603,65,65,3
1054,0.45354618499511395,0.05608783970677018,4.4759335861470495,0.2894917772429933,198.92348828054563,15.326009629977122,1.849604178011738,0.13357661225367173,89,89,3
1055,0.41206895426729634,0.04405563056125914,4.312864706667795,0.2821417001120911,188.79137605999108,14.632669685820504,1.7626703685329808,0.19346004767167835,64,64,3
1056,0.48199353818261464,0.09252970937051426,4.463593139681352,0.9517383766858024,203.4061769338385,40.92882824439597,1.9589681238576933,0.3703720031554693,97,97,3
1057,0.40463739965374385,0.03963675788613584,4.217551912004125,0.20297152181677372,184.30800844571925,11.755438219886962,1.6941783783897277,0.12142656471178687,67,67,3
1058,0.388617832470253,0.020263417122026454,4.298647518455837,0.18603977419862572,184.60773064318286,2.362738326095214,1.7058191582079856,0.02823673787536267,86,86,3
1059,0.4261410230897074,0.03287108417963871,4.414169781591334,0.376507262416537,193.15443908764468,11.000551749701408,1.7560270251285646,0.08372618291513617,104,132,4
1060,0.4395790382011089,0.03563929993176472,4.553980078600473,0.39898117181840215,199.36306519508358,16.95850273807566,1.7797418534755707,0.16220860950532975,90,90,3
1061,0.4050951255427436,0.0698454647579744,4.079303347164653,0.37091126790056667,181.0310026312387,12.288847210243022,1.6433013275105466,0.17251756915304425,68,68,3
1064,0.4122129976939815,0.030896372520036512,4.125124023237772,0.35076569850979156,182.4893154051355,15.245074040011458,1.6983077044769,0.14140062305627593,80,80,3
1065,0.3937248100793522,0.03171606464430191,4.5401554399712385,0.25126969803131055,192.37143758147636,2.998244050349666,1.7804380268178963,0.00797610398243295,76,76,3
1067,0.4352429409337633,0.029434810519455856,4.646321708382278,0.1867767022460717,201.31492423197275,2.5947636996045786,1.8495955482726136,0.02407846427718028,98,98,3
1068,0.4337625450665082,0.0706979209819002,4.1695428809314015,0.571284197089048,187.45495020151142,27.556291888667758,1.7596446295579276,0.2768158833441599,78,78,3
1072,0.42508071441041223,0.05254293879109221,4.227898287362738,0.11482351471828817,187.94857765557944,11.692002067657468,1.7666300489176665,0.18113087308121126,74,74,3
1073,0.40261899295834974,0.052938527586434886,3.8184012270133896,0.6418698824421887,172.23935033606904,26.81321902482216,1.6223652166704978,0.21146383623451318,70,70,3
1075,0.35071480881618283,0.03986627374278568,3.795176809311148,0.18884229585143897,164.15257272403088,11.14987084201077,1.4955614506557424,0.1259339552176632,88,88,3
1076,0.37457721611606964,0.052172565057843234,3.9237549566218966,0.3959981180572766,171.13647254337707,19.294112312999154,1.548511706308652,0.19070593451405143,87,87,3
1078,0.4595846932309547,0.031538960535717545,4.193312525712217,0.25514684226885376,192.506176177917,6.836561526894356,1.876492154021417,0.10898466633482737,88,88,3
1080,0.36701000843793846,0.04608061911392506,3.8471471313180374,0.5067372625990009,167.67077730512747,21.722798702522745,1.5429851026704877,0.17276811036140646,81,81,3
1083,0.3914725382740249,0.006478921325007695,3.857332150934514,0.3254013797312352,172.09396176181176,8.889894689657057,1.566102678384832,0.022754640265618048,71,71,3
1084,0.4217550403464681,0.011032439245236796,4.271625756247322,0.14838610617133835,188.8127727479704,4.485336765633416,1.7374439796132428,0.07225708887228402,81,81,3
1086,0.3772875254871651,0.016326170669954343,4.2494484633478935,0.20564949107689,180.8744771286364,6.948426836243011,1.5881477152147603,0.01695998787549657,87,87,3
1087,0.43817940036226516,0.07224003862925511,4.803757760299757,0.3055211243426478,207.18406013519532,18.368550338464452,1.870993225677039,0.1894017015373084,93,93,3
1091,0.4695036879630197,0.02893867747714644,4.110385961413088,0.4425128600129551,190.90614054046011,16.56351744050942,1.8055232269629355,0.08733584175774815,98,98,3
1092,0.4360977016548773,0.04744350404305474,4.125038429277885,0.25326593108183937,186.3387059932114,13.589624771299503,1.7438535917189817,0.18695719904504624,74,74,3
1094,0.4593731127426241,0.05408924324643275,4.388593554418322,0.5191918045727008,197.6482029918982,23.423244355614163,1.8267994980978708,0.2386694119185576,84,84,3
1097,0.3254343864885442,0.05350385117158117,3.5447989538606035,0.6983933564911142,152.65892944130846,28.35457972389178,1.4227097358754888,0.19806837047122763,65,65,3
1098,0.3871898213495049,0.054128285232760996,3.8824067404798916,0.870287665166923,172.00879742719474,33.37879283306762,1.5509614837426013,0.2850856002724313,92,92,3
1099,0.4213709347768561,0.021985694536438075,4.040924858595752,0.08864496654217881,181.78541866874184,5.782808542016518,1.7103605771577486,0.10406133206382381,97,97,3
2001,0.38038331707762313,0.00467254588993972,4.598607854014435,0.029214079076769664,191.9726008938686,0.771951457734422,1.6865634697819911,0.05999084564974353,66,66,2
2003,0.47437383737640815,0.014894186937153891,4.799228297171567,0.18096277945664446,212.2545877232547,2.8791799734505603,1.9196501149285226,0.05857315173249954,65,65,2
2004,0.3195531702034192,0.011816418124776382,3.3102188474478953,0.21128126690332089,145.022880522354,7.854728028856469,1.3160612832153995,0.05267586747918882,73,73,2
2007,0.4409474688083016,0.027306637877866205,4.4694060912557205,0.08640145356355,197.39942097935466,1.327605188200412,1.7838334303709766,0.014846216375398841,72,72,2
2008,0.4825078929924017,0.07538367724027492,4.607624427471839,0.1890112165126019,207.6811329294597,16.523742467790353,1.8844022145074222,0.1441203656222856,66,66,2
2009,0.4254364011766437,0.05772525860368707,4.032410945534872,0.06312665559735338,181.98513970451967,6.181565450233416,1.7078115505556908,0.08411722463217614,68,68,2
2010,0.4107204451176649,0.055775646650719476,4.220538960302841,0.6949243682206719,185.34162097602126,28.55113156839684,1.6925663054950777,0.2804987931264614,70,70,2
2014,0.37973124512525314,0.040301842756723445,4.280424252419681,0.28318969962095586,182.29180528858018,14.100185530984447,1.6151647737910673,0.17626156441391264,68,68,2
2018,0.35139686876578724,0.10651681266439622,4.601337579768861,0.9125125336997909,187.65893888773937,43.1540705594947,1.6372261901776635,0.3684235492677254,74,74,2
2020,0.4553114845302526,0.05014443459899171,3.8727121608747375,1.2397225685287907,181.84128386349448,43.94900655277203,1.7401347218982635,0.35034525473895795,75,75,2
2029,0.36480474012823627,0.0614310399713988,3.90420267470611,0.5814163804265884,169.42184042969058,26.70819301520848,1.5683937987973615,0.1769017697404469,74,74,2
