doc_id,age_months,age_group,n_tokens,t_star,t_star_frac,I_512_star,baseline_512,top_share_512,n_eff_512,gini_512,n_positive_512,n_windows_512,ppl_full_512,top_share_256,n_eff_256,n_windows_256
ECSC_4051_1_120M_4051_YR1,120,10+yr,765,688,0.8993464052287582,9.968851657946672,14.781520597961995,0.16968413407944938,22.168122326265216,0.4197860956753121,31,31,7.802924689274712,0.32272520558193635,8.948619787114483,15
ECSC_4040_1_122F_4040_YR1,122,10+yr,660,576,0.8727272727272727,13.953881885841906,9.11842728459941,0.5979952370211935,2.6874397058248287,0.9312114397920911,6,31,15.306945016577142,0.5200519616160401,1.9983918907963318,15
ECSC_4041_1_122F_4041_YR1,122,10+yr,593,518,0.8735244519392917,32.753082755830555,18.686561899814357,0.9686699999159587,1.174741418007936,0.9647254471887421,3,31,43.25326097086721,0.28109878783320913,6.960175620146917,15
ECSC_4053_1_129M_4053_YR1,129,10+yr,579,521,0.8998272884283247,16.828339892475594,16.50303696203664,0.31158362868880224,16.32659130400689,0.5370767008768877,31,31,15.351037733189859,0.49270497114168615,6.917279318102942,15
ECSC_4046_1_132F_4046_YR1,132,10+yr,655,536,0.8183206106870229,23.66416630378619,14.345040712074578,0.36574014934875776,10.064790073967961,0.7210137958350097,28,31,25.128465146059952,0.48727534970710273,4.740285774921266,15
ECSC_2025_1_135M_2025_YR1,135,10+yr,850,738,0.8682352941176471,46.3512634715287,24.566608129325086,0.0974691360420836,25.382055834187852,0.34397433134708044,31,31,21.204912283781645,0.23330146949004024,11.204923125056725,15
ECSC_4028_1_136F_4028_YR1,136,10+yr,734,660,0.8991825613079019,7.018806220336659,5.0489920802093735,0.14983942109753895,17.364391348510715,0.568516207775782,26,31,8.908663576173156,0.49409212363918026,6.689650526997898,15
ECSC_2019_1_68F_2019_YR1,68,4-6yr,686,617,0.8994169096209913,15.641899312052058,8.158111808047105,0.18450694161263193,10.967844477129503,0.730579907878104,17,31,20.623898484106338,0.3170656197463777,7.845567197871277,15
ECSC_2015_1_69F_2015_YR1,69,4-6yr,614,520,0.8469055374592834,18.32521615927709,9.893508616219403,0.28742185640770135,9.281318403372921,0.7654800205624622,17,31,15.588371225868139,0.2567413650062743,10.58770259194268,15
ECSC_1047_3_71F_1047_YR3,71,4-6yr,600,525,0.875,5.167641659990694,4.308468756859229,0.16641920997177959,23.454642373181095,0.38016197601764273,31,31,6.096383528214047,0.27903861818085246,11.362135748732674,15
ECSC_1083_3_71M_1083_YR3,71,4-6yr,612,534,0.8725490196078431,7.369242238997124,9.343878451111475,0.22605924165829458,11.517363179583024,0.7134802495649004,21,31,10.318356707414985,0.31524132275162203,6.064528651395306,15
ECSC_2007_2_72M_2007_YR2,72,6-8yr,730,657,0.9,1.4354327573504087,4.46512183864946,0.14726477309914476,20.643856315230725,0.46320481633220717,28,31,8.797226666747227,0.424225202380776,5.101311918724824,15
ECSC_1092_2_74F_1092_YR2,74,6-8yr,676,552,0.8165680473372781,4.796837495556664,7.667877803629776,0.22232734776469473,10.189146192376404,0.7434283021834336,14,31,10.85701060584445,0.2737355055881277,6.854784598344064,15
ECSC_1042_2_75F_1042_YR2,75,6-8yr,591,531,0.8984771573604061,21.85104391504284,12.884524430563562,0.18642619155611756,16.76575800786372,0.5734985224377365,24,31,15.537615344223983,0.32542300665640655,6.448986571884028,15
ECSC_4003_1_75M_4003_YR1,75,6-8yr,766,689,0.8994778067885117,11.296989717440834,17.49418598348126,0.21160011636103018,23.148008877792996,0.33602866137008125,31,31,16.37961744025785,0.2104817854492536,12.053875478437277,15
ECSC_1014_2_76F_1014_YR2,76,6-8yr,735,661,0.8993197278911564,6.715296639685281,10.729769402337638,0.1317248275783711,18.116336317145773,0.5540426686971613,27,31,13.462363761955299,0.3928258191872587,5.107536688622302,15
ECSC_1014_3_76F_1014_YR3,76,6-8yr,706,635,0.8994334277620396,6.224786349940128,4.010162726440656,0.1715428651080622,16.928700760583155,0.5735870084495446,28,31,6.670023642196291,0.34388763867754296,8.46254974711602,15
ECSC_3005_1_77M_3005_YR1,77,6-8yr,589,515,0.8743633276740238,31.806824053014875,34.21740865560306,0.16278898494732655,21.568280955983656,0.4509866085584213,31,31,26.11556190792967,0.23753763564176153,11.341571952528161,15
ECSC_1004_1_78F_1004_YR1,78,6-8yr,630,517,0.8206349206349206,17.689156530265024,5.674632030575954,0.20199679845895765,18.05987240116675,0.5398821248954312,28,31,7.3370456133350235,0.20151604523624742,11.178384393473715,15
ECSC_1068_3_78M_1068_YR3,78,6-8yr,582,523,0.8986254295532646,3.854388529720481,4.890259708777834,0.31402155284465993,10.205060347530484,0.7389720623715265,26,31,13.794225597660365,0.27845683825196127,9.621144208843,15
ECSC_1003_2_82F_1003_YR2,82,6-8yr,633,569,0.8988941548183255,4.302926863446823,4.0889101862563555,0.1299277855080143,23.965862234781397,0.36454830849340275,31,31,13.041640019503104,0.24526214029384671,11.1634445039691,15
ECSC_1024_1_82F_1024_YR1,82,6-8yr,693,623,0.898989898989899,12.408192308872014,13.557459549603356,0.692222592532839,2.9941562179339853,0.9195399897262074,7,31,12.384116093026918,0.4600806300169512,5.164126010342139,15
ECSC_1024_2_82F_1024_YR2,82,6-8yr,861,746,0.8664343786295006,22.588419817779908,9.877458162022574,0.3853877128413003,7.337964634028247,0.8078328500232916,16,31,33.248184038947336,0.29136166972537636,5.207532652413504,15
ECSC_1039_2_82F_1039_YR2,82,6-8yr,672,604,0.8988095238095238,4.935657140171366,8.911694918509172,0.09362271535748576,23.078642047588115,0.40944265770435023,28,31,5.939400428351251,0.212654381376523,11.694887261931143,15
ECSC_1039_3_82F_1039_YR3,82,6-8yr,695,547,0.7870503597122303,7.256482925251511,4.220616119675063,0.3073094439245657,7.691221792513437,0.8043933687722333,25,31,11.31461694246347,0.21584242976621926,10.264804187831192,15
ECSC_1016_3_85M_1016_YR3,85,6-8yr,584,525,0.898972602739726,7.6085629291673875,7.8199856486566075,0.21313307031566514,14.401388136922447,0.6397022947885244,23,31,11.888887385490094,0.3072501206515141,7.214367853190006,15
ECSC_1058_2_86F_1058_YR2,86,6-8yr,802,721,0.899002493765586,8.185895763631637,6.148176069501571,0.522477957442515,5.56825485154047,0.8519963846754802,21,31,10.720840380171405,0.3162807892795125,9.035027295730323,15
ECSC_1058_3_86F_1058_YR3,86,6-8yr,1247,1122,0.8997594226142742,17.37241922899163,14.561645452122761,0.4803350329590486,5.24142517465069,0.8670460227344446,12,31,10.57221588588292,0.412420702368913,6.019886120738687,15
ECSC_1078_3_88M_1078_YR3,88,6-8yr,607,515,0.8484349258649094,19.30431602219842,10.177011407657178,0.07091627636794494,24.52641233730382,0.373062680821553,31,31,15.17104041786642,0.19083813902610675,12.798987549782787,15
ECSC_1002_2_89F_1002_YR2,89,6-8yr,615,537,0.8731707317073171,10.347506928154603,8.41428920406965,0.23739557668904582,14.094199256153207,0.6369772249134454,22,31,14.095779027510305,0.17304606724289795,13.137409456110218,15
ECSC_1030_2_89F_1030_YR2,89,6-8yr,603,526,0.8723051409618574,12.335807197977568,9.858808129699003,0.45468651041954866,6.4679519790742885,0.8257172810221892,19,31,9.281481982639365,0.41441357592203854,7.201500961696681,15
ECSC_1044_1_90F_1044_YR1,90,6-8yr,695,547,0.7870503597122303,45.210392119031184,23.98757868572776,0.24421180700765321,17.588956283261425,0.5304278635666698,29,31,14.742332627264194,0.17831842411103513,10.56057963023544,15
ECSC_1044_2_90F_1044_YR2,90,6-8yr,814,732,0.8992628992628993,4.778011417766951,7.6827759115577665,0.15052672926188707,20.62380075330865,0.4667959209912872,27,31,16.42303507591938,0.2659387369490866,9.161228848187422,15
ECSC_1060_2_90M_1060_YR2,90,6-8yr,677,609,0.8995568685376661,0.6376011073957208,8.151067694751744,0.5271244714597167,4.175651363564934,0.8960889809005032,10,31,12.228911701170903,0.735936143874085,2.2694343812230557,15
ECSC_1040_1_91F_1040_YR1,91,6-8yr,743,602,0.8102288021534321,7.795155515005721,11.576849188265246,0.5997963726691707,3.0458429573604886,0.9230740687730253,6,31,9.331707408040852,0.6723198134845146,2.7762788395895344,15
ECSC_1034_2_93F_1034_YR2,93,6-8yr,812,580,0.7142857142857143,19.030031555599106,16.13843346060709,0.28651493347803353,7.5027686166914584,0.8147769706277849,13,31,24.099851755631118,0.701279859376399,1.840019145390278,15
ECSC_1008_1_94F_1008_YR1,94,6-8yr,656,590,0.899390243902439,8.276077422305642,4.619646736742593,0.13316562138760715,26.102864511039435,0.2858616086234602,31,31,5.346362099363745,0.36014504925259855,8.08383603039309,15
ECSC_1008_2_94F_1008_YR2,94,6-8yr,608,547,0.899671052631579,7.266645649661996,9.370986056526684,0.35231739760731323,6.276221488452873,0.8419192274504143,10,31,8.414759745710034,0.22581474414150468,6.018923232457505,15
ECSC_1008_3_94F_1008_YR3,94,6-8yr,752,676,0.898936170212766,9.736686349434333,10.767122768658883,0.13271368172725378,26.161251051585168,0.28399343527511933,31,31,5.640363331876991,0.46964589163406784,6.911334576747897,15
ECSC_1009_1_94F_1009_YR1,94,6-8yr,698,530,0.7593123209169055,5.068964506787329,4.30244213644662,0.1033302706609389,25.246620954052545,0.3426709543598241,31,31,5.562354358573352,0.23467675686069006,9.237746495216443,15
ECSC_1009_2_94F_1009_YR2,94,6-8yr,1511,1359,0.899404367968233,15.721720287303329,10.951359212521938,0.14418480810323822,26.012691630556688,0.288192841646095,31,31,9.436121444659639,0.1973236310529959,11.992143557128648,15
ECSC_1009_3_94F_1009_YR3,94,6-8yr,764,687,0.8992146596858639,12.372466687040443,11.865790790500949,0.13388866611219322,22.391698846389975,0.42929650867567565,31,31,7.213082176315148,0.36475244424386233,7.267066877625801,15
ECSC_1021_1_94F_1021_YR1,94,6-8yr,966,869,0.8995859213250518,6.4589122783523205,7.3934424679310995,0.3255566004506981,5.193019660440566,0.8614639205402739,6,31,9.53326395448944,0.43761486145426437,4.641691133697079,15
ECSC_1021_2_94F_1021_YR2,94,6-8yr,1403,1262,0.8995010691375623,23.30244875472848,11.89440111691553,0.21647407147961573,15.46265769510557,0.6105624064764457,24,31,12.546056903840634,0.1494966026203686,11.149643784687925,15
ECSC_1021_3_94F_1021_YR3,94,6-8yr,990,891,0.9,19.733904600863113,14.840452887510512,0.17522210865925367,13.013158929106478,0.6754425947349796,23,31,13.347722387258964,0.21491380777459504,10.932073820146138,15
ECSC_1015_1_102F_1015_YR1,102,8-10yr,1110,999,0.9,5.034449398425327,9.620525361770701,0.16942903629037367,14.394912128884227,0.6405984413142639,23,31,4.3871199186385805,0.17027985007816054,12.511194023230992,15
ECSC_1015_2_102F_1015_YR2,102,8-10yr,1161,1044,0.8992248062015504,5.59930352074168,13.965958747314897,0.5784320477312944,4.8024108578159765,0.8686061979886052,13,31,9.128936087313306,0.4962984514574558,4.467659213814611,15
ECSC_1015_3_102F_1015_YR3,102,8-10yr,774,696,0.8992248062015504,5.258628650753025,8.163131278691898,0.12345641424229951,25.876111391977954,0.2954757113506279,30,31,10.544224827050948,0.4857919784167737,4.844426809983541,15
ECSC_1059_1_104F_1059_YR1,104,8-10yr,722,649,0.8988919667590027,12.019822125252267,6.113842297567329,0.09982740415467076,27.222135803617977,0.2775563463969646,31,31,9.239792673992733,0.12257525637896842,12.506394795123832,15
ECSC_4015_1_104F_4015_YR1,104,8-10yr,805,724,0.8993788819875776,1.8966085494278762,6.72944326979314,0.5511825092227564,4.419788957813921,0.8863379289418211,10,31,4.868896186124895,0.4715643080652773,5.798604421733722,15
ECSC_1022_1_106M_1022_YR1,106,8-10yr,661,576,0.8714069591527988,3.3665373367681752,10.691253418790996,0.13211298782098385,25.038983620237804,0.3309599866248952,31,31,10.330979248107091,0.2767722695735383,11.064417506191996,15
ECSC_4007_1_107M_4007_YR1,107,8-10yr,602,541,0.8986710963455149,2.94867060298679,4.279848482363188,0.2905316178389556,15.329775470222932,0.5790525821993463,29,31,7.761936841537779,0.32821135014290886,7.235506416179073,15
ECSC_4062_1_96F_4062_YR1,96,8-10yr,683,576,0.8433382137628112,7.206463615087236,5.55899443211654,0.2828461031707611,16.1084157180609,0.5524020772958408,31,31,10.873938593399624,0.16516431963021724,12.552304690991328,15
ECSC_1006_2_97F_1006_YR2,97,8-10yr,656,590,0.899390243902439,5.163795644753531,5.810245742967752,0.16731344731777936,22.928775602638073,0.3820455862918491,31,31,9.354181019463773,0.13063018400801477,13.772743159481072,15
ECSC_1099_1_97F_1099_YR1,97,8-10yr,848,736,0.8679245283018868,9.854029551244942,19.850789026892045,0.18636584431399125,17.03930610921071,0.5806538845348873,29,31,6.6108085111393065,0.16860350405853325,12.039381511336613,15
ECSC_1099_2_97F_1099_YR2,97,8-10yr,872,784,0.8990825688073395,7.652549866007334,9.211078900155908,0.11931926859143326,19.062567651202297,0.5288008580236412,27,31,8.944691148153659,0.14986680802270963,11.298492194786677,15
ECSC_1099_3_97F_1099_YR3,97,8-10yr,819,559,0.6825396825396826,5.80797934756859,9.83804809216485,0.7011326181680154,3.430929151207778,0.8944124009836116,15,31,19.110747442835635,0.4936302328695157,5.980460344648166,15
ECSC_1056_1_97M_1056_YR1,97,8-10yr,767,530,0.6910039113428944,5.909032752561732,10.437654220974133,0.14360598514860093,24.949963781218884,0.32908409730325616,30,31,11.412990170419967,0.2391696267490845,10.115618190449156,15
ECSC_4042_1_98F_4042_YR1,98,8-10yr,745,561,0.7530201342281879,5.265100440147697,9.931703145720153,0.2931881028166388,13.644159125077802,0.6052243331905959,31,31,5.706891457142794,0.3100246529811706,7.632569912797856,15
ECSC_1091_1_98M_1091_YR1,98,8-10yr,1213,1091,0.8994229183841714,20.007740503047632,17.20962905572017,0.38345960400881196,6.601977569848013,0.8383913639853331,14,31,21.927028184916747,0.29409201781900673,6.444284213307602,15
ECSC_1091_2_98M_1091_YR2,98,8-10yr,598,538,0.8996655518394648,11.303414027057869,17.654198618076776,0.08127037945754906,27.550937267085462,0.27013406548570096,31,31,18.21495934474936,0.4053103372946638,6.3094292302636426,15
ECSC_1010_1_99M_1010_YR1,99,8-10yr,839,755,0.899880810488677,10.040826427101036,15.782221258909633,0.3641327590719472,7.81247349484016,0.8021888253562436,13,31,10.794104983428754,0.26129440099088497,10.305484552285902,15
ECSC_1010_3_99M_1010_YR3,99,8-10yr,606,529,0.8729372937293729,5.824272576562363,7.458803221233173,0.29137080704594076,10.018896366310791,0.7483931397657839,20,31,10.506705897540856,0.32735687848731226,6.864579687770698,15
ECSC_3003_1_108F_3003_YR1,108,8-10yr,775,580,0.7483870967741936,21.689606306759543,10.35948125720332,0.31902247332959316,5.751268632925623,0.8519616150264019,12,31,14.696600397278957,0.4301944898306513,3.6753897375794735,15
ECSC_2023_1_111M_2023_YR1,111,8-10yr,574,516,0.8989547038327527,11.783529920843357,9.341355362512887,0.09132175011104414,25.994535946195985,0.32117848442297964,31,31,16.223275771053864,0.1375001811358075,13.22470115875551,15
ECSC_4044_1_113M_4044_YR1,113,8-10yr,735,661,0.8993197278911564,8.816998086236666,13.176912454980188,0.578350203257572,6.873025298990756,0.7531391570674624,28,31,15.141306586467174,0.5816867582803992,5.131654929165831,15
ECSC_4060_1_115F_4060_YR1,115,8-10yr,616,554,0.8993506493506493,7.623027161730095,4.987538098117991,0.3643447099500198,7.763600887057832,0.7925386364138767,21,31,5.587732239016464,0.2574582100131944,8.21889003000892,15
